id,TmStamp,H,u,u_e,u_n
series_1,2023-08-04 00:00:00,3.56627308,7.506163889669837,-1.3789673327956775,7.3784107661247615
series_1,2023-08-04 01:00:00,3.281496168,8.390926550658692,-1.1342685475328298,8.313909022874062
series_1,2023-08-04 02:00:00,3.633858384,8.221771610702442,-0.7013239987049404,8.191805238614572
series_1,2023-08-04 03:00:00,3.750328204,8.770738989987334,-0.14739068618096818,8.769500465597295
series_1,2023-08-04 04:00:00,4.109580184,8.63259571547789,-0.5072812730805685,8.617678022348537
series_1,2023-08-04 05:00:00,4.57513138,8.11352452063599,-1.4761537019985278,7.978110703358127
series_1,2023-08-04 06:00:00,4.8927166920000005,7.354228783492753,-1.325304639003026,7.233826692269477
series_1,2023-08-04 07:00:00,5.179790192,7.551232305642275,-2.3664173869133784,7.170856161204854
series_1,2023-08-04 08:00:00,5.063648456,7.701473476963164,-3.0257196727351157,7.082211108007922
series_1,2023-08-04 09:00:00,4.612204872,7.352886128210612,-3.0839216861280563,6.674905351258633
series_1,2023-08-04 10:00:00,4.298884652,7.596112924495186,-2.7976564549460985,7.0621561807836875
series_1,2023-08-04 11:00:00,4.378937148,7.1379710045765234,-2.4866413327878223,6.690832903626153
series_1,2023-08-04 12:00:00,4.257217984,7.230832234054609,-3.56354996619754,6.291744307857454
series_1,2023-08-04 13:00:00,4.496063136,7.946823299933288,-4.392536235371349,6.622509039730508
series_1,2023-08-04 14:00:00,4.564632692,8.30171576442905,-3.6256916082888067,7.468121918859783
series_1,2023-08-04 15:00:00,4.368438459999999,9.553137041346542,-4.935491173939912,8.179447059716725
series_1,2023-08-04 16:00:00,4.429462084,9.504033350931223,-5.583723950618638,7.690817692475928
series_1,2023-08-04 17:00:00,4.679790176,8.298045310101115,-3.996949492094513,7.271997712192745
series_1,2023-08-04 18:00:00,4.542651064,6.963729050015097,-3.351343528074194,6.104262350100901
series_1,2023-08-04 19:00:00,4.41437022,6.372073018338285,-5.050275234431976,3.885618947801988
series_1,2023-08-04 20:00:00,4.188320344,5.969594116888259,-4.4611516716815744,3.9666332931895276
series_1,2023-08-04 21:00:00,4.163385959999999,6.242105171360664,-4.938381069639936,3.81788807868296
series_1,2023-08-04 22:00:00,4.177165488,7.543056038107964,-5.606619952270714,5.046137840451542
series_1,2023-08-04 23:00:00,4.329724548000001,8.397847573013532,-6.664691113273703,5.109377283409378
series_1,2023-08-05 00:00:00,4.155840028,6.766338322724957,-4.7459431429237915,4.822795660372834
series_1,2023-08-05 01:00:00,4.145013256,5.831843205294375,-4.6970073734952775,3.45666268306139
series_1,2023-08-05 02:00:00,3.0081482576626084,8.174245760637119,-4.683067791016016,6.699788789211365
series_1,2023-08-05 03:00:00,3.731627416,6.78373550553968,-3.7547222533493185,5.649878601290749
series_1,2023-08-05 04:00:00,3.704724528,5.565480027251336,-2.9728865218768235,4.704945659811243
series_1,2023-08-05 05:00:00,3.452427932,5.861662177217547,5.163289967051787,2.7748009290695275
series_1,2023-08-05 06:00:00,3.872703536,3.94396580818645,-3.92184277487933,0.41715170534302776
series_1,2023-08-05 07:00:00,3.53182426,3.9932983398007385,-2.451028366211561,3.152600764239205
series_1,2023-08-05 08:00:00,3.612861008,3.1927393018087593,-2.212662318524024,2.301675414453171
series_1,2023-08-05 09:00:00,3.468504048,3.2158307040465686,-0.5688024373260129,3.16512731250745
series_1,2023-08-05 10:00:00,3.886811148,4.117477711910182,-2.35724366501782,3.3759480167518086
series_1,2023-08-05 11:00:00,3.759514556,4.599056557707301,-0.8891718871069281,4.512282634783556
series_1,2023-08-05 12:00:00,3.5413386959999995,5.319417301275773,-1.2977286324034638,5.158691774253649
series_1,2023-08-05 13:00:00,3.299868872,8.155790712791038,-1.943542016128886,7.920831180020833
series_1,2023-08-05 14:00:00,3.032808496,3.0416041227603587,-2.909334554874262,0.887202393711486
series_1,2023-08-05 15:00:00,2.933727128,3.103948928139203,-2.134695111946248,2.253347671250334
series_1,2023-08-05 16:00:00,3.102690388,3.974196543208923,-2.822928362802365,2.7973762032554204
series_1,2023-08-05 17:00:00,3.209973856,2.991696916658312,2.562847351584219,1.5433936288648482
series_1,2023-08-05 18:00:00,3.086286188,2.528434488184407,2.521774778043352,0.18339282937112533
series_1,2023-08-05 19:00:00,3.301837376,3.1878930716238885,3.1193169121269593,-0.6576657493182398
series_1,2023-08-05 20:00:00,3.060695636,2.316426507037129,2.2551824459358896,-0.5291350470785823
series_1,2023-08-05 21:00:00,3.208989604,2.5504735982406843,2.501168741480925,0.4990696363850534
series_1,2023-08-05 22:00:00,3.07086624,3.6181834637815813,2.460591255153652,2.652685856381011
series_1,2023-08-05 23:00:00,3.040682512,3.7474563927530724,2.0776276727458747,3.1187966700358056
series_1,2023-08-06 00:00:00,3.092847868,3.4350947645885825,1.9079530749964424,2.856499799635125
series_1,2023-08-06 01:00:00,3.3969817360000003,4.031187110218576,3.3920761911506143,2.178138799760368
series_1,2023-08-06 02:00:00,3.151902988,4.066768058832176,2.8558295123809017,2.8953134960746283
series_1,2023-08-06 03:00:00,3.266404304,4.802995289508922,3.8979856315404735,2.806148921092555
series_1,2023-08-06 04:00:00,3.263779632,5.772175082135533,5.7565507854619185,0.42441516610992375
series_1,2023-08-06 05:00:00,3.294291444,6.6996825837457505,6.69647251005981,0.20737079099861744
series_1,2023-08-06 06:00:00,3.454068352,6.171812812936203,5.419697561046976,-2.9526516463519608
series_1,2023-08-06 07:00:00,3.665354448,5.7074789601951075,3.968072612834153,-4.102403663749506
series_1,2023-08-06 08:00:00,3.475721896,5.591845905432704,4.132267697065769,-3.767373662100863
series_1,2023-08-06 09:00:00,3.3313649360000004,5.421162859352925,4.371910387392884,-3.2055274624051777
series_1,2023-08-06 10:00:00,2.974737628,5.079788098758871,3.993550863178957,-3.139394628187873
series_1,2023-08-06 11:00:00,2.978018468,5.267296319989756,5.027959121566275,-1.5697253245189444
series_1,2023-08-06 12:00:00,3.027887236,5.730464520512014,5.483586455619892,-1.663881968346632
series_1,2023-08-06 13:00:00,2.912401668,5.938342950923151,5.62775485104596,-1.895334360820628
series_1,2023-08-06 14:00:00,2.66732292,5.779679370073437,5.719500441991295,-0.8318703714605151
series_1,2023-08-06 15:00:00,2.533792732,5.893815604576515,5.712160789325759,1.4519922512324088
series_1,2023-08-06 16:00:00,2.398622124,6.414189938043324,6.2777260637470205,1.3160501623599183
series_1,2023-08-06 17:00:00,2.600721868,6.432470530946255,5.935762102606666,2.4785893957552743
series_1,2023-08-06 18:00:00,2.527559136,6.89513310973473,6.472255137196407,2.3775563168923783
series_1,2023-08-06 19:00:00,3.084973852,6.597365644365986,5.552081915884482,3.563652598776867
series_1,2023-08-06 20:00:00,3.27755916,6.42104260878021,5.707211241651015,2.9423677586160513
series_1,2023-08-06 21:00:00,3.139435796,6.696656952795331,5.342194158780314,4.038090627179575
series_1,2023-08-06 22:00:00,3.182086716,7.5619791868904604,6.064563134276927,4.517145471792304
series_1,2023-08-06 23:00:00,3.647309828,7.2236274328146655,5.811378159556829,4.290533437084307
series_1,2023-08-07 00:00:00,3.3585959080000003,7.723244871098777,5.8431022424042816,5.050412609259132
series_1,2023-08-07 01:00:00,3.817585424,7.086366603281129,5.675800190142288,4.242862693710332
series_1,2023-08-07 02:00:00,3.93372716,7.13909963643886,6.444632558126623,3.0713929754650025
series_1,2023-08-07 03:00:00,3.70078752,7.140503424217627,6.212500497511919,3.5201742456415164
series_1,2023-08-07 04:00:00,3.530840008,6.52381085714881,6.180714052854815,2.0877935474312808
series_1,2023-08-07 05:00:00,3.713254712,5.688349031322426,5.6883447744702424,-0.006959087862182911
series_1,2023-08-07 06:00:00,3.2696851440000003,4.333561459275424,4.299249703543878,-0.5442489392688085
series_1,2023-08-07 07:00:00,2.92979012,3.2955147755600556,3.207558598004603,-0.756297214262615
series_1,2023-08-07 08:00:00,3.031168076,2.4189615685939176,2.391315088821369,-0.36467412344392386
series_1,2023-08-07 09:00:00,2.751968592,2.7104847835804535,2.262751160081404,-1.4922080785103122
series_1,2023-08-07 10:00:00,2.517388532,2.8055919486345755,2.496105172254168,-1.280939167677039
series_1,2023-08-07 11:00:00,2.487532888,2.4757129622758214,2.3829867540082583,-0.6712144231180578
series_1,2023-08-07 12:00:00,2.647965964,1.8552819824849942,0.9722778076736224,-1.58010983771345
series_1,2023-08-07 13:00:00,2.452099816,1.6037899366341795,0.6746961317353597,1.454966422523354
series_1,2023-08-07 14:00:00,2.729986964,2.076762394241159,0.5387724921333783,2.0056585561492413
series_1,2023-08-07 15:00:00,2.69685048,2.864463699240742,0.8034962554398913,2.749462866045299
series_1,2023-08-07 16:00:00,2.9609581,1.6516759719458056,0.3701525085604237,1.60966475910655
series_1,2023-08-07 17:00:00,3.2726379000000003,2.5940953478662845,-2.3373408629644543,1.1252414692580786
series_1,2023-08-07 18:00:00,2.913714004,3.4461818612282586,-2.1509187612262575,2.692530019008807
series_1,2023-08-07 19:00:00,2.732283552,4.287133232892909,-1.7303625303301855,3.9224172228619594
series_1,2023-08-07 20:00:00,2.752296676,5.3812696414008325,-1.4018995229159446,5.195453847462249
series_1,2023-08-07 21:00:00,2.619422656,5.177800797229799,-1.459447016225635,4.967860253934649
series_1,2023-08-07 22:00:00,2.622375412,4.285548062503185,-1.7124392886053195,3.9285460260592227
series_1,2023-08-07 23:00:00,2.530839976,3.143145637276887,-1.278417012491543,2.8714133173935315
series_1,2023-08-08 00:00:00,2.462926588,3.07064434522879,-2.0861604824439497,2.2531735699618824
series_1,2023-08-08 01:00:00,2.227362276,3.0024758220059717,-2.2685087254147884,1.9669085450135722
series_1,2023-08-08 02:00:00,2.160105056,3.157689376470043,-2.7731640489756844,1.5101534212590975
series_1,2023-08-08 03:00:00,1.992126048,3.2677381445206484,-2.9615017429808157,1.38116617663366
series_1,2023-08-08 04:00:00,2.055118176,4.529586228303521,-3.6937102038418077,2.621765880026633
series_1,2023-08-08 05:00:00,2.067585368,4.679780259664869,-3.588379952391228,3.003976131067908
series_1,2023-08-08 06:00:00,1.9520998,5.353403375053523,-4.357095157764998,3.1104098575935706
series_1,2023-08-08 07:00:00,1.915354392,6.751053212583622,-5.877104889750854,3.3221013822582597
series_1,2023-08-08 08:00:00,2.168963324,7.579820454557001,-6.147523907945389,4.434143426250504
series_1,2023-08-08 09:00:00,2.216535504,9.308108835029845,-7.449527919878032,5.580808530644852
series_1,2023-08-08 10:00:00,3.107939732,8.969488727783057,-5.306038530094031,7.231713708035248
series_1,2023-08-08 11:00:00,3.483595912,8.312481402825975,-6.01914674589757,5.732993940662975
series_1,2023-08-08 12:00:00,3.861220596,9.348622785498286,-7.557580902649804,5.502701053613643
series_1,2023-08-08 13:00:00,4.089895144,10.234608625440949,-7.856672343420219,6.558956731377797
series_1,2023-08-08 14:00:00,4.933399108,8.491102727545464,-6.431865184975811,5.543458827485427
series_1,2023-08-08 15:00:00,5.229002792,8.069509280521082,-5.956812466142795,5.4436536693310735
series_1,2023-08-08 16:00:00,5.29363534,9.122416151603877,-6.65250638636718,6.242005705090888
series_1,2023-08-08 17:00:00,5.589239024,8.911353065974241,-6.869925224962692,5.675944050981283
series_1,2023-08-08 18:00:00,4.968504096,9.043091583377787,-6.8302199710711715,5.926685459187006
series_1,2023-08-08 19:00:00,4.798884668,9.723003041523258,-8.026766612180685,5.487058036785463
series_1,2023-08-08 20:00:00,5.240157647999999,10.044701164835365,-9.026789023522005,4.406030119695915
series_1,2023-08-08 21:00:00,5.171916176,10.968743442094452,-9.087080332097345,6.143150961558705
series_1,2023-08-08 22:00:00,5.507874192,11.576849255934158,-9.631847778930942,6.422690017284531
series_1,2023-08-08 23:00:00,6.403215428,12.142971903721751,-10.556838297946564,6.000410969724037
series_1,2023-08-09 00:00:00,6.605315172,9.92174771174308,-6.890217188049326,7.139046487941417
series_1,2023-08-09 01:00:00,6.71259864,9.523825525234047,-6.777095416341658,6.691354896648395
series_1,2023-08-09 02:00:00,6.404527764,8.277398799212087,-3.529863627509995,7.487015002815186
series_1,2023-08-09 03:00:00,6.340879468,6.340012526812932,-1.9622680178682188,6.028703265727749
series_1,2023-08-09 04:00:00,6.300197052,7.544530054445212,-2.151969267923294,7.23111070391961
series_1,2023-08-09 05:00:00,6.793963472000001,8.391958685996805,-3.022300426592891,7.828835846975823
series_1,2023-08-09 06:00:00,5.855971316,7.9883003924668525,-0.13978760559630599,7.987077224217112
series_1,2023-08-09 07:00:00,5.617782332,6.187096023910459,-0.2667553464408075,6.1813427986347635
series_1,2023-08-09 08:00:00,4.699147131999999,6.724833543641247,6.608712697000165,1.2443081122420196
series_1,2023-08-09 09:00:00,4.418635312,7.979775573864841,7.970700939213731,0.3804533438771439
series_1,2023-08-09 10:00:00,4.5170605120000005,8.72521439249376,8.672760900790642,-0.9552929146064669
series_1,2023-08-09 11:00:00,4.7473754800000005,6.9876679857418855,6.434880206944331,-2.7239347644975176
series_1,2023-08-09 12:00:00,4.415026387999999,6.1002203570332165,5.992721740040618,-1.1401642648351216
series_1,2023-08-09 13:00:00,4.399934524,7.319682877626874,7.197012920310831,-1.3344521175010349
series_1,2023-08-09 14:00:00,4.652559204,5.182837061581009,5.1618183089765015,-0.46629577739095407
series_1,2023-08-09 15:00:00,4.348097252,5.834531171179213,5.750676571306334,0.9856332785018482
series_1,2023-08-09 16:00:00,4.498359724,6.812774632939069,6.712042164632161,1.1672138533354106
series_1,2023-08-09 17:00:00,4.172572312,7.746271322831485,7.7444372541595285,0.16855569793830438
series_1,2023-08-09 18:00:00,5.017060528,7.881795850915891,7.6493089545416595,-1.900204818824468
series_1,2023-08-09 19:00:00,4.750000152,6.808296976165009,6.333370856409447,-2.498263659192334
series_1,2023-08-09 20:00:00,4.996391236,6.479163720194692,6.374111520162011,-1.1620089679624037
series_1,2023-08-09 21:00:00,5.32644374,6.5993438169107,6.396882707552482,-1.622106790446767
series_1,2023-08-09 22:00:00,5.110564468000001,7.744132948828467,7.14278397104216,-2.9920281202144268
series_1,2023-08-09 23:00:00,4.689304612,6.4785701855519395,6.0355328453361965,-2.354615663328188
series_1,2023-08-10 00:00:00,4.347441084,6.171031728104868,4.940102114822191,-3.6982460281066034
series_1,2023-08-10 01:00:00,4.24376654,6.102426996039794,5.522254454312772,-2.5969830542030925
series_1,2023-08-10 02:00:00,4.376968644,6.469400573525814,5.548351005053825,-3.3270023903589756
series_1,2023-08-10 03:00:00,4.64402902,6.224990076088851,6.215520213927418,-0.34323449369831593
series_1,2023-08-10 04:00:00,4.447506703999999,6.346277260750704,6.338820411807632,0.30755626667715685
series_1,2023-08-10 05:00:00,4.408464708,6.480692722092138,6.137349797136273,2.081421539662103
series_1,2023-08-10 06:00:00,4.142716667999999,5.457843846423384,5.0544751613540155,2.059208657517957
series_1,2023-08-10 07:00:00,4.298228484,5.068112790049389,4.267619677235622,2.7337135078741372
series_1,2023-08-10 08:00:00,4.336614312,3.762630360980793,3.330351340389709,1.7510417422034583
series_1,2023-08-10 09:00:00,3.7565618,6.713779102017349,6.28151614354725,2.3701022697428407
series_1,2023-08-10 10:00:00,3.84514448,6.017102132666235,5.642127157704234,2.0909134872664863
series_1,2023-08-10 11:00:00,3.623031612,5.883944606978632,5.476153270979757,2.1523358220153854
series_1,2023-08-10 12:00:00,3.381889872,5.545886971522304,5.385960768500355,1.3222287627622897
series_1,2023-08-10 13:00:00,3.465879376,5.18699128027167,5.050789296054506,1.180849706133494
series_1,2023-08-10 14:00:00,3.274606404,4.295227114136283,3.9434000576781925,1.70251929419761
series_1,2023-08-10 15:00:00,3.516732396,4.721999023606238,4.044409380797907,2.4372171711712847
series_1,2023-08-10 16:00:00,3.3310368520000004,4.61649106893864,3.9869232421819465,2.327323108324157
series_1,2023-08-10 17:00:00,3.682086732,4.5573218272548,2.777954001980197,3.612776466937199
series_1,2023-08-10 18:00:00,4.054790156,4.343024802884566,2.033007383087644,3.837804765589522
series_1,2023-08-10 19:00:00,4.006889892,6.149005454432167,2.920144494498911,5.4113791412064485
series_1,2023-08-10 20:00:00,3.904855768,6.629975462675681,2.855393962697214,5.983585877504718
series_1,2023-08-10 21:00:00,3.471784888,6.038315254049162,2.9323832332837476,5.2784827062745165
series_1,2023-08-10 22:00:00,3.61548568,5.632246855767814,2.325755812904169,5.129626160164978
series_1,2023-08-10 23:00:00,3.342191708,5.937533565748344,1.6458619918357806,5.704861360998933
series_1,2023-08-11 00:00:00,3.088254692,6.036431568545361,-0.027893749830747216,6.036367121079647
series_1,2023-08-11 01:00:00,2.869422664,6.220376357870488,0.4096227370364136,6.206874515153091
series_1,2023-08-11 02:00:00,3.104986976,7.835854577347888,0.6001135149885161,7.812840759062735
series_1,2023-08-11 03:00:00,3.258202204,7.222172005921372,-0.0024566981536852106,7.222171588085437
series_1,2023-08-11 04:00:00,3.288714016,6.939905895034587,-0.40927549097832394,6.927827033379245
series_1,2023-08-11 05:00:00,3.173228448,5.869044800160628,-1.0417923901929278,5.775842404535343
series_1,2023-08-11 06:00:00,3.329396432,7.476355581601209,2.08782330487543,7.178919600480186
series_1,2023-08-11 07:00:00,3.76148306,8.388570581380021,1.26422247076365,8.292759368461779
series_1,2023-08-11 08:00:00,3.809711408,7.1159197177040205,0.9550735557752538,7.051535147176654
series_1,2023-08-11 09:00:00,4.223425332000001,6.438535174858158,-1.2760034176144741,6.310828034111052
series_1,2023-08-11 10:00:00,3.956036872,6.44866954877396,0.639798296432234,6.416852584341249
series_1,2023-08-11 11:00:00,4.01738858,5.863593950012666,2.356144501815004,5.369387031793487
series_1,2023-08-11 12:00:00,4.175853152,7.001790890967882,6.808789277568913,1.6326249583120482
series_1,2023-08-11 13:00:00,3.462598536,7.532349228887958,7.525504321437274,-0.3210445669341464
series_1,2023-08-11 14:00:00,3.3966536520000004,7.317296169790879,7.204578369833619,-1.2794036694342492
series_1,2023-08-11 15:00:00,3.342847876,8.345721275761036,8.339848999408353,0.3130212129519505
series_1,2023-08-11 16:00:00,3.576771768,8.535618652656868,8.521501569084323,0.49071049680770373
series_1,2023-08-11 17:00:00,3.70406836,8.844130900117376,8.325716192212047,2.983471344784311
series_1,2023-08-11 18:00:00,4.129593308,9.798697846715791,8.86572653955582,4.172933310879563
series_1,2023-08-11 19:00:00,4.503280984,9.666710217880645,8.274758533860993,4.997365069991658
series_1,2023-08-11 20:00:00,4.445210116,10.13857390610503,8.77772116729523,5.073686229830447
series_1,2023-08-11 21:00:00,4.564960776,11.235406517136726,9.869802001204762,5.368553628523501
series_1,2023-08-11 22:00:00,4.630249492,10.17925184483393,8.920752996654148,4.90278839980281
series_1,2023-08-11 23:00:00,4.651246867999999,9.178383956959182,9.114608420949947,1.0801136024113398
series_1,2023-08-12 00:00:00,4.5275592,8.246798935733281,8.122198130069155,1.4281422276204485
series_1,2023-08-12 01:00:00,4.517388596,6.128351980234462,6.127508475976994,0.10167531890161116
series_1,2023-08-12 02:00:00,3.964238972,7.610621807374709,7.582285266339889,0.6561359879876442
series_1,2023-08-12 03:00:00,3.683070984,7.787843583725182,7.491882756643039,-2.126546600778872
series_1,2023-08-12 04:00:00,3.617454184,6.48968716709118,6.480244328999714,-0.34996137383286885
series_1,2023-08-12 05:00:00,3.538714024,5.691375792183127,5.69107793746334,-0.05822643356874063
series_1,2023-08-12 06:00:00,3.65321534,5.189511406443099,5.142827781571461,0.6945149722646682
series_1,2023-08-12 07:00:00,3.79265104,5.426219432309458,4.733055116211044,2.653685473917594
series_1,2023-08-12 08:00:00,3.5413386959999995,4.406917913704563,4.174009502783884,1.4137079503207204
series_1,2023-08-12 09:00:00,3.880577552,4.070429777789738,3.608279801920747,1.8838034523187897
series_1,2023-08-12 10:00:00,3.836286212,4.060087471703187,3.9516758022724323,0.9319702954578015
series_1,2023-08-12 11:00:00,3.860236344000001,3.4879220310677748,2.9782375619340247,1.815406598945048
series_1,2023-08-12 12:00:00,3.875984376,2.7359578833098257,2.3370437629155534,1.4225652847805237
series_1,2023-08-12 13:00:00,3.59744106,3.27391951296168,2.0228006904512155,2.5742622912324475
series_1,2023-08-12 14:00:00,3.271325564,3.06431169762262,1.7057654557759814,2.54565716271225
series_1,2023-08-12 15:00:00,3.356627404,3.2179277067696344,2.0011349863826537,2.5200233118507005
series_1,2023-08-12 16:00:00,3.17257228,3.5426787520564775,1.5790225540963334,3.171318418879998
series_1,2023-08-12 17:00:00,3.583989616,4.399330820785218,1.7530861825873552,4.034947398310422
series_1,2023-08-12 18:00:00,3.606955496,4.218570255482516,1.330366521310336,4.003306123620632
series_1,2023-08-12 19:00:00,4.305774416,4.309178024221503,0.4732602228493664,4.283111019563012
series_1,2023-08-12 20:00:00,4.431758672,4.298049390686139,0.9667329522984394,4.1879178554166785
series_1,2023-08-12 21:00:00,5.277887308,3.858483919179988,-0.45335767889409573,3.831757425719733
series_1,2023-08-12 22:00:00,4.914370236,3.6577613194172263,-0.848175541044507,3.558063535323492
series_1,2023-08-12 23:00:00,4.57185054,3.9332342882768403,-1.7473749844613846,3.52377817550356
series_1,2023-08-13 00:00:00,4.223753416,4.533516202230885,-2.179506311753331,3.975238532832632
series_1,2023-08-13 01:00:00,4.0787402880000005,5.176689355251038,-1.5332998987081787,4.944401288466673
series_1,2023-08-13 02:00:00,3.527231084,5.606394916319127,-0.8231435575913975,5.5456378029334665
series_1,2023-08-13 03:00:00,3.3645014200000003,5.088728109633158,0.7385941076437048,5.03484185629744
series_1,2023-08-13 04:00:00,3.138451544,4.649749043671446,-2.0317600307893664,4.18235786924198
series_1,2023-08-13 05:00:00,3.228018476,5.962988750659258,-2.9825175585823427,5.1635088702583705
series_1,2023-08-13 06:00:00,2.9117455,6.526734446023334,-2.9898163093403025,5.801660190437755
series_1,2023-08-13 07:00:00,3.4438977480000004,7.137622377117117,-2.5666388468712125,6.660181546178348
series_1,2023-08-13 08:00:00,3.873687788,7.412691108759432,-2.722114669427125,6.894786523190605
series_1,2023-08-13 09:00:00,3.84842532,7.3953163930405355,-3.823709817240189,6.33008276302254
series_1,2023-08-13 10:00:00,4.5554463400000005,7.659586801481541,-2.3991504623030266,7.274156104226895
series_1,2023-08-13 11:00:00,4.077099868,7.235576019438096,-2.355575126393565,6.841405276475264
series_1,2023-08-13 12:00:00,3.778871512,6.890343014453914,-0.7922170109431024,6.844648936534746
series_1,2023-08-13 13:00:00,4.066273096,7.720830090066891,-0.5523637401428179,7.701046135315497
series_1,2023-08-13 14:00:00,3.951115612,5.9945875119885255,-1.2415162893499967,5.8646156517002375
series_1,2023-08-13 15:00:00,4.008202228,5.433100570873154,-2.679629285312644,4.726327189955963
series_1,2023-08-13 16:00:00,3.734580172,5.59924886529188,-3.6096411131724664,4.280429755242742
series_1,2023-08-13 17:00:00,3.738189096,6.927063382926245,-3.8795961810545245,5.738722905231158
series_1,2023-08-13 18:00:00,3.517716648,6.508994090503142,-3.846512706230561,5.250842224920843
series_1,2023-08-13 19:00:00,3.662401692,6.210416868375238,-3.5099729341921466,5.123413674518023
series_1,2023-08-13 20:00:00,4.05347782,6.482416103144619,-3.751252256243219,5.286759408592263
series_1,2023-08-13 21:00:00,3.651246836,5.866246389021618,-2.58349588685893,5.266725329774864
series_1,2023-08-13 22:00:00,3.836286212,5.2688037435965995,-2.005815634064314,4.872062861938536
series_1,2023-08-13 23:00:00,3.204068344,7.381210915420967,-1.3381679847057721,7.258896680807498
series_1,2023-08-14 00:00:00,3.410105096,6.824418663230691,-1.518051657980065,6.65343589844791
series_1,2023-08-14 01:00:00,3.151574904,4.786882577327919,1.433382581329009,4.567237587937392
series_1,2023-08-14 02:00:00,2.956693008,3.684198289385307,1.8468690149351559,3.1878506673277642
series_1,2023-08-14 03:00:00,2.48851714,3.3237876244396376,2.874020640128937,1.669601608914816
series_1,2023-08-14 04:00:00,2.46063,4.963015061569123,4.933080705566308,0.5442731425776738
series_1,2023-08-14 05:00:00,2.155839964,7.172601382795223,6.144833064086618,-3.699626631294543
series_1,2023-08-14 06:00:00,1.886154916,6.797382114434185,5.624963667928879,-3.8163054573906745
series_1,2023-08-14 07:00:00,2.088910828,6.0787965920037665,4.6609137235308395,-3.9022623270044887
series_1,2023-08-14 08:00:00,2.071522376,5.274300888950108,2.7123942468575732,-4.523402183842804
series_1,2023-08-14 09:00:00,2.225065688,3.733719764028803,3.733537281489119,-0.03691400858946581
series_1,2023-08-14 10:00:00,2.398950208,4.781491452056242,4.770255828773395,-0.32759706064059235
series_1,2023-08-14 11:00:00,2.756561768,4.543468330075382,4.230480640526467,-1.6571475542415504
series_1,2023-08-14 12:00:00,2.525262548,3.6830707535204463,3.6770856685420985,-0.2098836859786333
series_1,2023-08-14 13:00:00,2.66240166,3.9121165771034967,3.835660435237826,-0.7696526089081687
series_1,2023-08-14 14:00:00,2.560039452,3.7500153620206196,3.5238707866959746,-1.2825560003607372
series_1,2023-08-14 15:00:00,2.584973836,4.067186970284893,4.058557328525281,0.26480608438805897
series_1,2023-08-14 16:00:00,2.804790116,4.248396407384994,4.156302136672792,0.8797866690118137
series_1,2023-08-14 17:00:00,2.40485572,4.381739058226715,3.8530926142594812,2.0864597960010096
series_1,2023-08-14 18:00:00,2.60662738,4.404345200497466,3.909974154474056,2.027401972103696
series_1,2023-08-14 19:00:00,2.48195546,4.306940061946643,3.611481214561029,2.346686202727956
series_1,2023-08-14 20:00:00,2.3950132,4.137350717313698,2.5592697611016306,3.2508167047631233
series_1,2023-08-14 21:00:00,2.326443644,4.624871198212278,2.5002362673340066,3.890790691821032
series_1,2023-08-14 22:00:00,2.753280928,4.512924947408085,2.741364280626101,3.5848868129754954
series_1,2023-08-14 23:00:00,2.733595888,5.239838011169321,3.1556115921627503,4.183063215241067
series_1,2023-08-15 00:00:00,3.3257875080000003,4.6585035535329045,2.7168754113161673,3.784209740178827
series_1,2023-08-15 01:00:00,3.181102464,4.117034053997802,2.4711102662378073,3.2929596799644676
series_1,2023-08-15 02:00:00,2.8471129520000003,3.0106197701487702,2.2135583457136487,2.040585908638029
series_1,2023-08-15 03:00:00,3.167322936,2.1594881718253998,2.0405708115910715,0.7067247888226098
series_1,2023-08-15 04:00:00,2.799868856,2.3509182462287166,2.2560261166619298,-0.6611828501938003
series_1,2023-08-15 05:00:00,2.709645756,1.66749746941949,1.3871530051005614,-0.9253941597832162
series_1,2023-08-15 06:00:00,2.8133203,2.9399809316103767,2.2614856240919727,-1.8786087006766365
series_1,2023-08-15 07:00:00,2.809055208,0.7493367239428297,0.6484469420650061,-0.3755290790017668
series_1,2023-08-15 08:00:00,2.666010584,1.7543154575481918,0.2946474684662772,-1.7293945743869257
series_1,2023-08-15 09:00:00,2.438976456,1.7418430199425459,-1.6239641419309478,0.6298869516389816
series_1,2023-08-15 10:00:00,2.70997384,1.1465751466750271,-0.5367188711578386,1.013196634575893
series_1,2023-08-15 11:00:00,2.654855728,1.2589866380823642,-1.2172349163434704,0.3215377323180577
series_1,2023-08-15 12:00:00,2.510498768,1.9965084742793973,-1.6060155010732888,1.186069263652743
series_1,2023-08-15 13:00:00,2.37532816,2.4486098544327053,-1.815860136946028,1.642663137187691
series_1,2023-08-15 14:00:00,2.326443644,4.257076168924998,-3.678507775109139,2.1427267806444084
series_1,2023-08-15 15:00:00,2.191929204,3.5705467529262336,-3.439631182607404,0.9579882266848899
series_1,2023-08-15 16:00:00,2.3766404960000003,3.7341593322366164,-3.5768895179686906,1.0722906764378406
series_1,2023-08-15 17:00:00,2.254593248,3.0853302144740837,-2.7012976857898474,-1.4907224238915542
series_1,2023-08-15 18:00:00,2.312336032,3.037597861715889,-2.7995971960136252,-1.1786671750641018
series_1,2023-08-15 19:00:00,2.238845216,3.5776557944102176,-3.1089778150606175,-1.7702762295014627
series_1,2023-08-15 20:00:00,2.664370164,4.886982575503426,-4.550095398709003,-1.7830396955539882
series_1,2023-08-15 21:00:00,2.805446284,4.3475081403911,-4.250770501926253,-0.9120181855207252
series_1,2023-08-15 22:00:00,2.8228347360000003,4.15671553062114,-4.0135307879614,-1.0815981770477072
series_1,2023-08-15 23:00:00,2.394357032,2.6002003775979725,-2.245772437762581,-1.3105526168172543
series_1,2023-08-16 00:00:00,2.2906824880000003,2.18393150766514,-1.580807935481545,-1.5068520502329044
series_1,2023-08-16 01:00:00,2.113845212,1.5710284905069236,-1.5408795634618584,-0.3063016305703507
series_1,2023-08-16 02:00:00,1.806758588,1.5305281287030885,-0.9913023969084254,-1.1661200241120073
series_1,2023-08-16 03:00:00,1.7542651479999998,1.5946578171103292,-1.1286940242559274,-1.1264916126097169
series_1,2023-08-16 04:00:00,1.7808399519999998,1.9410007701631045,0.48231439762141026,-1.8801214885269677
series_1,2023-08-16 05:00:00,1.630249396,3.302675670833374,-0.26397336141680994,-3.2921094530979658
series_1,2023-08-16 06:00:00,1.666338636,3.4881592018264906,-0.36838157434505336,-3.468652423199805
series_1,2023-08-16 07:00:00,1.560695588,1.4868406128251936,1.2803563243996323,-0.7558985980382956
series_1,2023-08-16 08:00:00,2.510326819226325,2.162300670047639,2.1431724783435633,-0.286977204250052
series_1,2023-08-16 09:00:00,1.722769084,2.629955761145026,-0.40411296532989294,-2.5987227664435837
series_1,2023-08-16 10:00:00,2.5207558910749306,3.0586810779538056,-0.4136176890792554,-3.030585808703227
series_1,2023-08-16 11:00:00,1.842519744,1.9487284954113424,-1.4961080712232473,-1.2486806589552064
series_1,2023-08-16 12:00:00,1.95866148,2.6287028946218123,-2.3884404795306162,-1.0979212102572085
series_1,2023-08-16 13:00:00,2.550525016,2.588813029368576,-2.149227968757826,-1.4431812219321638
series_1,2023-08-16 14:00:00,2.809055208,1.8752294119225839,-1.819438276822745,-0.45401509244935867
series_1,2023-08-16 15:00:00,2.517388532,2.151620760827865,-1.6187522788443878,-1.417431817817556
series_1,2023-08-16 16:00:00,2.871719252,2.322711046315586,-2.2887734116550544,-0.3956044423124275
series_1,2023-08-16 17:00:00,2.594160188,2.4721430392764545,-1.6250168869977795,-1.8630113589602912
series_1,2023-08-16 18:00:00,2.77559064,2.9197809590254264,-1.2237140589144626,-2.6509705299573834
series_1,2023-08-16 19:00:00,2.543963336,3.515641901601288,-2.3603509765841646,-2.605471406028648
series_1,2023-08-16 20:00:00,2.558070948,3.011359941122815,-2.9872523920667944,-0.38027863612148366
series_1,2023-08-16 21:00:00,2.276246792,3.267526062256158,-3.253423139391968,-0.3032563990951316
series_1,2023-08-16 22:00:00,2.21948826,3.408821862795677,-3.3524242957702466,-0.6175093792025805
series_1,2023-08-16 23:00:00,2.493110316,2.3251248444383146,-2.02314944648392,-1.1458934764698263
series_1,2023-08-17 00:00:00,2.697178564,2.8681768011877846,-2.295959316802117,1.7190139552840604
series_1,2023-08-17 01:00:00,2.725393788,4.721489400360474,-3.88411788438976,2.684416215470306
series_1,2023-08-17 02:00:00,2.890091956,4.862759193192128,-3.380233752751755,3.49577555740244
series_1,2023-08-17 03:00:00,2.92486886,3.9867802115896325,-3.6512325566114674,1.600911388260812
series_1,2023-08-17 04:00:00,2.696194312,3.529635898635005,-3.38829686966515,0.9888245041210719
series_1,2023-08-17 05:00:00,2.760170692,3.903545712866061,-3.7298909583902695,-1.1513394681645894
series_1,2023-08-17 06:00:00,2.727034208,4.316922540245556,-3.5786753496624626,-2.414312109110667
series_1,2023-08-17 07:00:00,2.973425292,5.2666412589110605,-4.48068979183611,-2.7678383513854192
series_1,2023-08-17 08:00:00,2.81496072,5.152668975157931,-4.649825906253212,-2.220161392577481
series_1,2023-08-17 09:00:00,3.02493448,5.644138193342237,-5.395968163719441,-1.6552412276374757
series_1,2023-08-17 10:00:00,3.095144456,5.7982658077723155,-5.769021810513886,-0.5816130392250802
series_1,2023-08-17 11:00:00,3.230971232,6.588977770684642,-6.358447973412276,-1.7276479479296927
series_1,2023-08-17 12:00:00,3.33497386,6.425676361397771,-6.360363503579064,-0.9138341226752008
series_1,2023-08-17 13:00:00,3.071194324,6.031209938551458,-6.023660209639353,-0.30168029715160904
series_1,2023-08-17 14:00:00,3.256561784,6.286807586119868,-6.2841330908578374,-0.1833600863869808
series_1,2023-08-17 15:00:00,3.110892488,5.461678823708512,-5.424057953338718,0.6399460072295138
series_1,2023-08-17 16:00:00,3.050525032,5.701533741542544,-5.353167202183496,1.9624188929520232
series_1,2023-08-17 17:00:00,3.010498784,5.613485286975879,-5.296493301129124,1.859670878996869
series_1,2023-08-17 18:00:00,2.648294048,5.279537552213804,-4.955050341630775,1.822359151523228
series_1,2023-08-17 19:00:00,2.956693008,4.83674778617961,-4.629959226373758,1.3991449922112706
series_1,2023-08-17 20:00:00,2.7936352600000003,5.453063015279662,-5.167460656413512,1.741621834104453
series_1,2023-08-17 21:00:00,2.94947516,5.365468512247686,-5.2040691297093735,1.3061075182110071
series_1,2023-08-17 22:00:00,3.245735012,6.603446212334074,-5.910841708925846,2.9440536970666504
series_1,2023-08-17 23:00:00,3.312664148,5.922793472079213,-5.591848741661214,1.9521040349546013
series_1,2023-08-18 00:00:00,3.445538168,6.56527865840304,-6.293788537176185,1.868451153172617
series_1,2023-08-18 01:00:00,3.46292662,7.516780493935124,-7.192155388487864,2.1851521370029476
series_1,2023-08-18 02:00:00,3.5777560200000003,8.411614607778116,-7.658907174868017,3.4779880960896623
series_1,2023-08-18 03:00:00,3.362532916,6.817056845632461,-5.79635167873285,3.588115278671418
series_1,2023-08-18 04:00:00,3.259842624,5.499762552588386,-4.664132326218868,2.914319436570688
series_1,2023-08-18 05:00:00,3.11187674,5.588573972984327,-4.527781291152783,3.275874788664039
series_1,2023-08-18 06:00:00,2.741469904,5.338378591386721,-3.726258192422116,3.822732774911574
series_1,2023-08-18 07:00:00,2.643700872,5.660312181056422,-3.4724385602894965,4.470045238253223
series_1,2023-08-18 08:00:00,2.527559136,5.459282710131686,-3.7291216017828295,3.9871568552365018
series_1,2023-08-18 09:00:00,2.52788722,4.054825716749137,-3.0779468273851336,2.639669471922563
series_1,2023-08-18 10:00:00,2.219816344,3.982756302428308,-2.815735100187145,2.8167327899725416
series_1,2023-08-18 11:00:00,2.284776976,3.7802427087162633,-3.556394559000353,1.2815196750402063
series_1,2023-08-18 12:00:00,2.059055184,5.457696735186169,-4.802320967026899,2.5930998790859547
series_1,2023-08-18 13:00:00,2.358267792,4.948510325699453,-3.492154813721326,3.506081744705488
series_1,2023-08-18 14:00:00,2.537073572,7.201985008982085,-3.4440638313557437,6.325109674555049
series_1,2023-08-18 15:00:00,2.706364916,6.595675403672879,-2.4989281691047545,6.103957080146464
series_1,2023-08-18 16:00:00,3.11843842,7.321298520575621,-3.6460049452823533,6.348862887664168
series_1,2023-08-18 17:00:00,3.474737644,8.25300899928959,-4.301445109732822,7.0434173176314445
series_1,2023-08-18 18:00:00,3.7319555,10.155056643724466,-6.103700360058724,8.116034582964234
series_1,2023-08-18 19:00:00,3.540682528,9.56914543984852,-4.4705793023908615,8.460642123976651
series_1,2023-08-18 20:00:00,3.531496176,9.957629605492986,-3.3642878030852357,9.372083809815313
series_1,2023-08-18 21:00:00,4.180774412,9.918113303780753,-4.748157181758906,8.70769630177489
series_1,2023-08-18 22:00:00,3.996719288,8.973888358161416,-4.507748679139444,7.759566618726949
series_1,2023-08-18 23:00:00,4.104987008,8.069170750800007,-3.721260056769852,7.159870124203064
series_1,2023-08-19 00:00:00,4.465551324,7.137417231786502,-2.590761102704376,6.650615133152489
series_1,2023-08-19 01:00:00,4.081693044,7.729040888335639,-3.441424408224353,6.9205975967427715
series_1,2023-08-19 02:00:00,4.363845284,7.245712667482616,-3.1821029075081766,6.509575496585477
series_1,2023-08-19 03:00:00,4.478018516,6.666297101183076,1.6850366452241514,6.449819264560335
series_1,2023-08-19 04:00:00,4.38976392,6.178070074871452,2.5136475499330277,5.643591573168441
series_1,2023-08-19 05:00:00,4.246391212,5.559835276328437,2.086480732729914,5.153481003346471
series_1,2023-08-19 06:00:00,4.694553956,7.137785776293872,5.7277411883229465,4.259221368730668
series_1,2023-08-19 07:00:00,4.705052643999999,9.294086578669315,7.86906757867755,4.945484887653277
series_1,2023-08-19 08:00:00,4.690945032,7.719797711693164,6.476543341184234,4.201150206696395
series_1,2023-08-19 09:00:00,5.105971292,9.504264561076091,6.396459964923896,7.029676007047032
series_1,2023-08-19 10:00:00,5.554790204000001,8.957551353905314,6.128153090345453,6.533258448824784
series_1,2023-08-19 11:00:00,6.174868964000001,9.130230817164504,6.6945359762495995,6.20840582093344
series_1,2023-08-19 12:00:00,6.4868768480000005,8.863292553382625,5.818018132586147,6.68645047059699
series_1,2023-08-19 13:00:00,7.007218072000001,8.813974183292023,5.922914239365037,6.527268020915425
series_1,2023-08-19 14:00:00,7.661417568,8.290296654710632,5.711500083293576,6.008975405311938
series_1,2023-08-19 15:00:00,7.748687912,6.283142051880951,4.5688712405916725,4.313153096170953
series_1,2023-08-19 16:00:00,7.264435928,6.971604935679302,4.649772759728252,5.194505622489702
series_1,2023-08-19 17:00:00,7.052493664,6.815969280554941,2.7292692138296353,6.245680650810639
series_1,2023-08-19 18:00:00,7.098753508,7.192297320751869,2.4144437940708956,6.774924495178307
series_1,2023-08-19 19:00:00,6.947834868,7.059344640771909,1.0893777935306854,6.974783350051618
series_1,2023-08-19 20:00:00,6.973425420000001,6.807473211407356,0.21599270266381443,6.8040457579608296
series_1,2023-08-19 21:00:00,6.812008091999999,6.555665991447216,1.2205613215596678,6.441039252459973
series_1,2023-08-19 22:00:00,7.011811248,6.687220127269467,2.5555576091246537,6.1796471045685895
series_1,2023-08-19 23:00:00,6.6929136,6.932051805085902,2.14051528546859,6.593294816786979
series_1,2023-08-20 00:00:00,6.71095822,7.059305312418913,2.0036743096175127,6.768979299342307
series_1,2023-08-20 01:00:00,7.2506564,7.238522880608408,3.044377197088576,6.56718973191262
series_1,2023-08-20 02:00:00,7.1702758200000005,7.563970742768856,3.183268050213219,6.8615200879947125
series_1,2023-08-20 03:00:00,7.378937243999999,7.655985535960658,3.7375489321306623,6.681679617189659
series_1,2023-08-20 04:00:00,6.560695748,7.679805159387286,4.746768283110166,6.037184621378656
series_1,2023-08-20 05:00:00,6.180446392,6.7666250206964405,4.193922290630814,5.3102005603239775
series_1,2023-08-20 06:00:00,5.929790216,6.988411985818869,5.035416725820792,4.845872520079439
series_1,2023-08-20 07:00:00,5.689960812,7.514117029341372,5.88042191543316,4.6778833704071126
series_1,2023-08-20 08:00:00,5.376968676,7.389318429188355,5.909600145246542,4.436062778100048
series_1,2023-08-20 09:00:00,5.197178644,6.778678574903937,6.28796521555434,2.53218811896753
series_1,2023-08-20 10:00:00,5.413386,6.953916638357902,4.743585378098612,5.084816060972109
series_1,2023-08-20 11:00:00,5.285761324,7.4151752706566505,6.103615137127543,4.210784553071489
series_1,2023-08-20 12:00:00,5.271653712,7.68981945561382,6.618451113087595,3.9152813594435862
series_1,2023-08-20 13:00:00,5.040682576,6.867186615446841,6.170268246200034,3.014306185726294
series_1,2023-08-20 14:00:00,4.705052643999999,6.838230795413116,5.992312211526934,3.294479438533724
series_1,2023-08-20 15:00:00,5.1377954400000005,6.908809981163168,6.0770547821341925,3.286496695686725
series_1,2023-08-20 16:00:00,5.116141895999999,7.412257696214906,7.056319008115236,2.2693448858224956
series_1,2023-08-20 17:00:00,4.905511968,7.14154288107415,7.037915871716351,1.2121777529982771
series_1,2023-08-20 18:00:00,4.52919962,6.292825265480765,6.170826904259145,1.2331038640538596
series_1,2023-08-20 19:00:00,4.077427952,5.114473985638387,5.108461560755053,0.24792061644779517
series_1,2023-08-20 20:00:00,4.29133872,5.547891228402083,5.32573536677894,1.5542328928512459
series_1,2023-08-20 21:00:00,4.077099868,4.130000800332008,2.760751689238254,3.0716700215210535
series_1,2023-08-20 22:00:00,3.9698164,5.15793669996111,4.580965676290117,2.3704565959868433
series_1,2023-08-20 23:00:00,3.682414816,6.002903433232605,5.906495973540858,1.0715199220086515
series_1,2023-08-21 00:00:00,3.751968624,5.668299585801858,4.99918008970681,2.671669632473396
series_1,2023-08-21 01:00:00,4.041666796,5.2212168702277655,2.946093089938671,4.310642772414184
series_1,2023-08-21 02:00:00,4.1177822840000005,4.8216213165001,3.539588067322469,3.2740416053246095
series_1,2023-08-21 03:00:00,4.166338716,3.669495594382208,0.9843016969052638,3.535017409668565
series_1,2023-08-21 04:00:00,3.923556556,5.196101412588567,1.2213197520417374,5.050529472558062
series_1,2023-08-21 05:00:00,3.843832144,6.665386890261315,2.9852602097109955,5.959496948332441
series_1,2023-08-21 06:00:00,3.824147104,5.837515468480707,2.967213603416025,5.027149319092723
series_1,2023-08-21 07:00:00,3.809711408,5.471923072494061,2.398864679693033,4.918067746566133
series_1,2023-08-21 08:00:00,3.374672024,5.332537254867549,2.625222910711325,4.641568511142186
series_1,2023-08-21 09:00:00,3.064960728,4.980024173401904,2.6307069534939904,4.228477467423196
series_1,2023-08-21 10:00:00,3.02821532,4.113228997753644,3.2652692912529155,2.501333493071671
series_1,2023-08-21 11:00:00,2.6574804000000003,4.37226853290709,3.362225857194189,2.795025833344715
series_1,2023-08-21 12:00:00,2.661417408,4.687134586853132,3.598044171284394,3.003882284105233
series_1,2023-08-21 13:00:00,2.458661496,4.958882226960017,4.624169048210566,1.7909700037776521
series_1,2023-08-21 14:00:00,2.527559136,5.071006108621695,5.066827674374393,0.20581611178995685
series_1,2023-08-21 15:00:00,2.443897716,5.291211659225682,5.241513660693358,0.723502154447867
series_1,2023-08-21 16:00:00,2.738845232,4.011705264110584,3.9251023573373445,0.829066107447046
series_1,2023-08-21 17:00:00,2.590551264,3.7335345770814734,3.2702358648954335,1.801343339348319
series_1,2023-08-21 18:00:00,2.5262468,3.615748441221252,2.999437512576322,2.019161063002127
series_1,2023-08-21 19:00:00,2.597769112,3.531257260505501,3.382345622235445,1.0146506451077315
series_1,2023-08-21 20:00:00,2.5121391880000004,2.6131705541685557,1.5870488825684725,2.0760385809304602
series_1,2023-08-21 21:00:00,2.48031504,3.7590679028577694,2.8592127719491445,2.440388047630622
series_1,2023-08-21 22:00:00,2.19324154,3.200163401637184,2.172108507011551,2.3501043446932566
series_1,2023-08-21 23:00:00,2.23589246,3.596838831889832,3.368889662114935,1.2600920708764622
series_1,2023-08-22 00:00:00,2.087270408,5.613959318956864,4.224599466587434,-3.697201452695239
series_1,2023-08-22 01:00:00,1.900918696,8.112588799762175,-0.8983375302086988,-8.062697235779428
series_1,2023-08-22 02:00:00,2.492782232,6.300059603261145,-3.717450925321485,-5.086384730087708
series_1,2023-08-22 03:00:00,2.222441016,6.304223882018456,-3.174130072684644,-5.446846522189773
series_1,2023-08-22 04:00:00,2.215879336,7.614926623175174,-4.249695587722142,-6.318796949422969
series_1,2023-08-22 05:00:00,2.691273052,7.58880916019198,-4.276919475004219,-6.268810435333273
series_1,2023-08-22 06:00:00,3.515091976,7.554236941501522,-4.351436955401782,-6.1750702175367955
series_1,2023-08-22 07:00:00,3.84022322,7.214777226359825,-3.8428401126355185,-6.106192782308777
series_1,2023-08-22 08:00:00,3.692257336,7.203386284012912,-1.6191991775585994,-7.019043238226909
series_1,2023-08-22 09:00:00,3.743110356,6.896067172646174,-2.270163296345631,-6.511689570117216
series_1,2023-08-22 10:00:00,3.39895024,6.362526960160647,-1.794960652319451,-6.104085973788051
series_1,2023-08-22 11:00:00,3.701443688,6.9687218919628515,-1.6353549764083541,-6.774119788478702
series_1,2023-08-22 12:00:00,4.161089372,6.108319653067105,-1.7584274185453304,-5.8497437548796825
series_1,2023-08-22 13:00:00,4.001968632,5.214469892698665,-1.0277309697879844,-5.112187918650827
series_1,2023-08-22 14:00:00,3.64501324,5.681180385793972,1.748064723577737,-5.405560128063811
series_1,2023-08-22 15:00:00,3.422572288,5.65392036589584,2.1256593870074196,-5.239120887545829
series_1,2023-08-22 16:00:00,3.118766504,3.82260876478683,1.1458556963899809,-3.6468277299148264
series_1,2023-08-22 17:00:00,2.848753372,3.7039005925336395,2.5033358370087333,-2.7298698295923987
series_1,2023-08-22 18:00:00,2.763123448,3.869588738288254,2.826921543838942,-2.64239126331937
series_1,2023-08-22 19:00:00,2.294619496,3.8780523973822034,3.4921931314264594,-1.686380007489331
series_1,2023-08-22 20:00:00,1.70275596,4.5003647146896455,4.466209734831074,0.5534014543925247
series_1,2023-08-22 21:00:00,1.489173276,3.9346036107984625,3.852033149047112,0.8018392561794977
series_1,2023-08-22 22:00:00,1.270669332,4.473956065399388,4.4129029171136755,0.7365939989258603
series_1,2023-08-22 23:00:00,1.194553844,4.374931306328822,3.1187041037766052,-3.0681767628647107
series_1,2023-08-23 00:00:00,1.114501348,6.677069907664791,-2.5763803504086704,-6.159994061837299
series_1,2023-08-23 01:00:00,1.746063048,7.394297039192833,-2.8705164374478187,-6.8143792150244895
series_1,2023-08-23 02:00:00,3.059055216,7.3821746385099924,-1.6650726777776217,-7.191942392092598
series_1,2023-08-23 03:00:00,3.673884632,5.249217437634332,-1.1545265262469273,-5.1206788815309
series_1,2023-08-23 04:00:00,3.1309056120000003,5.843519723378796,-0.522185889017267,-5.820141291655061
series_1,2023-08-23 05:00:00,2.969816368,6.112874198508786,-0.38873093781012036,-6.1005015551824675
series_1,2023-08-23 06:00:00,2.925853112,6.7410269248795665,0.17343231142857807,-6.738795532979451
series_1,2023-08-23 07:00:00,2.997375424,6.49965952448102,-0.21508677249752017,-6.49609972325498
series_1,2023-08-23 08:00:00,3.063648392,6.817989079446563,0.31324427991910264,-6.810789462944113
series_1,2023-08-23 09:00:00,3.286417428,5.902047747269143,-0.0005717841417880454,-5.902047719572221
series_1,2023-08-23 10:00:00,3.109908236,6.060178830947825,-0.10502082493626641,-6.059268775140929
series_1,2023-08-23 11:00:00,2.64763788,5.742196398415313,0.44245562007727396,-5.725124671326889
series_1,2023-08-23 12:00:00,2.58530192,5.972731599838501,1.3529618896541336,-5.8174751300588206
series_1,2023-08-23 13:00:00,2.371719236,5.805682923450814,0.9000842079622138,-5.735486258916973
series_1,2023-08-23 14:00:00,2.195538128,4.831107006258185,1.5306474803950294,-4.5822170612791
series_1,2023-08-23 15:00:00,2.21128616,4.788174471062533,1.8258965156888727,-4.426366080582378
series_1,2023-08-23 16:00:00,1.875328144,4.724531914425779,3.3442417701524363,-3.337251682626801
series_1,2023-08-23 17:00:00,1.710301892,4.777969772516276,3.396556137542836,-3.3604168716990053
series_1,2023-08-23 18:00:00,1.51410766,4.627967571528602,3.771854149727181,-2.6816413101505936
series_1,2023-08-23 19:00:00,1.49114178,4.607027592135469,4.482739383303151,-1.0628973873711542
series_1,2023-08-23 20:00:00,1.46981632,4.933812115349197,4.79638511410622,1.1563701080306346
series_1,2023-08-23 21:00:00,1.610564356,5.166880700401167,5.1666997863539335,0.04323759785502701
series_1,2023-08-23 22:00:00,1.7782152800000002,5.272935235049442,5.212554057807683,0.7956922693218589
series_1,2023-08-23 23:00:00,1.701771708,6.505077646578542,4.947833135058102,4.223148405589949
series_1,2023-08-24 00:00:00,1.890420008,6.968006322842431,5.177641796759711,4.6631681869324595
series_1,2023-08-24 01:00:00,1.9192914,7.099469623483351,5.175021912881519,4.860207519845109
series_1,2023-08-24 02:00:00,2.462598504,6.864559699461691,5.031670193921432,4.669526199420691
series_1,2023-08-24 03:00:00,2.044947572,7.593243101621543,4.425435986242041,6.170320666869517
series_1,2023-08-24 04:00:00,2.229986948,7.457736922692415,5.306202640670659,5.240424939280159
series_1,2023-08-24 05:00:00,2.058070932,7.032234905766671,5.7934595222869705,3.9859947984794974
series_1,2023-08-24 06:00:00,2.409120812,7.1550657328697564,6.409911088703074,3.179308962118717
series_1,2023-08-24 07:00:00,2.5682415520000004,6.3925205605018185,6.359219548232006,0.6516485661937843
series_1,2023-08-24 08:00:00,2.518372784,6.152595225528823,6.150255415192428,0.16966536799326248
series_1,2023-08-24 09:00:00,2.409120812,4.379713213419811,4.371711786859531,-0.26462026460106
series_1,2023-08-24 10:00:00,2.026574868,4.252254631080731,4.247862620012464,0.193216482341368
series_1,2023-08-24 11:00:00,1.716535488,3.697851588502926,3.686227998880231,0.29296674020280794
series_1,2023-08-24 12:00:00,1.648294016,3.392646521198355,3.385590785207693,-0.2186903128079935
series_1,2023-08-24 13:00:00,1.525918684,3.698210776896025,3.60763779488973,-0.8134571231681877
series_1,2023-08-24 14:00:00,1.595800576,3.196423302889411,3.166301152664652,-0.437788695478709
series_1,2023-08-24 15:00:00,1.556430496,2.996992659883103,2.9774244548042104,-0.34191902451757034
series_1,2023-08-24 16:00:00,1.701443624,3.432700970522499,3.0994471840231212,1.475419637417522
series_1,2023-08-24 17:00:00,1.717191656,4.260838476018169,3.614314331168166,2.2564300197943754
series_1,2023-08-24 18:00:00,1.893372764,4.936187712313881,4.086711040609058,2.7685270455176303
series_1,2023-08-24 19:00:00,1.966535496,4.466400422504333,3.2422233818952235,3.071924523167649
series_1,2023-08-24 20:00:00,2.108923952,4.668393936471127,3.5251956805408926,3.060538736885423
series_1,2023-08-24 21:00:00,1.997047308,4.610925948333133,3.0355308359399116,3.470762257065404
series_1,2023-08-24 22:00:00,2.003280904,4.452207190276845,2.8835745435085918,3.3922185538644256
series_1,2023-08-24 23:00:00,1.7644357519999998,4.70392657222882,2.2630117016920615,4.123797186444209
series_1,2023-08-25 00:00:00,1.56988194,4.8564336413161575,1.7954424061644334,4.512353518802996
series_1,2023-08-25 01:00:00,1.544619472,5.300500091788007,1.8961086987697326,4.949754844989236
series_1,2023-08-25 02:00:00,1.7306431,4.912946834679342,0.6906248123383887,4.8641632342026035
series_1,2023-08-25 03:00:00,1.7972441519999998,5.080719798498959,1.1208395189517,4.955545625217814
series_1,2023-08-25 04:00:00,1.790682472,5.62697291276843,1.6958175359424632,5.365354326213662
series_1,2023-08-25 05:00:00,1.803477748,6.191715592279924,1.4398589805390167,6.021972109852675
series_1,2023-08-25 06:00:00,1.97178484,6.122910385723555,1.013517373799495,6.038444677614257
series_1,2023-08-25 07:00:00,2.162729728,7.547729973379823,1.199784690494912,7.451761164148393
series_1,2023-08-25 08:00:00,2.21948826,8.001344550486637,3.332578113225207,7.274299810624699
series_1,2023-08-25 09:00:00,2.348097188,7.811691569847472,3.621129357480752,6.921701189651074
series_1,2023-08-25 10:00:00,2.646981712,5.310870392691303,1.7510862075333002,5.013884863232474
series_1,2023-08-25 11:00:00,2.877952848,5.532139271390924,-1.6029196343632672,5.294828945663725
series_1,2023-08-25 12:00:00,3.308399056,6.800242266978556,-1.550288640065634,6.62117059303603
series_1,2023-08-25 13:00:00,3.043307184,7.377561085215222,-2.4674154022260684,6.952716648831561
series_1,2023-08-25 14:00:00,3.45964578,7.691457457498887,-6.122249511635958,4.655811286745687
series_1,2023-08-25 15:00:00,3.440288824,9.56096793465982,-6.073604816983692,7.383998400237216
series_1,2023-08-25 16:00:00,3.950787528,10.266573254899953,-4.497054358417666,9.229248533638245
series_1,2023-08-25 17:00:00,4.976050028,10.233857276513913,-3.4080782754690975,9.64970658747365
series_1,2023-08-25 18:00:00,4.885826928,10.925350353746936,-3.6933171834647616,10.282153885954159
series_1,2023-08-25 19:00:00,5.366469988,10.389552491491994,-2.482904389092182,10.088507658127355
series_1,2023-08-25 20:00:00,5.898294152,10.855874454070081,-3.8805264145063987,10.138615532154748
series_1,2023-08-25 21:00:00,5.770341392,11.656641055719188,-4.129277324403027,10.900749950349706
series_1,2023-08-25 22:00:00,6.490485772,11.344044807208432,-4.459532021824115,10.430720336308413
series_1,2023-08-25 23:00:00,6.604987088,11.027786014372778,-4.981232812945085,9.838667798133802
series_1,2023-08-26 00:00:00,7.367782387999999,11.49685726554915,-5.126659279049799,10.290534078508406
series_1,2023-08-26 01:00:00,7.743110484,11.287962269453063,-5.2157593553046935,10.01069161167936
series_1,2023-08-26 02:00:00,7.652231216,9.169468593826785,-2.9890600486178456,8.66860278931573
series_1,2023-08-26 03:00:00,7.333005484,8.388363092288872,-3.1926111606964995,7.757052877521867
series_1,2023-08-26 04:00:00,7.330380812,9.168741071187782,-2.5300033054939908,8.812768923821569
series_1,2023-08-26 05:00:00,7.867126236,11.171719997527086,-5.288957480161828,9.840439851764089
series_1,2023-08-26 06:00:00,7.615485808000001,9.938911640559828,-3.3403797040885306,9.36076001355494
series_1,2023-08-26 07:00:00,7.566929376,10.07282463169486,-2.834704853163698,9.665725242128957
series_1,2023-08-26 08:00:00,7.491141972,9.267211192598714,-1.5438522798971983,9.137708871816999
series_1,2023-08-26 09:00:00,6.46653564,8.78504376369155,-1.4740664628237152,8.660492017960307
series_1,2023-08-26 10:00:00,6.405512015999999,8.365259106910878,-2.8188590409482663,7.87601381620294
series_1,2023-08-26 11:00:00,6.649934596,7.3715966103708945,-1.430773473871783,7.2314122999934485
series_1,2023-08-26 12:00:00,6.0757875960000005,7.667822771865959,1.7100657764196507,7.474702743324608
series_1,2023-08-26 13:00:00,6.658136696,7.522797893821735,1.9445583126090797,7.267130184615633
series_1,2023-08-26 14:00:00,5.812992312,6.028709279626129,1.4326334695345024,5.85601373975674
series_1,2023-08-26 15:00:00,5.081036908,5.984838102364783,1.174512482116557,5.868458702322928
series_1,2023-08-26 16:00:00,5.272966048,5.224809459561959,0.9755485794954839,5.132926928933673
series_1,2023-08-26 17:00:00,5.466207524,5.702572952108003,1.2278419676750794,5.568818759533261
series_1,2023-08-26 18:00:00,5.716207531999999,5.051385080821494,3.4038842249413506,3.7323000171397527
series_1,2023-08-26 19:00:00,5.062008036,3.7181314116644337,3.345585220981284,1.6222085943420987
series_1,2023-08-26 20:00:00,4.566601196,2.7799225531979057,2.770162991174139,0.23273676999457762
series_1,2023-08-26 21:00:00,5.064960792,2.0271293686598773,0.48417069217328274,1.968459351402471
series_1,2023-08-26 22:00:00,5.060367616,2.708352697994316,2.298153990758922,1.4330605609994056
series_1,2023-08-26 23:00:00,5.347113031999999,3.158615635927956,2.958250449649645,1.1070713674719599
series_1,2023-08-27 00:00:00,4.776574956,3.78174431709371,3.7728809808005703,-0.25876472824536806
series_1,2023-08-27 01:00:00,4.217847904,4.386003139926297,4.338075694219824,-0.6466241680161084
series_1,2023-08-27 02:00:00,3.96653556,4.783424119264721,4.498612650443435,-1.6259245142483598
series_1,2023-08-27 03:00:00,3.729002744,6.036672134707001,5.133532924591744,-3.1762005878219517
series_1,2023-08-27 04:00:00,3.770013244,5.588487815642053,4.472458122829594,-3.3508677092829653
series_1,2023-08-27 05:00:00,3.811351828,4.070885691904067,2.995233345413993,-2.7569344430126286
series_1,2023-08-27 06:00:00,3.73031508,2.8688303600580483,2.1730944276352053,-1.8729250501212291
series_1,2023-08-27 07:00:00,3.451771764,4.036676548197276,3.02620112623034,-2.6714910253205226
series_1,2023-08-27 08:00:00,3.792979124,4.001469805119146,1.0501822462878843,-3.8612016071246504
series_1,2023-08-27 09:00:00,3.649278332,4.1739620233013115,-2.832003596026487,-3.0662215516910427
series_1,2023-08-27 10:00:00,3.731627416,3.6425350531797993,-2.0146788390216113,-3.034654970378362
series_1,2023-08-27 11:00:00,3.903543432,4.0290735609032176,-2.6732573034777234,-3.0144865480828313
series_1,2023-08-27 12:00:00,3.794947628,4.5396868634408465,-2.3268301874650517,-3.8980274622940696
series_1,2023-08-27 13:00:00,3.547244208,4.732629150596252,-2.294261950244277,-4.139340621492115
series_1,2023-08-27 14:00:00,3.511154968,4.644540742966088,-3.193570764458749,-3.372367786209912
series_1,2023-08-27 15:00:00,3.208333436,4.8063606480578365,-3.002997131220535,-3.75274711499192
series_1,2023-08-27 16:00:00,3.600065732,4.006086155298179,-2.39170670175541,-3.21379298282419
series_1,2023-08-27 17:00:00,3.528871504,3.3309222439130215,-1.7338117379010767,-2.844106160555721
series_1,2023-08-27 18:00:00,3.117126084,2.8929342067526034,-1.8462317038069782,-2.2272172818244065
series_1,2023-08-27 19:00:00,2.860236312,1.3219458443935672,-1.0700016671668071,-0.7762971388390367
series_1,2023-08-27 20:00:00,3.13976388,1.8147755055493529,0.06990649351400513,-1.8134285808121824
series_1,2023-08-27 21:00:00,2.892388544,1.8089323163734843,-0.1734166423844935,-1.8006006757092001
series_1,2023-08-27 22:00:00,2.911089332,0.07386453332890398,-0.06000060805069796,-0.04308011510480546
series_1,2023-08-27 23:00:00,3.090879364,0.4832448279462397,0.26348088710190865,0.40509676111860243
series_1,2023-08-28 00:00:00,3.321194332,1.5020692750603466,1.45319977436563,0.3800296341918578
series_1,2023-08-28 01:00:00,3.253280944,2.6558207112604832,2.6556202533400546,0.03263005378857115
series_1,2023-08-28 02:00:00,2.978018468,2.4146894580772815,2.3515510315123977,0.548573536677202
series_1,2023-08-28 03:00:00,2.661745492,2.6993636392090528,2.287466931606457,-1.433198902278006
series_1,2023-08-28 04:00:00,2.614501396,2.6341347130917456,1.7458178399021183,-1.9725074794774375
series_1,2023-08-28 05:00:00,2.490485644,2.722957214885591,2.2938084493937305,-1.467289607264846
series_1,2023-08-28 06:00:00,2.363189052,2.5310391862561987,2.454841402278789,-0.6163708721397765
series_1,2023-08-28 07:00:00,2.504593256,2.2869682094461856,2.2869631340503784,-0.004818144037308958
series_1,2023-08-28 08:00:00,2.580708744,2.2869468355097435,1.8189921930736366,1.3861432934531668
series_1,2023-08-28 09:00:00,2.517716616,2.804142115122939,1.5700222401993316,2.3234119667174014
series_1,2023-08-28 10:00:00,2.364501388,2.6458814257526617,2.0196231145774464,1.7093305690262
series_1,2023-08-28 11:00:00,2.368110312,2.2896624276968596,2.0413431515138307,1.0370497435389772
series_1,2023-08-28 12:00:00,2.43438328,2.1295233556312323,0.8756960555319542,1.9411404226651614
series_1,2023-08-28 13:00:00,2.2050525640000003,2.0012969270367678,0.9473463891654335,1.7628738494577612
series_1,2023-08-28 14:00:00,2.522637876,1.8012567954104919,1.0700267460555621,1.4489888908263653
series_1,2023-08-28 15:00:00,2.583989584,2.1757338634212577,1.3500588652426118,1.7062118581283576
series_1,2023-08-28 16:00:00,2.369094564,1.2173094001066718,0.6880459185885764,1.0042086384321074
series_1,2023-08-28 17:00:00,2.410105064,1.3343992266357572,0.5587044782611033,1.2118046880653233
series_1,2023-08-28 18:00:00,2.310695612,1.5356396543791153,-0.21208506396091584,1.5209237567170495
series_1,2023-08-28 19:00:00,2.537073572,2.3190595324651455,-0.6203960669249857,2.2345348140634256
series_1,2023-08-28 20:00:00,2.569225804,4.258474173443242,-1.4165628071094687,4.0159621635913405
series_1,2023-08-28 21:00:00,2.747047332,4.367419940404358,-1.4278353647407434,4.127425723987929
series_1,2023-08-28 22:00:00,2.727034208,4.302568631695926,-1.204682468437847,4.130476604544837
series_1,2023-08-28 23:00:00,2.646325544,4.492237925347804,-1.1677956913818788,4.337793771160987
series_1,2023-08-29 00:00:00,2.4888452240000003,3.7673059295506235,-0.2983896873566346,3.7554703515414016
series_1,2023-08-29 01:00:00,2.153543376,3.4126688256729283,-1.0449161055951424,3.2487626638441482
series_1,2023-08-29 02:00:00,2.614173312,3.933074529361165,-2.6011340397135667,2.9501147369132834
series_1,2023-08-29 03:00:00,2.712926596,4.2745070407497066,-3.205008496976168,2.828308854373825
series_1,2023-08-29 04:00:00,2.7375328960000003,4.2454659696347194,-3.1020542794187036,2.898489356003672
series_1,2023-08-29 05:00:00,2.569881972,3.8727060118727836,-2.825645728167789,2.6483160825858247
series_1,2023-08-29 06:00:00,2.385826848,4.092443562854208,-2.90693364920058,2.8805956110312048
series_1,2023-08-29 07:00:00,2.786089328,4.531069517035832,-3.3796958496393774,3.0179872319381498
series_1,2023-08-29 08:00:00,2.7933071760000003,4.5636108461092775,-2.74831000852255,3.643258987744491
series_1,2023-08-29 09:00:00,2.75098434,5.461905878990429,-3.835753302237392,3.8883688656459987
series_1,2023-08-29 10:00:00,2.68372712,5.450395334245863,-3.881049572706162,3.8267823969709056
series_1,2023-08-29 11:00:00,2.499671996,5.358563059733498,-4.395837135025858,3.064443497189674
series_1,2023-08-29 12:00:00,2.526902968,5.823428920018447,-5.392985672306735,2.1972778442430734
series_1,2023-08-29 13:00:00,2.675853104,7.4222550111205186,-6.182937352647852,4.106233693220055
series_1,2023-08-29 14:00:00,2.809055208,7.169741990282017,-5.565903355347466,4.519504402713308
series_1,2023-08-29 15:00:00,2.690616884,4.8989004959487685,-3.657214496193633,3.2594490635747384
series_1,2023-08-29 16:00:00,3.160761256,4.780850402836587,-3.6796597178530637,3.052316322911548
series_1,2023-08-29 17:00:00,3.271653648,4.629445143724324,-3.6230504313189997,2.881886172434979
series_1,2023-08-29 18:00:00,2.904855736,3.479080402832512,-3.007934602983238,1.7482362178919937
series_1,2023-08-29 19:00:00,2.95111558,3.568814331966264,-2.527350579338448,2.519709265999834
series_1,2023-08-29 20:00:00,2.51148302,2.8259063326058294,-2.3646370296612833,1.5473326464003758
series_1,2023-08-29 21:00:00,2.69521006,3.3945712226241507,-2.852664468988659,1.8399508723978677
series_1,2023-08-29 22:00:00,2.43438328,3.8758237821766572,-3.554295163340713,1.545637694396388
series_1,2023-08-29 23:00:00,2.397965956,3.983006003413105,-3.7529988847841596,1.3339176114114737
series_1,2023-08-30 00:00:00,2.484908216,4.665924587613815,-4.4852273400652,1.2859191130202563
series_1,2023-08-30 01:00:00,2.668307172,4.773227812910072,-4.565271916248371,1.3935551961268686
series_1,2023-08-30 02:00:00,2.366469892,5.002134923659508,-4.465702163828739,2.253632174617106
series_1,2023-08-30 03:00:00,3.029527656,4.095098623374672,-3.967917372063952,1.0126521928274452
series_1,2023-08-30 04:00:00,2.92322844,3.755703287318972,-3.726444516183839,-0.46788721951120843
series_1,2023-08-30 05:00:00,3.50557754,3.940102913139597,-3.93994258259874,-0.035544506696596936
series_1,2023-08-30 06:00:00,3.73851718,4.221394509584563,-4.032308362654143,1.2492641330079715
series_1,2023-08-30 07:00:00,4.014763908,4.039552620562172,-3.763940700098449,1.4665387074445415
series_1,2023-08-30 08:00:00,3.825131356,3.335056921418762,-2.5765471882188034,2.117547934754953
series_1,2023-08-30 09:00:00,3.5419948639999994,3.6883591064780363,-2.6937243586222612,2.5194924048515297
series_1,2023-08-30 10:00:00,3.680118228,2.4116116731855524,-0.017535857100239402,2.411547916994514
series_1,2023-08-30 11:00:00,3.831364952,2.6381057152607092,0.5463797743825638,2.5809050557966824
series_1,2023-08-30 12:00:00,3.724081484,3.3667716662913625,-0.8472700343199429,3.25841755180115
series_1,2023-08-30 13:00:00,3.85990826,3.2064166166098347,-0.07720224628017427,3.205487066334998
series_1,2023-08-30 14:00:00,3.801509308,3.70798830849321,0.41806739133963705,3.684344847082152
series_1,2023-08-30 15:00:00,3.592847884,4.311245290788234,-0.33173538586552775,4.298463398833166
series_1,2023-08-30 16:00:00,4.583989648,5.765318907987578,-1.6135284660920912,5.53492800313695
series_1,2023-08-30 17:00:00,5.544291516,7.205950470509567,-1.5326313407930667,7.041076860584316
series_1,2023-08-30 18:00:00,5.27230988,7.737290399909861,1.2034241767460045,7.643129789775946
series_1,2023-08-30 19:00:00,4.660105136,7.376528199005224,2.7566829131993074,6.8420660320399005
series_1,2023-08-30 20:00:00,5.463910936,6.7338170146997385,3.2538770660793084,5.895470772237177
series_1,2023-08-30 21:00:00,4.946850552,7.193584369552465,4.120683005629174,5.896408029384368
series_1,2023-08-30 22:00:00,4.864173384,6.469414878109164,2.709174263885647,5.874836480532872
series_1,2023-08-30 23:00:00,4.95242798,6.169436620469144,4.502563555252423,4.21768534209208
series_1,2023-08-31 00:00:00,5.0521655160000005,6.853950465106371,5.381338811586309,4.244741402376205
series_1,2023-08-31 01:00:00,4.481299355999999,6.65504741237049,6.106047256869889,2.6468552959636584
series_1,2023-08-31 02:00:00,5.585958184,6.106134535505682,6.093982657000451,0.3850381044428241
series_1,2023-08-31 03:00:00,4.640420096000001,5.584786923141574,5.572208225488825,0.3746204328220937
series_1,2023-08-31 04:00:00,6.793307304000001,5.687304116744034,5.492726624921012,-1.4749177401528095
series_1,2023-08-31 05:00:00,6.250328284,6.491736089343794,6.158088594810014,-2.054405586090412
series_1,2023-08-31 06:00:00,6.872703632,6.652712883323993,5.354708109020639,-3.9478715499790065
series_1,2023-08-31 07:00:00,6.639763992,7.636052646878035,5.110437442842943,-5.673863689645877
series_1,2023-08-31 08:00:00,6.82906846,8.707783820696084,6.818211079529565,-5.416409949676704
series_1,2023-08-31 09:00:00,6.874344052,9.369975077017427,6.8155427079131075,-6.429993043584123
series_1,2023-08-31 10:00:00,6.108595996,9.748677621868179,6.380347342962257,-7.370745088406457
series_1,2023-08-31 11:00:00,4.935039528,10.463470825885665,6.713446117705105,-8.025824751938623
series_1,2023-08-31 12:00:00,5.499344008,9.99124004288396,5.510226275513493,-8.334403637163764
series_1,2023-08-31 13:00:00,5.043635332,9.491600229157385,5.60950363215685,-7.656627450187165
series_1,2023-08-31 14:00:00,7.4859468146075585,10.927850983152098,3.6276212628237894,-10.308166232821772
series_1,2023-08-31 15:00:00,5.388123532,10.734183406971551,2.948992076091965,-10.321150088514855
series_1,2023-08-31 16:00:00,6.517716744,10.091446660008994,3.527222521422357,-9.45494563581291
series_1,2023-08-31 17:00:00,5.794619608,6.17267569955838,3.6015832704588604,-5.013035331799427
series_1,2023-08-31 18:00:00,5.621063172,4.858563610913051,4.180256292393083,-2.476105347354288
series_1,2023-08-31 19:00:00,5.192585468,4.3662224352928884,2.8090573784931796,-3.3426179857692366
series_1,2023-08-31 20:00:00,4.742126136,4.965387038695203,2.190421957374977,-4.456132862998128
series_1,2023-08-31 21:00:00,4.317257356,5.077981338064736,-0.41437614480379065,-5.061046026302396
series_1,2023-08-31 22:00:00,4.641404348,5.333335006264209,-0.7630381117821669,-5.278469013739794
series_1,2023-08-31 23:00:00,3.282808504,5.481952021628244,-0.9627869135856484,-5.396743400094376
series_1,2023-09-01 00:00:00,4.0928479,6.184264289256577,-1.4771833522682254,-6.00525221311776
series_1,2023-09-01 01:00:00,4.128609056,6.1683317861585305,-2.647488671875841,-5.571276402802394
series_1,2023-09-01 02:00:00,4.106299344,5.830447166081845,-2.716313491297286,-5.159045955742996
series_1,2023-09-01 03:00:00,4.119422704,5.658311080874199,-2.595941534735001,-5.02768056226541
series_1,2023-09-01 04:00:00,4.803805928,5.109221572947268,-1.2654773231542549,-4.950021436928541
series_1,2023-09-01 05:00:00,4.856299368,6.296211384344277,-0.7291367246718203,-6.253849808964181
series_1,2023-09-01 06:00:00,4.528543452,6.832550530404039,-0.869603709433984,-6.776985770906058
series_1,2023-09-01 07:00:00,4.21916024,7.06337264133133,-1.2840787582642827,-6.945673100058941
series_1,2023-09-01 08:00:00,4.369094628,6.612374645472825,-1.7735734226863569,-6.370081299829106
series_1,2023-09-01 09:00:00,3.955380704,7.393455531272265,-1.7579548991591647,-7.181419028675512
series_1,2023-09-01 10:00:00,4.470472584,7.488849143481467,-0.7602497659450526,-7.450159849775278
series_1,2023-09-01 11:00:00,4.01738858,6.8720813864464665,-0.00810673519443561,-6.872076604839942
series_1,2023-09-01 12:00:00,4.314960768,7.026204564264605,-2.152806232302267,-6.688271518490654
series_1,2023-09-01 13:00:00,3.375000108,5.289161737924068,-1.4788810092316669,-5.078202718526887
series_1,2023-09-01 14:00:00,4.148950264,4.316175482566236,-0.7868686991755528,-4.243843593555688
series_1,2023-09-01 15:00:00,3.91568254,4.074792229458119,0.2903924539072279,-4.064431563695717
series_1,2023-09-01 16:00:00,4.609252116,3.762327019146476,2.5210219861447163,-2.7927679360044504
series_1,2023-09-01 17:00:00,4.43077442,3.1298461815897483,2.480247288843262,-1.9090077282707831
series_1,2023-09-01 18:00:00,4.974737692,3.409621631120711,3.368741605864574,0.5264025648904327
series_1,2023-09-01 19:00:00,4.6026904360000005,4.008226849085308,3.9790174083747396,0.4830144279202362
series_1,2023-09-01 20:00:00,4.72605002,4.9045430991431145,4.183464364631226,2.559915803539834
series_1,2023-09-01 21:00:00,4.305774416,5.533239769753749,4.034701490121773,3.7865454223069435
series_1,2023-09-01 22:00:00,3.545603788,5.8727579628298745,3.929480486975574,4.364455199960231
series_1,2023-09-01 23:00:00,3.634514552,6.745655836013968,5.185883994759337,4.313986538093071
series_1,2023-09-02 00:00:00,3.359252076,7.273675743133521,5.760712092802506,4.440783151662322
series_1,2023-09-02 01:00:00,2.947506656,7.0881268751050674,5.782642015331333,4.099096720023999
series_1,2023-09-02 02:00:00,2.759842608,6.2992336943553315,4.985927947819312,3.8497879987417263
series_1,2023-09-02 03:00:00,2.840551272,6.856681403792733,5.903864193807474,3.4868994040831036
series_1,2023-09-02 04:00:00,3.86646994,6.443009334293158,5.418846341743569,3.4854660529635195
series_1,2023-09-02 05:00:00,3.964238972,6.761170597448807,5.781906978465346,3.50470819615271
series_1,2023-09-02 06:00:00,3.348753388,6.9247912254059045,6.337305923851712,2.7912877212807348
series_1,2023-09-02 07:00:00,3.364829504,6.678136262369923,6.098092824903537,2.7222725502124394
series_1,2023-09-02 08:00:00,3.276902992,5.993487832439242,5.583053773545336,2.1797722264719384
series_1,2023-09-02 09:00:00,3.457677276,5.941600040305893,5.349001705029735,2.586656490249908
series_1,2023-09-02 10:00:00,2.979658888,5.809228768939968,5.181880670710765,2.6258811101026507
series_1,2023-09-02 11:00:00,2.98228356,5.831981293247731,4.242771456100551,4.001361790202166
series_1,2023-09-02 12:00:00,2.758530272,6.577199263341624,4.261576202110419,5.009842155528231
series_1,2023-09-02 13:00:00,2.547900344,6.826286237965578,4.427655051346,5.195580289912619
series_1,2023-09-02 14:00:00,2.775918724,7.565721920768988,5.01105736270894,5.668284774960138
series_1,2023-09-02 15:00:00,3.005577524,7.158804620724498,4.640330259648856,5.451221760219778
series_1,2023-09-02 16:00:00,3.214895116,6.15571118191748,3.155673376766785,5.285310368781499
series_1,2023-09-02 17:00:00,3.27427832,5.942307329494445,2.8540618690583726,5.212038684214693
series_1,2023-09-02 18:00:00,3.271653648,6.184733061011933,1.659142782735683,5.958033925924736
series_1,2023-09-02 19:00:00,3.487204836,6.933610321021034,0.9267795560029675,6.871392270737012
series_1,2023-09-02 20:00:00,3.135170704,7.071477304849138,1.4817311495051162,6.914496660898946
series_1,2023-09-02 21:00:00,3.38090562,7.73522513391664,0.8460248776677421,7.688819791017539
series_1,2023-09-02 22:00:00,3.35137806,9.197984840270056,1.6305742583148999,9.052300962184066
series_1,2023-09-02 23:00:00,3.698490932,9.48641505213721,2.0635664349741414,9.25925289156007
series_1,2023-09-03 00:00:00,3.873359704,10.306369332800541,2.2656485948286678,10.054257071949293
series_1,2023-09-03 01:00:00,4.176837404,9.433901872465457,3.0935704117685776,8.912257101696364
series_1,2023-09-03 02:00:00,4.385498828,9.807485161931234,4.048091407574928,8.933068966341823
series_1,2023-09-03 03:00:00,4.57021012,9.521560413087032,4.039072157048668,8.622413166290531
series_1,2023-09-03 04:00:00,5.324147152,9.06020781380664,3.0895230074113793,8.51717166763936
series_1,2023-09-03 05:00:00,5.07053822,8.873088592089397,2.689587569425006,8.455638347839947
series_1,2023-09-03 06:00:00,5.272637964,9.384589162657074,2.576598929292424,9.023948786946306
series_1,2023-09-03 07:00:00,5.415354504000001,8.39655754417336,2.2036680118460086,8.102223514948303
series_1,2023-09-03 08:00:00,5.1263125,8.559638040462612,2.673858725762405,8.131290358756036
series_1,2023-09-03 09:00:00,4.835301992,8.093405615266729,2.3053788428188016,7.758121089820296
series_1,2023-09-03 10:00:00,4.770997528,6.829300625302389,1.4526955954230305,6.673007008672637
series_1,2023-09-03 11:00:00,4.660433220000001,6.411164363586141,0.9378137264242943,6.342202607253025
series_1,2023-09-03 12:00:00,4.761811176,6.395712745468261,1.0162885762269807,6.314451603455022
series_1,2023-09-03 13:00:00,4.453412215999999,6.631197891952758,2.146565102774931,6.274156815205336
series_1,2023-09-03 14:00:00,4.62434398,6.784958126032555,2.8385578188875984,6.162649290755338
series_1,2023-09-03 15:00:00,4.912073648000001,6.311254620580057,3.1103366135372204,5.491606416731168
series_1,2023-09-03 16:00:00,5.136811188,5.671439644142554,1.733501507701099,5.400018533296885
series_1,2023-09-03 17:00:00,5.6469818080000005,4.6076627362168034,1.0433149756619957,4.487989500018949
series_1,2023-09-03 18:00:00,5.528543484,3.550524699864508,-0.19439237527200048,3.5451991832313263
series_1,2023-09-03 19:00:00,6.413386032,4.388973900957111,0.16670731951178544,4.3858067185985155
series_1,2023-09-03 20:00:00,5.222441112,4.23828311026318,-0.6351931110782106,4.190414470476747
series_1,2023-09-03 21:00:00,4.207021132,4.030653932934268,-0.6758323395710851,3.973590539533276
series_1,2023-09-03 22:00:00,3.687007992,4.751024643015551,0.42245856999689785,4.732204973918313
series_1,2023-09-03 23:00:00,3.634842636,3.420304689753486,-0.1432273301297003,3.417304508330156
series_1,2023-09-04 00:00:00,3.573162844,3.4401920764622,-1.825369178225951,2.9159816333674016
series_1,2023-09-04 01:00:00,3.409777012,4.286316432884808,-2.4661871257500203,3.5057709028975643
series_1,2023-09-04 02:00:00,3.921916136,3.3312996880948,-0.9247392183407108,3.200377319936373
series_1,2023-09-04 03:00:00,3.66141744,2.952180946818742,1.3034722099540526,2.6488360728133222
series_1,2023-09-04 04:00:00,3.6991471,3.6985053440486446,0.08249997753272043,3.6975850948508926
series_1,2023-09-04 05:00:00,4.28805788,3.5042385299451504,0.09725095451258636,3.5028887973497733
series_1,2023-09-04 06:00:00,4.29954082,2.8293124001775474,2.6009773717344697,1.1135193619886838
series_1,2023-09-04 07:00:00,4.314632683999999,0.910511056011411,-0.9101681712423161,0.024985659415609485
series_1,2023-09-04 08:00:00,3.9452101,1.6396736281175415,-1.5930138022557732,-0.38837692074420005
series_1,2023-09-04 09:00:00,3.664042112,2.1569709568247757,-1.5217478263949418,-1.5286619186229045
series_1,2023-09-04 10:00:00,3.237532912,3.2644302854646705,-3.1746036881887614,-0.7605238402556918
series_1,2023-09-04 11:00:00,3.04461952,3.9521559097764922,-3.857631945549806,-0.8591927070540533
series_1,2023-09-04 12:00:00,2.977690384,3.1571990139943114,-3.152750871994752,0.16753373720830972
series_1,2023-09-04 13:00:00,3.12828094,2.1272307114452365,-1.990554914209406,-0.7502010618711439
series_1,2023-09-04 14:00:00,3.0019686,1.9454649315465997,-1.898591280314335,-0.424481978642191
series_1,2023-09-04 15:00:00,3.3435040439999995,2.9308660456442754,-2.9019150009529078,0.4109319952924053
series_1,2023-09-04 16:00:00,3.345472548,1.6000605823092326,-1.5992840702967315,0.049843049213308954
series_1,2023-09-04 17:00:00,3.697834764,0.7197922958433215,-0.7187929694029718,0.03791591080612722
series_1,2023-09-04 18:00:00,3.580708776,2.672332158848856,-1.8880059934958002,1.8912410041403307
series_1,2023-09-04 19:00:00,3.344160212,2.1685663035776552,-1.686058806266283,1.3637761967509086
series_1,2023-09-04 20:00:00,3.700459436,1.6911631184106193,-0.48247393970216845,1.6208798816015326
series_1,2023-09-04 21:00:00,3.355315068,2.004062567939774,1.7896228745100002,0.9019516302152382
series_1,2023-09-04 22:00:00,3.298228452,2.6597548503939716,2.595116610649695,0.5828084087625184
series_1,2023-09-04 23:00:00,3.442257328,2.5833943798000436,2.5115835065111263,-0.6048758644579286
series_1,2023-09-05 00:00:00,2.8133203,3.1414763551336438,2.923509422996169,-1.149767952030483
series_1,2023-09-05 01:00:00,2.920275684,2.957313300758613,2.695850311144997,-1.215768505408503
series_1,2023-09-05 02:00:00,2.974737628,2.736160343643121,2.63746541716413,-0.7282510551921515
series_1,2023-09-05 03:00:00,2.924540776,3.4735174263671467,3.4456578463509198,-0.4390504722199797
series_1,2023-09-05 04:00:00,3.368438428,4.011536274185347,3.9688193122192468,0.5838634652557051
series_1,2023-09-05 05:00:00,3.945538184,4.34690895604654,4.314989903382716,0.5258132804169556
series_1,2023-09-05 06:00:00,4.720472592,4.633641414469045,4.521601756163242,1.0127933237063589
series_1,2023-09-05 07:00:00,2.328412148,3.848420473540535,3.8261767821953425,0.41317232791566505
series_1,2023-09-05 08:00:00,4.4865487,3.594340891694961,3.3357176527774133,-1.3387584497061715
series_1,2023-09-05 09:00:00,4.612532956,4.358945791617139,3.562307953057118,-2.512045075599317
series_1,2023-09-05 10:00:00,4.234580188,5.112278430345516,3.9943453562229956,-3.1907046125575165
series_1,2023-09-05 11:00:00,4.241798036,4.504988724384677,2.95218359292282,-3.4028716461997783
series_1,2023-09-05 12:00:00,3.5413386959999995,4.485617605731059,1.6474607323542456,-4.172126369154612
series_1,2023-09-05 13:00:00,3.931758656,4.748727221839431,-0.06077260488740041,-4.748338332294155
series_1,2023-09-05 14:00:00,3.79101062,4.629991145644132,-0.22051637427855836,-4.624736807367323
series_1,2023-09-05 15:00:00,4.243110371999999,4.104400531094745,0.7662042190732083,-4.032249349224976
series_1,2023-09-05 16:00:00,4.530511956,3.9686039014727617,-0.2645581806967706,-3.959775990609979
series_1,2023-09-05 17:00:00,3.52854342,3.7568427834295783,0.2536072896563566,-3.748273074635846
series_1,2023-09-05 18:00:00,4.235236356,3.013259983166691,1.1809663520373563,-2.77219303106932
series_1,2023-09-05 19:00:00,5.189304628,4.460772098106048,3.8343089209550723,-2.279597071836553
series_1,2023-09-05 20:00:00,4.316929272,4.34266030384627,3.9015381575523547,-1.9070129836383283
series_1,2023-09-05 21:00:00,3.770997496,4.218299457225682,3.6861589230840615,-2.0509224033586047
series_1,2023-09-05 22:00:00,3.628937124,3.808527955007114,3.5349911148011737,-1.4172942539738966
series_1,2023-09-05 23:00:00,3.176181204,4.130781531639899,3.5577815086195606,-2.098939446258989
series_1,2023-09-06 00:00:00,2.953084084,3.832190493059662,3.0672544414895255,-2.2973102024453804
series_1,2023-09-06 01:00:00,2.629265176,3.734114823518408,2.6233721328902706,-2.657354354916684
series_1,2023-09-06 02:00:00,2.812664132,3.2323428910242558,1.6277911266752096,-2.792550198845581
series_1,2023-09-06 03:00:00,2.786089328,3.353500476004255,1.1089985761503653,-3.16482031095878
series_1,2023-09-06 04:00:00,3.017060464,4.849370832688609,-0.5602543423642808,-4.816898643815643
series_1,2023-09-06 05:00:00,2.93307096,4.98263715349471,-1.490454188991165,-4.754494643377417
series_1,2023-09-06 06:00:00,4.362532948,4.360893286041254,0.7081034744664608,-4.303019837473237
series_1,2023-09-06 07:00:00,3.982283592,5.463272623629308,0.6987730578836469,-5.418400499563815
series_1,2023-09-06 08:00:00,2.981299308,6.44155071422401,0.18102309360898194,-6.43900661930861
series_1,2023-09-06 09:00:00,3.286089344,6.706048969818485,0.4015795825915902,-6.694014238440872
series_1,2023-09-06 10:00:00,3.598097228,7.55162135676286,0.7181922872387408,-7.51739216447218
series_1,2023-09-06 11:00:00,3.086942356,7.0612447391636115,0.19953577643370712,-7.058424947556556
series_1,2023-09-06 12:00:00,3.014763876,7.360646918568031,-0.6358911155019832,-7.333127951225909
series_1,2023-09-06 13:00:00,3.614829512,6.794321821845599,-0.09337119788654291,-6.793680213125469
series_1,2023-09-06 14:00:00,3.0839896,6.112019542313667,1.1519194627434208,-6.0024881871584785
series_1,2023-09-06 15:00:00,2.81988198,5.506953233220133,2.1695334321767774,-5.061586569401034
series_1,2023-09-06 16:00:00,3.194553908,4.729245996889434,2.749282695119225,-3.8480140801993827
series_1,2023-09-06 17:00:00,3.295275696,3.239656735053397,2.3935164100515123,-2.1832212338173504
series_1,2023-09-06 18:00:00,2.906496156,3.9857061626418684,3.664183386809024,-1.5683155686130634
series_1,2023-09-06 19:00:00,3.035105084,4.0202025799027385,3.7129240508472154,-1.5415004950037945
series_1,2023-09-06 20:00:00,3.059055216,4.454163733441991,4.450101761619276,0.190181165058237
series_1,2023-09-06 21:00:00,3.099081464,3.887685424296564,3.876176327647882,0.2989231260209504
series_1,2023-09-06 22:00:00,3.07250666,3.7055254673183353,3.675727053080995,-0.46898786785296787
series_1,2023-09-06 23:00:00,2.387139184,2.7565324123149573,2.5451035077721302,-1.0587346574420409
series_1,2023-09-07 00:00:00,2.11450138,3.27903387872404,3.0293909223778948,-1.2549317978417913
series_1,2023-09-07 01:00:00,1.892716596,3.5908133400128737,3.308403706218161,-1.3958529147071133
series_1,2023-09-07 02:00:00,1.680446248,3.2943164044457722,2.8637443412969072,-1.6283393136230744
series_1,2023-09-07 03:00:00,1.801509244,3.0268386401392307,2.591364238364508,-1.5641558546274856
series_1,2023-09-07 04:00:00,1.604002676,2.0209804652347505,1.2075131762320894,-1.6205782826159187
series_1,2023-09-07 05:00:00,1.908464628,1.8859047052615483,1.880219124340516,-0.146330454081956
series_1,2023-09-07 06:00:00,1.80118116,2.922047088451877,2.1691459595094154,1.9578470301517605
series_1,2023-09-07 07:00:00,1.814960688,1.381372424809781,0.8699935930476824,1.0729869170128952
series_1,2023-09-07 08:00:00,1.796587984,2.9533813401153948,1.2754736254485686,2.6637620710053835
series_1,2023-09-07 09:00:00,1.979658856,2.5443382436809734,0.4773564443644224,2.499157442675698
series_1,2023-09-07 10:00:00,2.087270408,2.470528715193295,0.7458213816410191,2.355262745275294
series_1,2023-09-07 11:00:00,2.29002632,1.9179136352672537,0.03903433998653588,1.917516370893836
series_1,2023-09-07 12:00:00,2.085301904,2.193189067264089,1.0696165706425922,1.9146797843434562
series_1,2023-09-07 13:00:00,1.884186412,1.9723237338201405,-0.9142192087593455,1.7476453156535101
series_1,2023-09-07 14:00:00,1.772309768,2.469586299232983,0.27938004566096025,2.4537325199470583
series_1,2023-09-07 15:00:00,1.795275648,2.649394712951166,-0.19943339556124498,2.6418778673035783
series_1,2023-09-07 16:00:00,1.6177822039999998,2.286794399273243,0.05795037146371222,2.286060012115756
series_1,2023-09-07 17:00:00,1.45669296,2.6939881955023846,1.0038632562832692,2.49996619180951
series_1,2023-09-07 18:00:00,1.405183772,3.117610478567964,0.39005416416034355,3.0931137782335045
series_1,2023-09-07 19:00:00,1.475065664,3.3187410926245735,0.4036718545491154,3.294099493597579
series_1,2023-09-07 20:00:00,1.516404248,2.692864427712498,-0.7675141961418277,2.5811704292355677
series_1,2023-09-07 21:00:00,1.497047292,3.310449910315016,-1.8622802744060178,2.7369674437711065
series_1,2023-09-07 22:00:00,2.147637864,3.954271956312079,-1.8992420613290246,3.4683059693393306
series_1,2023-09-07 23:00:00,1.900918696,4.072005365099358,-0.4495187771839141,4.0471175622110405
series_1,2023-09-08 00:00:00,1.8454725,4.088102662366217,-0.8524994788316986,3.998228109630244
series_1,2023-09-08 01:00:00,1.974737596,3.687201845271462,-0.7289423652084993,3.6144294813950255
series_1,2023-09-08 02:00:00,1.82742788,2.7823607643833386,-1.208857585501839,2.506031676007807
series_1,2023-09-08 03:00:00,1.520341256,3.574458348174508,-0.7690674663010699,3.490743146539385
series_1,2023-09-08 04:00:00,1.621063044,4.237644923594806,-0.3785635915931518,4.220701849881004
series_1,2023-09-08 05:00:00,1.690944936,4.0831790817158575,0.3275881791739354,4.070016879354121
series_1,2023-09-08 06:00:00,1.593175904,4.825253780740984,1.331447625733369,4.6379220852105885
series_1,2023-09-08 07:00:00,1.342847812,5.09695951450865,-0.25619704339640886,5.09051661106171
series_1,2023-09-08 08:00:00,1.40912078,5.504275083521712,-0.6560837720841326,5.465034151685221
series_1,2023-09-08 09:00:00,1.46489506,5.84059250810818,1.0393895595170537,5.747363759963028
series_1,2023-09-08 10:00:00,1.719488244,5.306890518493836,1.4092852799651254,5.116346545627397
series_1,2023-09-08 11:00:00,1.7303150159999998,4.836529403986324,1.2369079830440215,4.6756898225936965
series_1,2023-09-08 12:00:00,1.63385832,5.265579346752128,0.30031912414991035,5.257008111141964
series_1,2023-09-08 13:00:00,1.7250656720000002,5.537976540152272,0.15605584515696663,5.535777337688834
series_1,2023-09-08 14:00:00,1.708989556,5.540757206694879,0.7239459281442959,5.493258843042492
series_1,2023-09-08 15:00:00,1.7841207919999995,5.192660938051215,0.8730882744761691,5.118734656390694
series_1,2023-09-08 16:00:00,1.969160168,4.897241987753086,-0.06985827795621027,4.896743704505351
series_1,2023-09-08 17:00:00,2.05544626,5.228151597480673,1.0543971530956087,5.120724145058352
series_1,2023-09-08 18:00:00,2.0915355,5.559154234649643,0.8990041912729791,5.485980975969264
series_1,2023-09-08 19:00:00,2.105971196,5.574043694382348,0.7014273335476988,5.529734424240985
series_1,2023-09-08 20:00:00,2.03083996,6.5580192035181275,1.6093909710733203,6.357474071983322
series_1,2023-09-08 21:00:00,1.9931103,7.295087943798618,0.4246254039502063,7.282719366697859
series_1,2023-09-08 22:00:00,2.074475132,7.585920163669139,0.09126589928305398,7.585371135626132
series_1,2023-09-08 23:00:00,2.113845212,7.374099709344531,-0.4734601226721368,7.358884564633038
series_1,2023-09-09 00:00:00,2.228674612,8.770848816832968,-1.7676208079065963,8.590885032823795
series_1,2023-09-09 01:00:00,2.475065696,8.223819613005242,-0.793001447620987,8.18549679196814
series_1,2023-09-09 02:00:00,2.720472528,7.6934834112098365,0.23652105454861014,7.689846863840408
series_1,2023-09-09 03:00:00,2.702427908,6.947375489960479,0.3780447097477316,6.937082124058743
series_1,2023-09-09 04:00:00,2.756233684,6.42943622357682,0.6610346549044149,6.395364206834288
series_1,2023-09-09 05:00:00,3.039042092,6.689153694374799,-0.3648736123425822,6.679194891151484
series_1,2023-09-09 06:00:00,3.058070964,6.828367017019892,0.40223955058808863,6.8165093312536325
series_1,2023-09-09 07:00:00,3.30380588,7.508481671157694,0.37147355895793954,7.499286926175459
series_1,2023-09-09 08:00:00,3.137467292,7.635785449639022,1.7878666119700077,7.42352695224594
series_1,2023-09-09 09:00:00,3.262139212,6.752437424516211,0.8624223717528194,6.697136613860237
series_1,2023-09-09 10:00:00,2.556758612,6.4999791142576395,0.11286145002454599,6.498999213639272
series_1,2023-09-09 11:00:00,2.421916088,6.972228547081637,-0.8389612288141935,6.921568822838266
series_1,2023-09-09 12:00:00,2.30643052,5.413680367306737,-1.0603694749297143,5.308818295628481
series_1,2023-09-09 13:00:00,2.27526254,6.2396865558483094,-0.6544515762174039,6.205270457411239
series_1,2023-09-09 14:00:00,2.198490884,6.076081657172181,-0.5675807488220118,6.049514062979842
series_1,2023-09-09 15:00:00,2.124671984,6.67698416738247,-1.0548704477615174,6.593130205745643
series_1,2023-09-09 16:00:00,2.330052568,6.852723730856561,-0.4224609215418284,6.839689269346576
series_1,2023-09-09 17:00:00,2.38845152,6.357124890648736,-0.3241801549915777,6.348853762878409
series_1,2023-09-09 18:00:00,2.458005328,5.589742499069803,0.36038644370019185,5.578112836533898
series_1,2023-09-09 19:00:00,2.400590628,5.318851770687892,1.231204349167022,5.174390786280249
series_1,2023-09-09 20:00:00,2.056758596,4.925268056294538,1.2396227246663538,4.76671804566267
series_1,2023-09-09 21:00:00,1.89140426,5.827545623823157,0.26170904125333,5.82166611679738
series_1,2023-09-09 22:00:00,1.803805832,5.1267540448613405,0.5873506309441461,5.092997768783296
series_1,2023-09-09 23:00:00,1.765420004,5.448611051801481,-0.7142599419993922,5.401591906935239
series_1,2023-09-10 00:00:00,1.983595864,5.25124645997195,-0.2791024547391249,5.2438241010856315
series_1,2023-09-10 01:00:00,1.816273024,4.024027307418052,-0.18521934210458396,4.019762376827332
series_1,2023-09-10 02:00:00,1.7273622599999998,3.485586795142961,-0.2264554184192833,3.4782227142527153
series_1,2023-09-10 03:00:00,1.645669344,2.6018751886226332,-0.771078459215663,2.484993462145054
series_1,2023-09-10 04:00:00,1.504921308,1.9425138244915474,1.9192958215307785,0.29943865447746054
series_1,2023-09-10 05:00:00,1.489829444,2.3328954139785276,-1.1064332754209327,-2.0538272613838178
series_1,2023-09-10 06:00:00,1.618110288,2.2857621391157528,-2.2845390484361405,-0.07476558556926152
series_1,2023-09-10 07:00:00,1.381889808,2.850118227720247,-2.7208038097866565,-0.8487641254398169
series_1,2023-09-10 08:00:00,1.410105032,3.2810315053339494,-3.0873995213384906,-1.1104647381312112
series_1,2023-09-10 09:00:00,1.383530228,3.928712844670095,-3.3295565477202933,-2.0853867294602013
series_1,2023-09-10 10:00:00,1.4904856119999998,3.6703548789236953,-3.496545046738018,-1.116099311607531
series_1,2023-09-10 11:00:00,1.582677216,3.012141271874462,-2.6334206487009726,-1.462221162726367
series_1,2023-09-10 12:00:00,1.749343888,2.097830131467448,-2.0959465711357823,-0.08887762056270468
series_1,2023-09-10 13:00:00,1.7273622599999998,1.8480711053795837,-1.8014344918525975,0.4125537323824502
series_1,2023-09-10 14:00:00,1.844816332,1.4922072849181809,-0.6934977077395579,1.3212658742746926
series_1,2023-09-10 15:00:00,1.7276903439999998,1.9081981263172274,-0.9071562214954989,1.6787756488234473
series_1,2023-09-10 16:00:00,1.779527616,1.7055589717443884,-1.400734909909116,0.973074055896917
series_1,2023-09-10 17:00:00,1.81922578,1.5068008523232177,0.19148937469669522,-1.4945837641096746
series_1,2023-09-10 18:00:00,1.710629976,1.7476475042336022,-1.0124380745129413,-1.4245142836526652
series_1,2023-09-10 19:00:00,1.716535488,2.223558509199731,-2.1794962944860945,0.4404637852944472
series_1,2023-09-10 20:00:00,1.756233652,1.8942165691287636,-1.6119986254141392,0.9947446116591283
series_1,2023-09-10 21:00:00,1.6348425720000002,3.9367600906220273,-1.874343574138164,3.4619237682539064
series_1,2023-09-10 22:00:00,1.8208662,2.5046254615846704,-0.8301600271910701,2.3630452877743044
series_1,2023-09-10 23:00:00,1.91765098,2.7883315738089642,-1.2474901895030885,2.493704311379664
series_1,2023-09-11 00:00:00,1.961286152,2.2989260402051106,-1.069936461136503,2.034771954658272
series_1,2023-09-11 01:00:00,2.016732348,3.8441526358963225,-2.6710779654340793,2.764570851079998
series_1,2023-09-11 02:00:00,1.995734972,4.1648129624961925,-2.968837516865289,2.9209023966968592
series_1,2023-09-11 03:00:00,1.96522316,3.960907363506101,-2.3401766715051258,3.195678376874
series_1,2023-09-11 04:00:00,2.184055188,2.9092773937014402,-1.2331127946993834,2.635019504491555
series_1,2023-09-11 05:00:00,2.399606376,2.8565602269831323,-1.4249466826322688,2.4757752890836473
series_1,2023-09-11 06:00:00,2.177493508,3.588142713239862,-2.404473118198757,2.6633207006359307
series_1,2023-09-11 07:00:00,2.058070932,2.991573190559534,-1.839488002424039,2.3591935154650985
series_1,2023-09-11 08:00:00,2.133530252,2.580994694963781,-1.6239422747377883,2.0060770433237702
series_1,2023-09-11 09:00:00,2.441601128,2.8934260846864137,-1.0091457241327388,2.711741030225482
series_1,2023-09-11 10:00:00,2.221456764,3.0152163563790597,-1.062421253909851,2.8218417310360326
series_1,2023-09-11 11:00:00,2.872047336,2.091501837976297,-0.1109486211966313,2.0885569998716327
series_1,2023-09-11 12:00:00,3.054790124,3.191730610390235,2.560606968267354,-1.9053703690785924
series_1,2023-09-11 13:00:00,3.781824268,2.603074549973496,-1.3886638715898931,2.201728812651705
series_1,2023-09-11 14:00:00,2.958989596,3.0601935591642446,-1.985029735083716,2.3290430589372533
series_1,2023-09-11 15:00:00,4.864829552,2.895279361109572,-1.0160645132193715,2.711135460253385
series_1,2023-09-11 16:00:00,3.708005368,2.1640690663380373,-0.5147744431314447,2.101951996735391
series_1,2023-09-11 17:00:00,3.824803272,1.6590576455984976,-0.9846508970686015,1.3352658470584906
series_1,2023-09-11 18:00:00,3.7401576,1.1674390887331005,-0.6435334787395269,0.9740527129695676
series_1,2023-09-11 19:00:00,3.949803276,0.7736997819605856,-0.5967969168844931,0.49238683228029284
series_1,2023-09-11 20:00:00,3.749343952,1.227190765031336,-0.868630214023476,0.8668787256956569
series_1,2023-09-11 21:00:00,3.346784884,1.744896647641518,-0.12459471833981517,1.7404426066700476
series_1,2023-09-11 22:00:00,3.684055236,1.7084422867787445,-0.3594662129374547,1.670197320381694
series_1,2023-09-11 23:00:00,4.238189112000001,1.8006086113427393,-0.514940540601731,1.725406505982409
series_1,2023-09-12 00:00:00,3.829724532,1.168580981987111,-0.5617982730213436,1.0246776136386488
series_1,2023-09-12 01:00:00,4.143044752,1.5541312185422742,0.08663371352803802,1.5517146787112752
series_1,2023-09-12 02:00:00,4.320538196,1.1786938629400803,-0.4815861671483933,1.0758224696221623
series_1,2023-09-12 03:00:00,4.421259984,1.4367975708726592,-0.33129348657162,-1.3980815017089647
series_1,2023-09-12 04:00:00,4.489501456,1.7124476797732777,-0.4661360684624901,-1.6477846405520398
series_1,2023-09-12 05:00:00,3.667651036,2.077493491725721,-1.4232236801595217,-1.513411234395964
series_1,2023-09-12 06:00:00,4.450787544,2.492161023587515,-2.484051502037461,0.2008847996096357
series_1,2023-09-12 07:00:00,3.576771768,3.095047166388346,-3.039833164727547,0.5820062652506719
series_1,2023-09-12 08:00:00,3.54658804,2.715504369805885,-2.6983292822199023,-0.30493124987361314
series_1,2023-09-12 09:00:00,3.796916132,2.2417137201329584,-2.2174000663166153,-0.32926789842226856
series_1,2023-09-12 10:00:00,3.695210092,2.1758739621246415,-2.1729319816280452,-0.11311101745631193
series_1,2023-09-12 11:00:00,3.701115604,1.9192428885191877,-1.8638602528400072,0.4577316058725459
series_1,2023-09-12 12:00:00,3.3910762240000003,3.179839567674994,-3.120942953942585,-0.609175470933971
series_1,2023-09-12 13:00:00,3.875000124,3.7425981482826693,-3.742528936441177,-0.022760918903619615
series_1,2023-09-12 14:00:00,3.479986988,2.5902705707897264,-2.5292677557445065,0.5588436719248794
series_1,2023-09-12 15:00:00,4.310039508,1.3785938138293805,-1.2165310639595213,0.6485160552755435
series_1,2023-09-12 16:00:00,3.786417444,1.6076279786532341,-1.5303917273716905,-0.4923097384177736
series_1,2023-09-12 17:00:00,4.207349216,2.215202207820557,-1.801238396824998,-1.289442150441958
series_1,2023-09-12 18:00:00,3.858595924,2.890525660043243,-2.7861065500030433,-0.7699018660833118
series_1,2023-09-12 19:00:00,3.611548672,2.7028614638188073,-2.70045403962956,-0.11405293702985186
series_1,2023-09-12 20:00:00,3.774934504,2.5615338311007276,-2.5552893618894164,-0.17875078989573678
series_1,2023-09-12 21:00:00,3.626640536,2.687280901395598,-2.6700609928844368,-0.30373168633271197
series_1,2023-09-12 22:00:00,3.344160212,3.062851003895029,-2.8798542608500806,1.0428306230277384
series_1,2023-09-12 23:00:00,3.678149724,3.055228332362395,-3.0307316862330596,0.38611605630019574
series_1,2023-09-13 00:00:00,4.451443712,4.070259486657285,-3.8980715611775825,1.1713455479328854
series_1,2023-09-13 01:00:00,4.322834784,4.375717389516149,-4.033448671412453,1.6965242373733251
series_1,2023-09-13 02:00:00,4.11417336,3.6932420433841946,-3.3377963129640684,1.580870824635629
series_1,2023-09-13 03:00:00,4.359580192,4.0777741789032085,-3.7414036253248923,1.6217709969460832
series_1,2023-09-13 04:00:00,3.68766416,4.537589266441494,-3.7741875925990813,2.5189728793292336
series_1,2023-09-13 05:00:00,4.455708804,3.930205207176979,-2.8312862984307303,2.7258633250475808
series_1,2023-09-13 06:00:00,4.798556584,3.9132553565075394,-2.400239111741331,3.0906989002007514
series_1,2023-09-13 07:00:00,4.36679804,3.8426112953492293,-1.743798644870406,3.424153596627
series_1,2023-09-13 08:00:00,4.24540696,4.137370918322189,-1.728030116755454,3.759221998148597
series_1,2023-09-13 09:00:00,4.395341348,4.30184690354221,-2.09397210349406,3.7578142065972826
series_1,2023-09-13 10:00:00,4.76049884,4.023288120584706,-1.3385189561097062,3.7941025691687615
series_1,2023-09-13 11:00:00,4.644357104,3.6122782900898884,-1.2752535551733342,3.379686792451706
series_1,2023-09-13 12:00:00,4.868110392,3.7092770677046216,-1.4372173794310856,3.4195237342736253
series_1,2023-09-13 13:00:00,4.829068396,3.53928823421488,-1.3219236397041951,3.283150787832185
series_1,2023-09-13 14:00:00,5.252296756,4.5936510195622215,-1.3036782002988625,4.404776139554717
series_1,2023-09-13 15:00:00,5.0935041,4.638583113066175,-1.5314041822308972,4.3784991181303665
series_1,2023-09-13 16:00:00,5.809055304,4.782717601921568,-2.831758959292642,3.8542870749590312
series_1,2023-09-13 17:00:00,5.899934572,5.49155902196041,-3.171772964862976,4.482976327289617
series_1,2023-09-13 18:00:00,6.378937211999999,6.104606935258492,-3.837231373257346,4.747829106243781
series_1,2023-09-13 19:00:00,5.823819083999999,5.884426307093685,-3.2165103797171484,4.927528177574236
series_1,2023-09-13 20:00:00,5.564960808,5.8159989731541595,-2.881567772494494,5.051971024090633
series_1,2023-09-13 21:00:00,5.313648464,6.243012729784723,-3.3129270328165945,5.291476393171109
series_1,2023-09-13 22:00:00,4.948819056,5.916135471393266,-1.881286837800579,5.609047936129262
series_1,2023-09-13 23:00:00,5.026574964,4.9332582982380915,-1.4113080794110293,4.7270759399574
series_1,2023-09-14 00:00:00,4.660433220000001,5.4601848603052625,-1.7788487158840578,5.162297546122699
series_1,2023-09-14 01:00:00,5.598753459999999,4.543803511209219,-1.960736942557568,4.098982921477868
series_1,2023-09-14 02:00:00,5.571522487999999,4.264395150538704,-1.5870087464321114,3.9580890892810876
series_1,2023-09-14 03:00:00,5.89402906,4.706971843852751,-2.559321081976919,3.95037460732157
series_1,2023-09-14 04:00:00,6.120078936,4.556416546035026,-1.991378923162411,4.098212015668085
series_1,2023-09-14 05:00:00,6.020669484,4.134261301667947,-2.0612230235778717,3.583779591093968
series_1,2023-09-14 06:00:00,5.718176036,4.656014399124011,-2.8698423706700953,3.6663980760900436
series_1,2023-09-14 07:00:00,6.36975086,4.88749007346079,-2.9492001836204977,3.897406508835149
series_1,2023-09-14 08:00:00,5.848425384,4.2355557962654045,-2.744845467668001,3.2257954463821625
series_1,2023-09-14 09:00:00,5.981955572,4.961630463312924,-2.5335663363273406,4.266007322298413
series_1,2023-09-14 10:00:00,6.114173424,3.7369892003786456,-0.31290344986321617,3.723866232131644
series_1,2023-09-14 11:00:00,5.21161434,3.7735490592209233,-0.5214614960429251,3.7373453694422984
series_1,2023-09-14 12:00:00,5.852690476,3.502370053564144,1.3453771715035858,3.2336598860269636
series_1,2023-09-14 13:00:00,4.972769188,2.442764366782656,-0.7940285146059098,2.310111787255284
series_1,2023-09-14 14:00:00,4.895669448,1.891811355714018,-1.3261465317313066,1.349179595897276
series_1,2023-09-14 15:00:00,5.708333516,3.1765427980038377,-0.2823818095817221,3.1639666024102406
series_1,2023-09-14 16:00:00,5.854002812,4.399746768862458,0.16345945815993818,4.396709296241189
series_1,2023-09-14 17:00:00,5.776574988,4.9552524723685005,2.9856119178166973,3.954825981140642
series_1,2023-09-14 18:00:00,6.260826972,4.592201331416597,3.001169893031875,3.475815349155275
series_1,2023-09-14 19:00:00,6.362204928,4.816506923334969,4.814373973822984,-0.1433254433433882
series_1,2023-09-14 20:00:00,5.268372872,3.8698370869069874,3.8155065225667073,-0.646180358299191
series_1,2023-09-14 21:00:00,5.47736238,2.5071763400113434,2.4733259880460587,-0.4105992654263549
series_1,2023-09-14 22:00:00,5.105971292,1.5842418918669274,0.5897011229351259,1.470399591116358
series_1,2023-09-14 23:00:00,5.6145014920000005,1.7527431208587023,0.12056830662757029,1.7485913562506432
series_1,2023-09-15 00:00:00,5.267388619999999,2.012989851866174,1.794230067671403,0.9126152573675692
series_1,2023-09-15 01:00:00,5.519357132,1.6183921218425605,1.4049300448416242,0.8033458963257218
series_1,2023-09-15 02:00:00,5.578740336,1.9659558441116094,1.360693631497854,-1.4189768222905448
series_1,2023-09-15 03:00:00,5.951115676000001,7.024644383994808,-0.5488100287771647,-7.003173300290619
series_1,2023-09-15 04:00:00,6.572834856,9.382731965728619,-3.971226710006671,-8.500883339890933
series_1,2023-09-15 05:00:00,5.998031688,8.421871056841427,-1.834549971811347,-8.219631287289614
series_1,2023-09-15 06:00:00,6.496391284,7.753234865934034,-2.5537138013812926,-7.320600843303085
series_1,2023-09-15 07:00:00,6.353018575999999,8.136209708084046,-1.4777173501610066,-8.000891190795823
series_1,2023-09-15 08:00:00,7.407152468,8.084786955923589,-1.331762316085823,-7.974345694546101
series_1,2023-09-15 09:00:00,5.924868956,6.9187111635734,-1.4280931200252989,-6.7697203934499095
series_1,2023-09-15 10:00:00,6.471128815999999,6.811196524861906,-0.7732456170441698,-6.76716257496544
series_1,2023-09-15 11:00:00,5.569553984,8.166439232247697,-1.5509634914099169,-8.017807804026479
series_1,2023-09-15 12:00:00,7.20472464,8.2808133996725,-2.650661885410261,-7.845117088318629
series_1,2023-09-15 13:00:00,6.908136704,7.923780537005273,-3.5010405211608555,-7.108376275058411
series_1,2023-09-15 14:00:00,6.928477912,8.190381674813306,-5.3851160046818185,-6.171132602305459
series_1,2023-09-15 15:00:00,7.390420184000001,8.615556097035489,-4.85830601432529,-7.115101512440711
series_1,2023-09-15 16:00:00,8.188648555999999,8.724269948873246,-4.644384756888519,-7.385294602843842
series_1,2023-09-15 17:00:00,8.699475344,9.444816617222665,-4.835449862725837,-8.113136604176592
series_1,2023-09-15 18:00:00,8.090223356,9.991213158929883,-5.0097211222212,-8.644480011240955
series_1,2023-09-15 19:00:00,8.127296848,10.498997261598456,-5.737734874570998,-8.792459383368433
series_1,2023-09-15 20:00:00,7.123031724,10.508617787629943,-7.185763632043991,-7.667845123037266
series_1,2023-09-15 21:00:00,8.118766664,10.824627856076468,-6.925734665672083,-8.319060497631607
series_1,2023-09-15 22:00:00,7.355971364,11.306845220628766,-6.679614820367355,-9.122910428957656
series_1,2023-09-15 23:00:00,7.627624916,11.295303862965778,-5.171602809365429,-10.041833186171397
series_1,2023-09-16 00:00:00,7.730643292,12.54547612949832,-4.2528174726165435,-11.802648637505888
series_1,2023-09-16 01:00:00,8.6860239,13.009707781176319,-7.522709996436294,-10.614204202912111
series_1,2023-09-16 02:00:00,8.501968776,13.239011975467243,-8.329170052501963,-10.29059591681014
series_1,2023-09-16 03:00:00,10.002296908,13.45244620236513,-6.561405507816669,-11.743775653064949
series_1,2023-09-16 04:00:00,11.23851742,15.460343776029859,-6.263094181072464,-14.134917083309736
series_1,2023-09-16 05:00:00,11.95210012,15.933240046035133,-7.591623443438506,-14.008404329459246
series_1,2023-09-16 06:00:00,12.242782544,15.108386216498827,-6.189105182154105,-13.782536454191767
series_1,2023-09-16 07:00:00,12.69028912,5.764665033706476,1.2785502935232025,5.621091717608762
series_1,2023-09-16 08:00:00,13.7959322,5.593887400485202,0.22657948399002886,5.5892967345402145
series_1,2023-09-16 09:00:00,2.5197166368912547,11.206502912115546,-10.424014876365295,-4.114076005200833
series_1,2023-09-16 10:00:00,7.46224515321988,4.352846590719023,1.6096847191392043,-4.044278495270072
series_1,2023-09-16 11:00:00,2.5300515469164666,4.381501188210611,-3.6426676402165743,-2.4348562843030406
series_1,2023-09-16 12:00:00,2.50870503583703,4.255444493690861,-0.35983028965792446,-4.2402040047064435
series_1,2023-09-16 13:00:00,2.526951332737463,4.268058000204925,0.7123591506343483,4.208190054360754
series_1,2023-09-16 14:00:00,2.512303283072862,8.05641258150417,0.5728425604583013,8.036021097803705
series_1,2023-09-16 15:00:00,4.281358641423097,1.839947636150673,1.7997947587307215,-0.382290635801969
series_1,2023-09-16 16:00:00,2.528037850793532,6.136985184427578,6.027030668709596,1.1564983667595685
series_1,2023-09-16 17:00:00,3.0069469295826408,7.301636410503122,-2.164296586595438,-6.973500882371512
series_1,2023-09-16 18:00:00,4.249993577586267,3.57329700797264,-0.3557314287775423,3.555545901513031
series_1,2023-09-16 19:00:00,2.5303468709408232,7.630213939058786,2.0645709322493784,7.345591305097087
series_1,2023-09-16 20:00:00,4.271496078424828,5.941716750300236,2.1394784409582828,5.543160645468712
series_1,2023-09-16 21:00:00,3.004167703606821,6.70904296677068,-3.0407474248419777,5.980394019485004
series_1,2023-09-16 22:00:00,3.0093230660708667,3.886612845061229,3.8421448654915396,-0.5862441811838636
series_1,2023-09-16 23:00:00,2.991205313087059,4.884527666309069,1.1725110535150802,4.741711542504845
series_1,2023-09-17 00:00:00,2.997050438031939,6.05162605783813,-1.6120886584745375,5.832953634405405
series_1,2023-09-17 01:00:00,3.0019435577857845,5.31258428965104,0.18672909467119148,-5.309301656512872
series_1,2023-09-17 02:00:00,3.011158705068576,8.143665250748345,2.9826942812527784,7.577784540406785
series_1,2023-09-17 03:00:00,4.263813003475615,13.651989664979961,-11.75781918077351,-6.937615579214103
series_1,2023-09-17 04:00:00,7.466421538853149,8.369658648394925,-6.736672956734,-4.966731658209527
series_1,2023-09-17 05:00:00,4.263364882502925,1.1405860758477593,-0.47029157924480086,1.0391161758481204
series_1,2023-09-17 06:00:00,2.514161490233639,3.9568143092703743,-1.0237084489372643,3.8220937311402046
series_1,2023-09-17 07:00:00,2.5187080371070585,5.4877668843447625,-1.5413932064610272,5.266848427664006
series_1,2023-09-17 08:00:00,3.0081758885491645,1.6197666321149229,1.3748911056312085,-0.8563401136050519
series_1,2023-09-17 09:00:00,2.523963722908476,6.643394313298376,1.036774729847041,6.56199559292109
series_1,2023-09-17 10:00:00,3.003903889803779,4.066037523323924,1.2173421063412846,-3.8795282364234334
series_1,2023-09-17 11:00:00,3.00834999958225,3.7059861983321456,3.691512722353257,0.3272117402117342
series_1,2023-09-17 12:00:00,2.5037757904339037,6.862349891589024,1.5489273068817888,6.6852576788473765
series_1,2023-09-17 13:00:00,2.998740091373413,6.659186486080919,0.9688383180832314,6.588331880667244
series_1,2023-09-17 14:00:00,3.0069413912150744,5.385775240070898,0.898835895884428,-5.310241893626916
series_1,2023-09-17 15:00:00,2.9985912964611177,5.39584409264398,3.043926625053029,4.4552939491591586
series_1,2023-09-17 16:00:00,3.004015687132108,5.023539269870284,1.6881661237387,4.7313890068974365
series_1,2023-09-17 17:00:00,3.0382747050333347,5.2669553149801365,1.2765681422126,-5.109911160508114
series_1,2023-09-17 18:00:00,3.004974490585216,3.918548068729791,0.9175865628805272,3.8096002239824425
series_1,2023-09-17 19:00:00,2.507116518667175,5.1079361228956754,4.9529754762557685,1.2486173822238154
series_1,2023-09-17 20:00:00,3.006778920603155,7.964889983824925,4.060293975027975,6.852261326801988
series_1,2023-09-17 21:00:00,4.269509043211436,2.8353223564407113,2.2414670303619246,-1.7363405244170862
series_1,2023-09-17 22:00:00,2.513572365125104,5.240947041950246,-3.1731719212627048,4.171151622110732
series_1,2023-09-17 23:00:00,3.0091180958026,5.122520130185589,4.57664303343268,-2.300989141366969
series_1,2023-09-18 00:00:00,3.0295266459457864,5.188063455063781,4.465233579511942,2.641532035423252
series_1,2023-09-18 01:00:00,3.0024954773981447,8.095153393534284,0.10846492195989538,8.094426713829328
series_1,2023-09-18 02:00:00,4.2749487873643925,6.103013184183421,0.28287862800773855,6.096453855163108
series_1,2023-09-18 03:00:00,3.014856436052675,4.27457410361095,4.18392981108381,0.8756226945354688
series_1,2023-09-18 04:00:00,2.531593832243386,5.193625816312007,-3.6677098998196924,3.6771800623068738
series_1,2023-09-18 05:00:00,2.9969668361756443,2.9889634933988916,0.9356332119028908,2.8387485372353054
series_1,2023-09-18 06:00:00,2.5269171433389266,11.244252766024669,-7.018344168806675,-8.784990916012989
series_1,2023-09-18 07:00:00,7.458371235622422,6.102867192070215,3.0611165621595746,5.279635721990612
series_1,2023-09-18 08:00:00,3.012650630448927,4.999713891691517,1.890733671349478,4.628419296347129
series_1,2023-09-18 09:00:00,2.9955169085982,5.086047766316426,-2.9578899308224864,4.137483418503481
series_1,2023-09-18 10:00:00,3.018522403536836,8.009288433339405,-0.4232580523919708,7.998096887979648
series_1,2023-09-18 11:00:00,4.2666509607957455,3.7443911140028874,3.643735993540229,0.8623530738642861
series_1,2023-09-18 12:00:00,2.517384334431435,3.339848604869372,3.185661874749316,-1.003068852679896
series_1,2023-09-18 13:00:00,2.514002664442064,5.258456401942579,2.2533375802785454,4.751192848163009
series_1,2023-09-18 14:00:00,2.9935522877151843,2.293437416407228,1.975962796195704,1.1642277316002727
series_1,2023-09-18 15:00:00,2.514733521420188,5.451359845128948,3.812035403215024,3.8968846846833407
series_1,2023-09-18 16:00:00,3.0191662104655714,4.612928573215995,4.412760432979097,1.3441188127270178
series_1,2023-09-18 17:00:00,3.0024228886255573,8.01171628984476,3.482003838163423,7.21548662114892
series_1,2023-09-18 18:00:00,4.260396274237246,4.267030215379468,-4.158256594733848,0.9573134028696207
series_1,2023-09-18 19:00:00,2.5247624482869866,5.817284780031434,5.7568103250330545,-0.8366224319119018
series_1,2023-09-18 20:00:00,3.004099486841813,4.106964478697306,3.9354870886509015,1.1743502903067244
series_1,2023-09-18 21:00:00,2.4966563797560024,5.341763857294173,3.4444301451985835,4.082933024425159
series_1,2023-09-18 22:00:00,3.001341272273236,7.081285689330453,-0.21993758248847672,7.077869345624105
series_1,2023-09-18 23:00:00,4.277365240056469,14.97723329613721,-8.130041136485838,-12.578551121888767
series_1,2023-09-19 00:00:00,7.4635928408091985,6.130706469530948,-5.7244345382103425,2.194632323031166
series_1,2023-09-19 01:00:00,2.999322592067467,10.887201988769672,4.1018103443890634,10.084955083833202
series_1,2023-09-19 02:00:00,7.47561040984273,2.6983778372820866,2.580327169011241,0.7894014527460567
series_1,2023-09-19 03:00:00,2.520192778352336,5.679977574303382,-5.646785607518116,-0.6131537713458048
series_1,2023-09-19 04:00:00,3.0116741709051027,5.930818726755861,0.4854239343728689,5.910919926168513
series_1,2023-09-19 05:00:00,3.0129729467387043,8.2461124206197,4.431038011153145,6.9544426230442395
series_1,2023-09-19 06:00:00,4.275302482994673,7.0067800483547575,-1.2045278059470157,6.902469080750943
series_1,2023-09-19 07:00:00,4.2621873886201405,5.91439987465862,-5.8505081017726805,-0.8669952874463174
series_1,2023-09-19 08:00:00,2.99815101326554,5.254689381434493,5.249990747663422,-0.2221658047694829
series_1,2023-09-19 09:00:00,2.999831514498742,3.745737009857111,2.7069671479190633,2.588991040366927
series_1,2023-09-19 10:00:00,2.514285114491416,1.6562821553077378,1.3546447445768357,0.9529995771149138
series_1,2023-09-19 11:00:00,2.5190527118127743,2.865890655740107,-0.029996652499914567,2.8657336672303066
series_1,2023-09-19 12:00:00,2.5262359285958493,2.94728670136291,2.739865003638312,1.0861117170294665
series_1,2023-09-19 13:00:00,2.523040173526341,4.952065955133902,3.101471471861583,3.8605481389596727
series_1,2023-09-19 14:00:00,2.9971646317051936,5.107927817651599,4.337056473315698,-2.6983083103324996
series_1,2023-09-19 15:00:00,2.998184750533136,4.603665238361562,-0.6524374010596289,4.557198598327395
series_1,2023-09-19 16:00:00,2.5157205604575013,2.0852725674184476,1.8365454539569823,0.9876550389573608
series_1,2023-09-19 17:00:00,2.516841168248088,9.811453046539043,-9.570475345483164,2.161160000078474
series_1,2023-09-19 18:00:00,7.47020338537454,4.429861220047227,-3.4131938563231192,-2.8237879042230536
series_1,2023-09-19 19:00:00,3.0100753506179414,7.776096710490584,-2.883606860906761,-7.221668195274131
series_1,2023-09-19 20:00:00,4.277060981268951,6.998927588536943,3.7573191634545062,5.904874265682638
series_1,2023-09-19 21:00:00,4.275839144034124,4.61319909185476,4.043666298054396,2.2204433636255256
series_1,2023-09-19 22:00:00,2.5339538640582195,3.874253427508609,3.3245735918212165,1.9892335340847187
series_1,2023-09-19 23:00:00,2.516138322152274,5.975260793790062,5.9174523984128005,-0.8291553933511053
series_1,2023-09-20 00:00:00,2.987162446636271,3.307366817326301,3.132299057671174,1.061780522360145
series_1,2023-09-20 01:00:00,2.525905204224804,9.763108459784812,-1.8841108223403027,-9.57958314367916
series_1,2023-09-20 02:00:00,7.457429812627687,6.571861355201285,-5.977333006190773,2.731455986299329
series_1,2023-09-20 03:00:00,3.0009774558198927,2.3654509241077144,1.2711262215196528,1.994892529267482
series_1,2023-09-20 04:00:00,2.522796182376277,4.594583631074108,2.477206579388545,-3.8695796032603127
series_1,2023-09-20 05:00:00,3.008269114681087,7.8402516333020325,-6.3608407984715125,4.583584842674507
series_1,2023-09-20 06:00:00,4.270549175686134,8.634824727052058,-7.1550909511311325,4.833722328387412
series_1,2023-09-20 07:00:00,4.268127150260431,5.649041775136959,3.522608880755235,4.416208741722573
series_1,2023-09-20 08:00:00,3.0191032392827832,10.02587853035209,9.919338053963997,-1.4577286704173487
series_1,2023-09-20 09:00:00,7.459366314057457,4.85795149165469,-4.423833128189905,2.007334837340185
series_1,2023-09-20 10:00:00,2.504700311127796,6.167602088330097,-3.3888147669986877,-5.153178630218964
series_1,2023-09-20 11:00:00,3.0270359292286564,4.946116679944087,-3.7663851433133537,-3.205996438527273
series_1,2023-09-20 12:00:00,2.5356588679626864,2.6445364761896633,1.9661024328912082,1.7686193477616694
series_1,2023-09-20 13:00:00,2.5084795526230934,1.5307188599783361,0.45397813425059097,-1.4618495414767314
series_1,2023-09-20 14:00:00,2.5189660340532187,4.366924406782977,2.4824946663532876,-3.592666002578633
series_1,2023-09-20 15:00:00,3.0138005700433634,5.722470311399908,0.1950209796937975,5.719146202216956
series_1,2023-09-20 16:00:00,3.0019745341394595,6.819013121893479,2.4129858724877993,6.377808333254438
series_1,2023-09-20 17:00:00,4.277447756263273,3.1052355841648533,2.872557609503799,-1.1793645802912087
series_1,2023-09-20 18:00:00,2.518326804109092,3.426945455117583,3.42659157796075,-0.049247438507137836
series_1,2023-09-20 19:00:00,2.5180626503524746,7.132831156645523,5.914926702646637,3.9863419837654277
series_1,2023-09-20 20:00:00,4.257443458002077,6.190563797798902,5.938408171607414,-1.7488248974681966
series_1,2023-09-20 21:00:00,2.9941992429875346,6.217143323125652,-6.008762450714307,1.5961343650118152
series_1,2023-09-20 22:00:00,3.011469494158513,4.373779770207895,-1.1123046865685997,4.2299796409105035
series_1,2023-09-20 23:00:00,2.5214087439082737,3.62218460581958,2.6871678245922523,-2.428857838802528
series_1,2023-09-21 00:00:00,2.5325496879566933,3.3791724712197526,-3.1446691189890235,1.2368761952298257
series_1,2023-09-21 01:00:00,2.502730380195004,6.73427250719535,2.693284814225977,6.172247816689386
series_1,2023-09-21 02:00:00,3.002873747305073,4.149127304197701,2.456338178221631,3.3438989429481443
series_1,2023-09-21 03:00:00,2.511966025315548,4.482885911030086,3.622290907197396,2.641074530365833
series_1,2023-09-21 04:00:00,2.515708646055937,7.8783762226367555,3.5626738584551747,-7.026817692504077
series_1,2023-09-21 05:00:00,4.279377783779526,4.561606406025347,1.9731823340622339,4.112761174689846
series_1,2023-09-21 06:00:00,2.5453782464358614,9.578473534129474,6.3247886812524685,7.193344380850916
series_1,2023-09-21 07:00:00,4.265986387269418,4.7504869077110286,4.469204947738458,-1.610382872314524
series_1,2023-09-21 08:00:00,2.5119003152662778,4.959379995341561,4.434841015017109,2.219827720728814
series_1,2023-09-21 09:00:00,2.5287170709419,3.3200486414145884,-3.220240888587756,-0.8079428202703429
series_1,2023-09-21 10:00:00,2.519540520148795,5.142850747498502,5.093771775949926,-0.7088038555071821
series_1,2023-09-21 11:00:00,2.997188110306886,10.342186763423125,-10.271486816888252,1.2072222744860774
series_1,2023-09-21 12:00:00,7.458770264007515,9.547087478585645,-8.06073345559787,5.115804480389379
series_1,2023-09-21 13:00:00,4.288591129584757,6.61018242838946,6.382089650685054,1.7214654882417793
series_1,2023-09-21 14:00:00,3.016229205459973,5.200394545158732,0.8772121534980902,5.125875755719401
series_1,2023-09-21 15:00:00,3.0085065522157874,8.530396143572455,8.149355949382732,2.521042636794557
series_1,2023-09-21 16:00:00,4.2672745792796105,3.8364778744937484,-1.0341138513631583,3.6944784508640627
series_1,2023-09-21 17:00:00,2.53600301952681,9.123836114700783,7.8709957282993255,4.614305114858796
series_1,2023-09-21 18:00:00,4.25997830022048,4.968210392586457,3.3314439612962103,3.6857286440739347
series_1,2023-09-21 19:00:00,2.512856380354953,6.858807796579998,3.3188226409624706,6.002387913844078
series_1,2023-09-21 20:00:00,5.331365,2.960810270224333,2.7907704888392506,-0.988937578864217
series_1,2023-09-21 21:00:00,4.680446344,3.477178314177666,3.4139989168708658,-0.6598336337229179
series_1,2023-09-21 22:00:00,4.298228484,3.7336354686988305,3.4102955066166425,-1.5198415610438718
series_1,2023-09-21 23:00:00,4.395669432,3.930485819836131,3.2127800483408264,-2.2642356637320282
series_1,2023-09-22 00:00:00,3.809711408,2.9951420222761036,0.858419609622487,-2.8694932492375314
series_1,2023-09-22 01:00:00,3.709317704,4.1721632755683995,-0.4273761487559722,-4.150216382970429
series_1,2023-09-22 02:00:00,3.081036844,2.561746545759245,-0.35492731651394244,-2.5370400006112708
series_1,2023-09-22 03:00:00,2.925853112,1.3922791285574638,-0.5600253135692616,-1.2746814582390305
series_1,2023-09-22 04:00:00,2.5098426,1.321861856665791,0.7936020883051325,-1.0571255807829383
series_1,2023-09-22 05:00:00,2.357611624,1.8061281209874358,1.0842466339880446,-1.4444750001669122
series_1,2023-09-22 06:00:00,2.602362288,3.740095084961015,-2.040838512847861,-3.1342127255542933
series_1,2023-09-22 07:00:00,2.802493528,4.040698322036665,-2.082332408499512,-3.4628217785821063
series_1,2023-09-22 08:00:00,2.17191608,4.0919637804080455,-2.0586146021724914,-3.5364210015061124
series_1,2023-09-22 09:00:00,2.131561748,4.2033640610731355,-2.5576338399379943,-3.33568262440018
series_1,2023-09-22 10:00:00,2.279855716,3.98908538704146,-2.844449138030227,-2.7967680143813882
series_1,2023-09-22 11:00:00,1.960629984,4.674435430738709,-4.5229330974233735,-1.1804333070434705
series_1,2023-09-22 12:00:00,2.166338652,4.9266839338428685,-4.8477178097866815,-0.8785480184158745
series_1,2023-09-22 13:00:00,1.5616798399999998,4.802761581837221,-4.797652138412685,-0.22147860112380682
series_1,2023-09-22 14:00:00,1.690616852,4.8996169047034375,-4.899264742236254,0.058743496120181746
series_1,2023-09-22 15:00:00,1.835301896,4.940888779389972,-4.870688513074998,0.8299248995547734
series_1,2023-09-22 16:00:00,1.902559116,4.587917548795653,-4.515140597604742,0.8139366181765076
series_1,2023-09-22 17:00:00,1.941929196,3.508299740375077,-3.3512517569528684,1.037920387041388
series_1,2023-09-22 18:00:00,2.02099744,3.2733065373733496,-3.115178802290199,1.0050854278980013
series_1,2023-09-22 19:00:00,1.875984312,3.131416385200071,-2.878763070282579,1.2322709777791163
series_1,2023-09-22 20:00:00,1.870406884,2.630673363072955,-2.0316994131593886,1.6711193367768105
series_1,2023-09-22 21:00:00,1.922244156,2.440954250804834,-1.8746383324516407,1.5633261902191489
series_1,2023-09-22 22:00:00,1.618438372,2.116536825344201,-0.9365325226339907,1.8980608438843372
series_1,2023-09-22 23:00:00,1.544619472,2.718065569688752,-0.8106598175928834,2.5943614052918136
series_1,2023-09-23 00:00:00,1.746391132,3.102078786207536,-1.0114665520886814,2.932546369598383
series_1,2023-09-23 01:00:00,1.47473758,2.901604361589352,-1.73276654112854,2.3274079971375423
series_1,2023-09-23 02:00:00,1.564304512,3.6263403497743982,-1.5515517415361664,3.2776564075171137
series_1,2023-09-23 03:00:00,1.35826776,3.9181095293104833,-1.443512484744424,3.6425065531939125
series_1,2023-09-23 04:00:00,1.397309756,3.5434902569258493,-1.4267339109236101,3.2435711104196625
series_1,2023-09-23 05:00:00,1.249671956,3.6694637070028144,-1.6363919725835125,3.284385057978902
series_1,2023-09-23 06:00:00,1.278215264,4.171341876980476,-1.2634845903813137,3.9753867415032667
series_1,2023-09-23 07:00:00,1.2956037159999998,3.7942557994269195,-0.560079725358529,3.7526907376877094
series_1,2023-09-23 08:00:00,1.481627344,2.8285866551754517,-0.999713506564657,2.646030115215783
series_1,2023-09-23 09:00:00,1.677821576,2.549640568301797,-1.0883843568743403,2.305664008315509
series_1,2023-09-23 10:00:00,1.543307136,3.480115650377838,-2.086781958268038,2.785057629323274
series_1,2023-09-23 11:00:00,1.435039416,3.323994525611157,-2.460902974830206,2.2344789448022966
series_1,2023-09-23 12:00:00,1.500000048,3.709064955181104,-2.685637441323744,2.5582248485058265
series_1,2023-09-23 13:00:00,1.44685044,3.3422897398131073,-2.7987346102142467,1.8270154039987936
series_1,2023-09-23 14:00:00,1.5452756399999998,3.0717548473259892,-2.966515430615562,0.7971599851914786
series_1,2023-09-23 15:00:00,1.761154912,3.712864324628319,-3.091806626090758,2.0557464045837435
series_1,2023-09-23 16:00:00,1.823162788,3.691283445294296,-3.206447651434508,1.828733696335761
series_1,2023-09-23 17:00:00,2.126968572,4.031793613786694,-3.5744253287412793,1.8651657603076361
series_1,2023-09-23 18:00:00,1.92585308,3.6167818761961223,-3.090275807581554,1.8791770999713988
series_1,2023-09-23 19:00:00,1.83234914,3.468980318383165,-3.423959854680497,0.5570667490221204
series_1,2023-09-23 20:00:00,2.063976444,3.2907293682236087,-3.2907289338397967,0.0016908219729759033
series_1,2023-09-23 21:00:00,1.828412132,4.255890016217581,-3.4746824689171025,2.4574746326952455
series_1,2023-09-23 22:00:00,1.682742836,4.759674214306438,-3.5251147756847874,3.1981345257168905
series_1,2023-09-23 23:00:00,1.592191652,4.314919846222494,-3.7449771668157874,2.1432870314899826
series_1,2023-09-24 00:00:00,1.55183732,4.7511792943609255,-4.696348151871896,0.7197351760011498
series_1,2023-09-24 01:00:00,1.769028928,4.663183767252755,-4.3860853970965,1.5835206776504172
series_1,2023-09-24 02:00:00,1.60597118,4.538078024746696,-4.503033233883269,-0.562888846249118
series_1,2023-09-24 03:00:00,1.6712598959999998,3.927711421863447,-3.6898035235554727,-1.3462046542016552
series_1,2023-09-24 04:00:00,1.831364888,4.536170560865989,-4.228374475536802,-1.6424654187824284
series_1,2023-09-24 05:00:00,1.975721848,4.208687443442448,-3.59104118167789,-2.1948743080376127
series_1,2023-09-24 06:00:00,1.958989564,3.4817475720915363,-3.392635155695993,-0.7826831134635099
series_1,2023-09-24 07:00:00,2.190944952,3.0589183054458924,-2.8147094892683686,-1.1976609246421002
series_1,2023-09-24 08:00:00,2.0360893040000003,4.008614519621459,-3.8301715808639587,-1.1826986209774926
series_1,2023-09-24 09:00:00,2.25393708,4.646942393007107,-4.051601162558,-2.2756541089289657
series_1,2023-09-24 10:00:00,2.184383272,4.54455642258582,-4.4202380171521956,-1.05569358707366
series_1,2023-09-24 11:00:00,2.59514444,3.9168190445199493,-3.7651110345812824,-1.0795417197998578
series_1,2023-09-24 12:00:00,2.499015828,3.691219878726839,-3.688684629839872,0.13678411710160437
series_1,2023-09-24 13:00:00,3.066273064,3.419681088245049,-3.3584663850096947,-0.6441446157973815
series_1,2023-09-24 14:00:00,3.15124682,3.561317970367575,-3.5206804902877744,-0.5364648836317807
series_1,2023-09-24 15:00:00,3.74179802,3.876310264304926,-3.7165981784081525,-1.1012171654169447
series_1,2023-09-24 16:00:00,3.771981748,3.9428313669831416,-3.9316425860202715,-0.29682615157357883
series_1,2023-09-24 17:00:00,3.719488308,3.3168031374834492,-3.277231760425111,-0.5108180118995241
series_1,2023-09-24 18:00:00,3.7237534,3.2491981327480097,-3.1723678853182915,0.7024033784473882
series_1,2023-09-24 19:00:00,3.3645014200000003,3.0267790514281088,-2.995745415079066,0.4323202912156617
series_1,2023-09-24 20:00:00,3.3576116560000004,3.1231978618892273,-2.6262238347351943,-1.6903589128875
series_1,2023-09-24 21:00:00,3.286089344,2.8799271060265723,-2.7624250815380256,-0.8142406308433776
series_1,2023-09-24 22:00:00,3.086286188,2.5052928824111023,-2.341837088113761,-0.8901075661933164
series_1,2023-09-24 23:00:00,3.142388552,2.5164165822217357,-2.3877183672199993,-0.7944516436642212
series_1,2023-09-25 00:00:00,3.094816372,2.734183028807522,-2.166285543805594,-1.668221741171711
series_1,2023-09-25 01:00:00,3.4701444680000004,3.4435430029789154,-2.3369619842969467,-2.5291494810145014
series_1,2023-09-25 02:00:00,3.49081376,2.90117298347763,-2.1189817320939994,-1.9815955942402592
series_1,2023-09-25 03:00:00,3.943897764,2.874538824317223,-2.288253261284869,-1.7397903507969588
series_1,2023-09-25 04:00:00,4.459973896,3.057642897624824,-2.6929163452929044,-1.4482339751054867
series_1,2023-09-25 05:00:00,4.891404356,2.9063537295526776,-2.221408418582253,-1.8740962192845525
series_1,2023-09-25 06:00:00,4.839895168,3.647879246889932,-2.013296461493834,-3.0419829647824566
series_1,2023-09-25 07:00:00,4.280183864,3.482607805243518,-2.379742717345711,-2.542711490590925
series_1,2023-09-25 08:00:00,4.391076256,3.6218960931649242,-1.8476655552164347,-3.115166657780942
series_1,2023-09-25 09:00:00,3.682414816,4.000937251889576,-0.8011894224489726,-3.919897243922804
series_1,2023-09-25 10:00:00,3.322834752,7.257540106383247,-3.2002718072559535,-6.5138428562135315
series_1,2023-09-25 11:00:00,3.725721904,7.3729526762448145,-3.6906642928661686,-6.38274456981542
series_1,2023-09-25 12:00:00,3.737204844,8.68975909611443,-5.49680947340288,-6.730304507346739
series_1,2023-09-25 13:00:00,4.21423898,9.432735666408686,-5.68960007842788,-7.523626326439396
series_1,2023-09-25 14:00:00,5.308727204,9.551825462719673,-6.876190991995813,-6.629884396567979
series_1,2023-09-25 15:00:00,5.613845324000001,9.467674817720022,-6.759388787745668,-6.629293300962631
series_1,2023-09-25 16:00:00,5.975065808,9.791967331478974,-5.715928812006618,-7.95052086575616
series_1,2023-09-25 17:00:00,7.153215452,10.849216641100075,-5.760252466414528,-9.193747508425938
series_1,2023-09-25 18:00:00,7.98392414,11.07070084692047,-5.598502882412836,-9.55076869773427
series_1,2023-09-25 19:00:00,7.421588164000001,11.525232456252137,-5.750512701297994,-9.988122288140955
series_1,2023-09-25 20:00:00,7.39501336,9.537492930694402,-4.3291274037315715,-8.498377923186638
series_1,2023-09-25 21:00:00,7.678477935999999,9.424598124809783,-5.491386812362926,-7.659485667535037
series_1,2023-09-25 22:00:00,6.60433092,9.793703404242327,-5.627476497827924,-8.015493411928059
series_1,2023-09-25 23:00:00,5.520997552,9.833015659018335,-5.633372093853869,-8.059361997248184
series_1,2023-09-26 00:00:00,5.62171934,10.125582400932664,-6.1595833214140185,-8.036600790423496
series_1,2023-09-26 01:00:00,6.271981828,11.453373542686244,-7.309770733556483,-8.81742691101811
series_1,2023-09-26 02:00:00,6.426837476,10.392776463511993,-7.421866116485852,-7.27500556491114
series_1,2023-09-26 03:00:00,6.723753496,11.937404066283191,-8.941803511023892,-7.908588104836113
series_1,2023-09-26 04:00:00,7.419947744,10.40179260109887,-8.006083286946717,-6.6407770417886836
series_1,2023-09-26 05:00:00,7.861220724000001,9.774320370466496,-7.520649045031687,-6.243170400203751
series_1,2023-09-26 06:00:00,7.1555120400000005,9.959198882700132,-8.495338691977995,-5.197582408558538
series_1,2023-09-26 07:00:00,7.373031732,9.052945079364365,-7.478851921645545,-5.101234021693792
series_1,2023-09-26 08:00:00,5.998687856,8.636139075015683,-7.345668509240092,-4.541371188900019
series_1,2023-09-26 09:00:00,5.655511992,8.858733082017826,-7.2889279472740025,-5.034747381734763
series_1,2023-09-26 10:00:00,5.0278873,9.089130685580363,-7.713972385612591,-4.8069664710256665
series_1,2023-09-26 11:00:00,4.97703428,8.8953752535603,-7.700265018112015,-4.45349520629509
series_1,2023-09-26 12:00:00,4.887139264,8.862647106618665,-7.543300171909934,-4.652433368993022
series_1,2023-09-26 13:00:00,4.931758688,8.934148820751147,-6.885881354164464,-5.692420673817008
series_1,2023-09-26 14:00:00,4.87532824,8.68182385445982,-6.897501853659192,-5.272431471212839
series_1,2023-09-26 15:00:00,4.935695696,7.897586022600823,-5.009095805130896,-6.105802502488919
series_1,2023-09-26 16:00:00,4.7267061880000005,7.5512812944839025,-3.4471262921725043,-6.718569007923898
series_1,2023-09-26 17:00:00,4.685367604,6.695489564354681,-2.565130403139974,-6.184633095121277
series_1,2023-09-26 18:00:00,4.911745564,6.161812339188466,-2.312111553843498,-5.711573466739147
series_1,2023-09-26 19:00:00,4.25853032,4.796520891601571,-1.9077312076617354,-4.400815186176742
series_1,2023-09-26 20:00:00,4.320210112,5.586613240167343,-2.4918055543266915,-5.000115256135573
series_1,2023-09-26 21:00:00,4.183071,5.585027125930107,-3.8458959585997508,-4.049890402591312
series_1,2023-09-26 22:00:00,4.08136496,5.414177472331537,-4.363348974784863,-3.205386626624968
series_1,2023-09-26 23:00:00,4.108924016,3.6203701630840786,-3.4295381976652948,-1.15989131753976
series_1,2023-09-27 00:00:00,3.974409576,2.875005555265653,-2.4803862716031166,-1.4537334303272917
series_1,2023-09-27 01:00:00,3.766732404,3.887135853951327,-0.7622853308963846,-3.8116592478045703
series_1,2023-09-27 02:00:00,4.065616928,3.902313579380869,-0.2731824167557261,-3.8927397342997168
series_1,2023-09-27 03:00:00,3.874015872,3.3766590731387605,0.252378307079418,-3.3672142323181693
series_1,2023-09-27 04:00:00,4.42585316,2.8313784421592434,-0.1363441768907369,-2.8280937304396563
series_1,2023-09-27 05:00:00,4.1384515760000005,2.900438000920319,-0.05955669086255405,-2.899826477180343
series_1,2023-09-27 06:00:00,3.839895136,3.228709017214416,-0.35816542604888646,-3.2087816138567145
series_1,2023-09-27 07:00:00,3.329068348,3.61173902850826,0.14968673075695801,-3.6086358492767157
series_1,2023-09-27 08:00:00,3.039042092,3.3882792778091644,0.2587714275318985,-3.378383313468751
series_1,2023-09-27 09:00:00,2.798884604,3.204468930679335,-0.06685682342089201,-3.203771417072577
series_1,2023-09-27 10:00:00,2.806102452,3.6172399022720256,0.13236266956559922,-3.614817372191077
series_1,2023-09-27 11:00:00,2.768044708,3.4321699520666433,0.05864028831628319,-3.4316689666189144
series_1,2023-09-27 12:00:00,2.818569644,3.2665875131555535,-1.1452620827099893,-3.0592431650672296
series_1,2023-09-27 13:00:00,2.968175948,3.1543834665872215,-1.8692306956756146,-2.540887966956212
series_1,2023-09-27 14:00:00,3.327756012,1.7211739939477408,-1.610032032788645,-0.6084708463324113
series_1,2023-09-27 15:00:00,3.24146992,1.5765610449173635,-1.5260403141696974,-0.39591121211678315
series_1,2023-09-27 16:00:00,3.2992127040000003,1.6582653850282707,-1.6059562869206714,-0.4132172451422243
series_1,2023-09-27 17:00:00,3.122375428,1.3137134970619706,-1.2951494536973953,-0.22007054539426824
series_1,2023-09-27 18:00:00,3.240813752,0.9691323637061041,-0.7213878936300077,-0.6471607569272423
series_1,2023-09-27 19:00:00,3.267060472,0.7972710598137657,0.7960780233478134,-0.043599582098953316
series_1,2023-09-27 20:00:00,3.291666772,0.8795985044450875,0.36564817716695497,-0.7999968372165716
series_1,2023-09-27 21:00:00,2.706693,1.4630555005557566,0.09449975402169708,-1.4600004089712764
series_1,2023-09-27 22:00:00,2.513735032691676,1.2170318697806886,0.019359778936912042,-1.216877878433737
series_1,2023-09-27 23:00:00,3.287073596,1.2200105798368812,0.06961337715832208,1.218022903165017
series_1,2023-09-28 00:00:00,3.317585408,2.1619472862174067,1.5606703169868406,1.49610301452106
series_1,2023-09-28 01:00:00,3.7319555,2.4474971765287985,1.473914642991435,1.9539237585668154
series_1,2023-09-28 02:00:00,3.765420068,2.0893562606629175,1.3040733799841369,1.6324221891373805
series_1,2023-09-28 03:00:00,4.220144492,2.002207524589921,1.9680515790614164,0.36824985224486684
series_1,2023-09-28 04:00:00,4.058727164,1.983395494690115,1.9504979497958619,-0.35974357005954194
series_1,2023-09-28 05:00:00,3.723425316,2.210590623517371,1.9038950468816307,-1.1233408010227852
series_1,2023-09-28 06:00:00,3.296588032,2.5760941322112303,1.5154949687560029,-2.0831552937043303
series_1,2023-09-28 07:00:00,3.199147084,2.7420751046418674,1.0829481794849605,-2.5191663541828513
series_1,2023-09-28 08:00:00,2.871063084,3.126617857364,0.5706792932538508,-3.0740956995901634
series_1,2023-09-28 09:00:00,2.818569644,2.332594995316673,0.44869724789772875,-2.2890325886508025
series_1,2023-09-28 10:00:00,2.842519776,2.306771636765002,0.5896823692267434,-2.2301278186701814
series_1,2023-09-28 11:00:00,2.806430536,2.05977339844523,1.4649830102285462,-1.4479265287590803
series_1,2023-09-28 12:00:00,2.866469908,2.670505203793734,1.1273857070642574,-2.4208675120701333
series_1,2023-09-28 13:00:00,3.169947608,2.713105230021617,0.7512511061158186,-2.607021627208031
series_1,2023-09-28 14:00:00,3.318897744,1.9637395232522672,1.807019941650162,-0.768733923839508
series_1,2023-09-28 15:00:00,3.5688977520000003,1.8496626912775123,1.7400369353149552,-0.6273145425093445
series_1,2023-09-28 16:00:00,3.61384526,1.871311993044218,0.7176660725955121,-1.728225674950021
series_1,2023-09-28 17:00:00,3.298228452,1.965523097095267,1.530856003291868,-1.2327858461226016
series_1,2023-09-28 18:00:00,3.602690404,2.3584355918214164,1.2007840772935023,-2.029861088963584
series_1,2023-09-28 19:00:00,3.66469828,1.8918942201775484,1.5150556070776406,-1.1330799829684643
series_1,2023-09-28 20:00:00,3.541010612,1.5549179690336585,0.940233959676938,-1.2384385295580818
series_1,2023-09-28 21:00:00,3.447178588,0.7568069322898479,0.7550886440987836,0.05096932719813829
series_1,2023-09-28 22:00:00,3.06266414,0.9322222574463291,0.9295817698876804,0.0701146944000875
series_1,2023-09-28 23:00:00,3.063320308,1.3940172300375728,1.3089589926914242,0.4794897215727145
series_1,2023-09-29 00:00:00,2.96587936,1.7703703633507604,1.748370931903999,0.27822707974574507
series_1,2023-09-29 01:00:00,2.836614264,1.0905844446166433,1.072636681289748,0.19704055620990266
series_1,2023-09-29 02:00:00,3.082021096,0.8903337264497878,0.5904299840505038,0.6663982130739002
series_1,2023-09-29 03:00:00,3.257546036,0.79837756966791,0.507072590969177,0.6166718180982849
series_1,2023-09-29 04:00:00,3.334317692,0.6216764640944387,-0.1264414915241141,0.6086823270229893
series_1,2023-09-29 05:00:00,3.5360893520000003,1.249867340130048,0.6751260090449589,1.051842782850549
series_1,2023-09-29 06:00:00,3.078084088,2.2244371711067186,1.242966785956065,1.844764022093696
series_1,2023-09-29 07:00:00,3.246719264,2.309640266502469,1.4869852981472345,1.7672897000049472
series_1,2023-09-29 08:00:00,3.1660106,2.2777456852613693,1.5760278770702592,1.64446390578334
series_1,2023-09-29 09:00:00,2.9035434,1.526331565550113,1.1340628819145275,1.0215622486458549
series_1,2023-09-29 10:00:00,2.96423894,1.3840787392966742,0.9447351592682642,1.011508494979374
series_1,2023-09-29 11:00:00,2.692585388,0.8017359138161206,0.3687492710083729,0.7119019951042163
series_1,2023-09-29 12:00:00,2.677821608,0.8540972432603132,-0.749215539175548,0.41007094118305865
series_1,2023-09-29 13:00:00,3.02821532,2.0690061563977475,-1.1453708620259473,1.723053122696372
series_1,2023-09-29 14:00:00,2.856299304,2.4814498667142577,-1.3553909292534665,2.0785833805536
series_1,2023-09-29 15:00:00,2.913057836,2.138088604679451,-0.7774671464984435,1.9917248097002984
series_1,2023-09-29 16:00:00,3.1840552200000003,1.5486914722791234,-1.1437902128144377,1.0441212694797393
series_1,2023-09-29 17:00:00,3.2562337,1.9603652546840025,-0.7771150412924632,1.7997566903249136
series_1,2023-09-29 18:00:00,2.897637888,1.7352738233605658,-0.8216685322798349,1.5284096522534456
series_1,2023-09-29 19:00:00,2.8261155760000003,2.124192147668756,0.03051734882043089,2.123972921587885
series_1,2023-09-29 20:00:00,2.818897728,1.6629803844286746,-1.1967405326882248,1.1546929706271043
series_1,2023-09-29 21:00:00,2.810367544,1.6897723394143371,-1.5577816188109783,0.6547113769780162
series_1,2023-09-29 22:00:00,2.19160112,2.4817887037789945,-2.4630776894874185,0.3041767015311046
series_1,2023-09-29 23:00:00,2.721784864,2.329270285244949,-2.3030380065705307,0.3485914543082248
series_1,2023-09-30 00:00:00,2.848425288,2.2946034893685567,-2.084583259149907,0.9590191912022961
series_1,2023-09-30 01:00:00,2.682742868,2.386989651785346,-1.2887506862444837,2.0091892062308863
series_1,2023-09-30 02:00:00,2.814304552,1.7297459685480203,-1.5796936746412078,0.7046907193987211
series_1,2023-09-30 03:00:00,3.014763876,2.4262244198881264,-2.369366901956177,0.5221737446253532
series_1,2023-09-30 04:00:00,3.014763876,3.714833205984576,-3.0248570084478037,-2.156438226968221
series_1,2023-09-30 05:00:00,3.218832124,4.488339407593802,-3.3020011248912406,-3.0400623692576545
series_1,2023-09-30 06:00:00,2.643372788,4.870679123145106,-4.446668566552438,-1.9876251608077573
series_1,2023-09-30 07:00:00,3.02001322,3.7966600170642075,-3.7959651317188925,0.07263610636838844
series_1,2023-09-30 08:00:00,3.055446292,4.227045111823827,-4.180662931346084,0.6244740441863704
series_1,2023-09-30 09:00:00,3.246063096,4.118366442719319,-4.1090653141184355,0.27663044088701044
series_1,2023-09-30 10:00:00,2.74114182,4.762979182912394,-3.267708028289118,-3.4652640503591736
series_1,2023-09-30 11:00:00,2.926837364,5.273775002525449,-4.8343702960546375,-2.107502459758207
series_1,2023-09-30 12:00:00,2.725721872,5.456306561002621,-4.372255768754683,-3.2641477877436316
series_1,2023-09-30 13:00:00,2.90518382,5.242736752741498,-4.253783517530541,-3.0645741049176736
series_1,2023-09-30 14:00:00,2.925525028,5.024102162515751,-3.813307718235539,-3.271129282899212
series_1,2023-09-30 15:00:00,2.834317676,4.743815738343267,-3.433682247498868,-3.2731657432162518
series_1,2023-09-30 16:00:00,3.273950236,4.593831665801916,-4.008373302692337,-2.244155262005668
series_1,2023-09-30 17:00:00,3.5085302959999995,5.453301667149909,-3.662122043860412,-4.040712957982986
series_1,2023-09-30 18:00:00,3.294947612,6.381984274439958,-4.075362489652431,-4.91132811540146
series_1,2023-09-30 19:00:00,3.349081472,6.975518390521598,-4.125449252777033,-5.624813355060454
series_1,2023-09-30 20:00:00,3.193569656,6.567832982901337,-4.228185138801247,-5.025821377974645
series_1,2023-09-30 21:00:00,3.522637908,6.738516094168378,-2.8178884148388437,-6.12103782318679
series_1,2023-09-30 22:00:00,3.0265749,6.269552339232072,-3.086219785749296,-5.457337626390721
series_1,2023-09-30 23:00:00,3.363517168,5.882124637966176,-3.786391876301434,-4.501402760878793
series_1,2023-10-01 00:00:00,2.973425292,5.868040590454814,-3.3612912396970964,-4.809950267223232
series_1,2023-10-01 01:00:00,3.448819008,6.840138007057105,-2.1027158088376536,-6.508922659154228
series_1,2023-10-01 02:00:00,3.076115584,6.5837325612669675,-2.0887515502219958,-6.243608844228802
series_1,2023-10-01 03:00:00,3.399606408,5.582555934458391,-3.5733214252191123,-4.289091366877914
series_1,2023-10-01 04:00:00,3.610236336,5.752011934574633,-4.232340029354337,-3.8952457138688876
series_1,2023-10-01 05:00:00,3.179462044,6.873673601830243,-2.32971284329006,-6.466825098323541
series_1,2023-10-01 06:00:00,3.081036844,8.835905118630302,-1.7134980267876267,-8.668168421162115
series_1,2023-10-01 07:00:00,3.560367568,8.650799104996178,-2.0914881571854638,-8.394164785334848
series_1,2023-10-01 08:00:00,3.57119434,6.794837639134375,-5.048928965378019,-4.547321722152947
series_1,2023-10-01 09:00:00,4.251312472,6.626128919499041,-4.447810305143834,-4.9114730934087225
series_1,2023-10-01 10:00:00,4.930774435999999,6.895207692347725,-4.051356632701612,-5.579462210220255
series_1,2023-10-01 11:00:00,5.266076284,7.239067432432691,-2.527943966508215,-6.783332263239236
series_1,2023-10-01 12:00:00,5.820538244,6.771026166915147,-1.1197688734185327,-6.6777925262149775
series_1,2023-10-01 13:00:00,5.927493628,6.682184371964413,-2.1651788167059243,-6.321676096781088
series_1,2023-10-01 14:00:00,5.799212784,7.014052621846891,-1.130300867829802,-6.9223806692654835
series_1,2023-10-01 15:00:00,6.155840092,6.3505931646783065,-0.8789431846010194,-6.289474733354308
series_1,2023-10-01 16:00:00,6.706365043999999,6.09072143256478,-0.4689160151318026,-6.072644015571543
series_1,2023-10-01 17:00:00,7.711286336,6.756127501234336,-0.7094901024976077,-6.718770914936217
series_1,2023-10-01 18:00:00,7.606955624,6.316841974998145,-0.8881903294778033,-6.254087501444201
series_1,2023-10-01 19:00:00,7.377296824,7.1245038190088295,-0.36447032302310634,-7.115175054115452
series_1,2023-10-01 20:00:00,7.575787644,5.728364326353299,0.11222698829340394,-5.727264875884097
series_1,2023-10-01 21:00:00,7.992782408,4.940455400806513,0.15258344904904608,-4.938098607605415
series_1,2023-10-01 22:00:00,6.646653756,4.39573625925367,1.6867584749755533,-4.0592293736638725
series_1,2023-10-01 23:00:00,6.139763976,4.442719797012791,1.6848107153463965,-4.110860256469848
series_1,2023-10-02 00:00:00,6.527887348,3.5789289428439512,1.2621779233664123,-3.3489758535547214
series_1,2023-10-02 01:00:00,5.811023808000001,3.2866520357012154,1.925273050942419,-2.6637201960967696
series_1,2023-10-02 02:00:00,4.97375344,4.929110651446745,2.6488322449122106,-4.15690023364996
series_1,2023-10-02 03:00:00,5.2447508240000005,6.247025945921098,3.4519929026616074,-5.206637894936162
series_1,2023-10-02 04:00:00,5.502624848,7.537390862812013,0.9392220654562662,-7.478644458092796
series_1,2023-10-02 05:00:00,6.63877974,8.768016036244136,1.3325208611693722,-8.666169474824663
series_1,2023-10-02 06:00:00,6.957349304,9.122681989049667,0.7146772858860547,-9.094644745693463
series_1,2023-10-02 07:00:00,7.112861120000001,9.768160751357645,-0.20545154895268714,-9.765999904024007
series_1,2023-10-02 08:00:00,6.716207563999999,10.58065629302448,-2.3877894376179603,-10.307703390800429
series_1,2023-10-02 09:00:00,5.9547246,10.791018253869751,-3.0055130220904074,-10.364022695333851
series_1,2023-10-02 10:00:00,6.533464776,10.046404240702943,-3.676842283806078,-9.349388695932467
series_1,2023-10-02 11:00:00,6.001640612,9.843629302146095,-3.428902532552648,-9.22711576064391
series_1,2023-10-02 12:00:00,5.842191788,9.57722272057234,-4.139458680818913,-8.636438899757238
series_1,2023-10-02 13:00:00,5.316929304,8.909834483541866,-3.9956380730607224,-7.963669186575957
series_1,2023-10-02 14:00:00,4.959317744,8.203994693765258,-4.07157073760332,-7.122347974089786
series_1,2023-10-02 15:00:00,4.729002776,7.351143829629738,-3.929097016740408,-6.21301152718591
series_1,2023-10-02 16:00:00,4.69324162,7.000715345623479,-3.470661762080494,-6.079845580578538
series_1,2023-10-02 17:00:00,4.357939772,7.014014985876826,-1.050786959359232,-6.934857820326619
series_1,2023-10-02 18:00:00,4.54560382,6.374874584226155,-0.49987348343970284,-6.355246058585493
series_1,2023-10-02 19:00:00,4.318241608,5.563061495025647,0.42519783054392757,-5.546788260095902
series_1,2023-10-02 20:00:00,4.134514568,5.913304213663267,-0.2163813110938837,-5.909343944257859
series_1,2023-10-02 21:00:00,4.258202236,4.205672297544004,1.1916351398916463,-4.0333218527293955
series_1,2023-10-02 22:00:00,4.110236351999999,4.155356704623534,1.6117280140698966,-3.83005511074215
series_1,2023-10-02 23:00:00,3.810039492,2.5314587364312753,1.4518663912254857,-2.0737327012621742
series_1,2023-10-03 00:00:00,3.397965988,2.7765239741813614,1.4378368001044117,-2.37522856067987
series_1,2023-10-03 01:00:00,3.580380692,3.7936537317660006,2.1205386140999516,-3.145651700785254
series_1,2023-10-03 02:00:00,3.024278312,3.5834133188637582,1.7988832925423077,-3.099172456257044
series_1,2023-10-03 03:00:00,3.333989608,2.943935312235502,0.9987939365393781,-2.7693258737388264
series_1,2023-10-03 04:00:00,3.352034228,1.1386689479885186,1.1319280028360656,-0.12371729672456926
series_1,2023-10-03 05:00:00,4.1112206040000006,2.502383823054503,2.2015582006955974,-1.1895655874456161
series_1,2023-10-03 06:00:00,3.727690408,4.411133825667585,4.029824422130028,-1.7940503768716007
series_1,2023-10-03 07:00:00,4.431430588,3.907454539261743,3.7260373623064353,-1.1767950335949338
series_1,2023-10-03 08:00:00,3.93044632,2.7160743967440957,2.674292393925783,0.4745738303357114
series_1,2023-10-03 09:00:00,4.31266418,4.34349911487439,3.1234995640212184,3.018233760740521
series_1,2023-10-03 10:00:00,3.913057868,5.050167831775626,4.136001555244628,2.897876164385799
series_1,2023-10-03 11:00:00,3.375328192,6.158535156236943,5.371536875924821,3.0123324619281657
series_1,2023-10-03 12:00:00,3.170275692,6.841598788877496,6.156483093657121,2.9841564814004085
series_1,2023-10-03 13:00:00,3.838254716,6.046993515865283,5.386030142780568,2.748965238408067
series_1,2023-10-03 14:00:00,3.591535548,6.603414072851358,5.50763344284865,3.6429454122655303
series_1,2023-10-03 15:00:00,3.95177178,6.531028378103277,5.700850251405125,3.186634288186274
series_1,2023-10-03 16:00:00,4.658136632,6.656900984293469,5.433206466897514,3.84637468309451
series_1,2023-10-03 17:00:00,5.75459336,7.408732800616225,6.140900185809562,4.144715505176541
series_1,2023-10-03 18:00:00,5.57250674,7.184233977077852,6.173963476242936,3.673607604442545
series_1,2023-10-03 19:00:00,5.140420112,7.740938390806692,6.2765003868876015,4.530747186024032
series_1,2023-10-03 20:00:00,5.109908300000001,6.403664991030945,5.180917708504423,3.7636441137627017
series_1,2023-10-03 21:00:00,4.551509332,6.355668859015399,5.1272700553896895,3.7557460543229375
series_1,2023-10-03 22:00:00,3.842847892,5.545371070929984,4.71224165176418,2.9233403718496325
series_1,2023-10-03 23:00:00,3.641404316000001,4.691771565010997,3.334367925738506,3.300713703739243
series_1,2023-10-04 00:00:00,3.285433176,5.050798816780253,3.8594516550087383,3.2580978515445347
series_1,2023-10-04 01:00:00,3.1870079760000003,3.7688689908146147,2.438576491012035,2.8736245696693583
series_1,2023-10-04 02:00:00,3.060367552,3.9536376118578866,3.0800140813848764,2.478863373477491
series_1,2023-10-04 03:00:00,3.3569554880000005,3.9169613906326566,3.131218248527894,2.353308057988334
series_1,2023-10-04 04:00:00,3.4238846240000003,2.864383244553276,2.6063441424082963,1.1881336553652186
series_1,2023-10-04 05:00:00,3.359908244,1.9581658942989122,0.2541551655881135,1.941602127471109
series_1,2023-10-04 06:00:00,3.755905632,1.7049070420886485,0.5017767240186657,1.6293950231286949
series_1,2023-10-04 07:00:00,3.867782276,1.9074350056928915,0.9452228020180349,1.656762552536668
series_1,2023-10-04 08:00:00,3.549540796,0.7598553117081973,0.344779137326874,-0.6771317753549144
series_1,2023-10-04 09:00:00,3.632217964,3.2418261952298852,0.2919402899358,-3.2286542006215027
series_1,2023-10-04 10:00:00,3.288714016,6.8708946793414,-4.392648247509047,-5.283354527973459
series_1,2023-10-04 11:00:00,2.99704734,5.564279074985361,-4.545297566141993,-3.2095905750646168
series_1,2023-10-04 12:00:00,2.7106300080000003,4.534500383168757,-4.532458705824495,0.13605809403833713
series_1,2023-10-04 13:00:00,2.333333408,5.607134855994645,-3.1117024533868864,4.664468794503413
series_1,2023-10-04 14:00:00,2.70505258,5.638657977591521,-2.466370337804073,5.070648986575261
series_1,2023-10-04 15:00:00,2.55741478,1.937246501292651,-1.8954176849193307,-0.4003945634816509
series_1,2023-10-04 16:00:00,2.83464576,3.5450957419862483,-3.5446356651377027,0.05711235665619113
series_1,2023-10-04 17:00:00,2.816273056,3.417006757652398,-3.352275275863368,0.6619559325796056
series_1,2023-10-04 18:00:00,2.99212608,4.125335574839181,-3.392226789019879,2.34759260028004
series_1,2023-10-04 19:00:00,2.89698172,5.061815097528902,-3.4692600818529944,3.685947173527162
series_1,2023-10-04 20:00:00,3.217519788,5.079048781425184,-2.8418747223831495,4.2095705940602
series_1,2023-10-04 21:00:00,3.247703516,4.443278311348092,-3.394363114507324,2.867232323856664
series_1,2023-10-04 22:00:00,2.688320296,5.65021860193159,-4.037470497552184,3.952695565182005
series_1,2023-10-04 23:00:00,2.505905592,5.162070308240309,-3.585359975578242,3.7137802456173663
series_1,2023-10-05 00:00:00,2.653215308,5.153264376009325,-2.60753778319978,4.4448712510299275
series_1,2023-10-05 01:00:00,2.634186436,4.945565381899099,-2.7770766470300527,4.092244157324817
series_1,2023-10-05 02:00:00,2.8202100640000003,5.7311013158708315,-1.7452780751290349,5.458894277530044
series_1,2023-10-05 03:00:00,2.561351788,5.948978572115019,-1.4690560307828857,5.764739406938017
series_1,2023-10-05 04:00:00,2.542979084,5.778178040274673,-1.600007353194718,5.552235399803875
series_1,2023-10-05 05:00:00,2.542979084,5.150741283833686,-0.8532157637480515,5.079582525511375
series_1,2023-10-05 06:00:00,2.812336048,5.7950965167514354,-1.662386791380635,5.551541569177684
series_1,2023-10-05 07:00:00,2.771981716,5.074643126895799,-0.48469649783213087,5.05144258309842
series_1,2023-10-05 08:00:00,3.040354428,4.710724612785423,-1.122843874762706,4.574947869693189
series_1,2023-10-05 09:00:00,3.28740168,4.343458383039106,-1.086518270357269,4.20536666336867
series_1,2023-10-05 10:00:00,3.3218505,4.923921415355531,-2.6203285957832567,4.168798406581609
series_1,2023-10-05 11:00:00,3.657152348,4.893760891167441,-2.3507845131438865,4.292168197156631
series_1,2023-10-05 12:00:00,3.243766508,4.479449797355665,-1.9832445929138411,4.016492421467731
series_1,2023-10-05 13:00:00,3.1742127,5.450287219758588,-1.3205848804288036,5.287881083330698
series_1,2023-10-05 14:00:00,3.140420048,5.354343049662921,-0.9660404517993354,5.266474659481517
series_1,2023-10-05 15:00:00,2.687992212,5.601650093187174,-0.490562355359927,5.580128344582013
series_1,2023-10-05 16:00:00,2.829068332,5.5505384724764975,-0.064781386450249,5.55016042168254
series_1,2023-10-05 17:00:00,2.97080062,5.8667235791350985,-1.3030189408104371,5.720191185080179
series_1,2023-10-05 18:00:00,3.706036864,5.3299112036101155,-1.3868225119243909,5.146326530525279
series_1,2023-10-05 19:00:00,3.095800624,6.239686528742071,-1.6766635831778858,6.010198599531497
series_1,2023-10-05 20:00:00,3.3435040439999995,6.25048167308357,-2.146089183157524,5.870504438588549
series_1,2023-10-05 21:00:00,3.642388568,6.531612088988538,-2.128881898014538,6.17493468348672
series_1,2023-10-05 22:00:00,3.5833334480000003,5.84172932557662,-1.9190194618830578,5.517532584245963
series_1,2023-10-05 23:00:00,3.872703536,4.497632428441748,-0.8811176822841411,4.410479462749718
series_1,2023-10-06 00:00:00,3.776574924,4.832484941043741,-2.6149027653470824,4.063889052766415
series_1,2023-10-06 01:00:00,3.73523634,4.341643794440424,-1.7346676832954064,3.980050108520443
series_1,2023-10-06 02:00:00,3.189632648,5.010956546442609,-2.0602830544966086,4.567813398737974
series_1,2023-10-06 03:00:00,3.402887248,4.786350988379785,-2.4262354997802382,4.125837743243217
series_1,2023-10-06 04:00:00,3.009514532,4.756122363052507,-2.316758668237169,4.1537127013644195
series_1,2023-10-06 05:00:00,2.947506656,5.019305679209815,-2.2160037153094043,4.503638199842747
series_1,2023-10-06 06:00:00,3.067913484,4.893297393629998,-2.3981535153492892,4.265350993684339
series_1,2023-10-06 07:00:00,2.949803244,4.927627249748501,-2.7836751309401566,4.066037761488361
series_1,2023-10-06 08:00:00,3.081693012,4.953753184933839,-2.7134705067816105,4.144484096491203
series_1,2023-10-06 09:00:00,3.312664148,5.204607148196264,-3.3245320430989427,4.004425334734564
series_1,2023-10-06 10:00:00,3.271981732,4.234806598670341,-3.1551099518720087,2.8246890306262165
series_1,2023-10-06 11:00:00,3.736548676,3.4669233697438733,-2.476944923432343,2.4257579223737387
series_1,2023-10-06 12:00:00,3.53838594,3.6941231840609503,-2.3481380283882762,2.851805375311126
series_1,2023-10-06 13:00:00,3.5511812160000003,4.019964682923163,-3.084522590612436,2.5779519855790713
series_1,2023-10-06 14:00:00,3.585630036,4.586657821124004,-3.460359688666568,3.0105382895969632
series_1,2023-10-06 15:00:00,3.988517188,3.6310794006778075,-2.8760837574354357,2.2165017108594283
series_1,2023-10-06 16:00:00,3.394685148,5.601552266159202,-4.579829267096097,3.2252986954332328
series_1,2023-10-06 17:00:00,3.194553908,5.530366726099481,-4.870200580157804,2.620324871877317
series_1,2023-10-06 18:00:00,2.829396416,4.565817997168383,-3.8682113477424425,2.4256205293621886
series_1,2023-10-06 19:00:00,2.851706128,5.175899618582488,-4.371215340177881,2.771716672287396
series_1,2023-10-06 20:00:00,3.2696851440000003,5.880905870128606,-4.916349426727564,3.227160077781803
series_1,2023-10-06 21:00:00,3.810367576,5.769257754044535,-4.79296480190353,3.2112028027386947
series_1,2023-10-06 22:00:00,3.797900384,5.968981804518402,-4.672804178490686,3.7139796569383288
series_1,2023-10-06 23:00:00,3.872047368,6.491002918031555,-5.2673545345883035,3.793164258089306
series_1,2023-10-07 00:00:00,4.339238984,6.9200915359380835,-5.149595297951383,4.622697819788669
series_1,2023-10-07 01:00:00,4.088582808,7.4961714726900865,-5.393821281137145,5.205696757891753
series_1,2023-10-07 02:00:00,3.891404324,7.401194244388456,-5.184251443335255,5.2821599005941815
series_1,2023-10-07 03:00:00,4.1912731,7.345839088881772,-5.166431197087248,5.222005419904024
series_1,2023-10-07 04:00:00,3.832349204,5.891969640944423,-4.086673491496839,4.244338113735496
series_1,2023-10-07 05:00:00,3.572506676,5.530508633749991,-4.367540544514269,3.3928034632155155
series_1,2023-10-07 06:00:00,3.56955392,6.690897684247442,-5.483452695067474,3.834039431464555
series_1,2023-10-07 07:00:00,3.432414808,6.918008304609953,-5.675321007793642,3.955953786528406
series_1,2023-10-07 08:00:00,3.355971236,7.215362784845774,-6.1677193152642085,3.7444223272828316
series_1,2023-10-07 09:00:00,3.6827429,7.729288872877329,-6.966175576752457,3.3487765399086973
series_1,2023-10-07 10:00:00,4.133530316,7.776598469966121,-7.357149386690307,2.519491350451883
series_1,2023-10-07 11:00:00,4.308727171999999,8.524181344902555,-7.901316713868672,3.198571835667332
series_1,2023-10-07 12:00:00,4.063976508,8.560963910883805,-7.815043810679024,3.4950240801205394
series_1,2023-10-07 13:00:00,4.489173372,9.325322749143412,-8.930636247986678,2.6842839979849513
series_1,2023-10-07 14:00:00,4.929134016,9.493821755826268,-8.74686023836217,3.6912176178002616
series_1,2023-10-07 15:00:00,5.173556596,9.00625240952357,-8.611097297808177,2.6384817209391107
series_1,2023-10-07 16:00:00,5.323490984,9.845725284730747,-9.624159937791823,2.0769814332798546
series_1,2023-10-07 17:00:00,5.8064306320000005,11.683832723741224,-11.137477008759983,3.531083827340985
series_1,2023-10-07 18:00:00,6.255249544,10.987791074163406,-10.987735548533102,0.034931432363310866
series_1,2023-10-07 19:00:00,6.5134516520000005,11.59989352334409,-11.528046249062516,-1.2890614540803866
series_1,2023-10-07 20:00:00,6.893701008,12.913540592161445,-12.819390196316807,-1.55652356871905
series_1,2023-10-07 21:00:00,7.459973992,13.615661581245009,-13.202831752736609,-3.327382455312476
series_1,2023-10-07 22:00:00,9.127953048,16.48810224328846,-15.146418535145418,-6.514869234553925
series_1,2023-10-07 23:00:00,10.754265436,15.743153024696959,-15.137620996907074,-4.324268459869604
series_1,2023-10-08 00:00:00,12.0488849,16.741175294518314,-16.529149370369232,2.655969000913367
series_1,2023-10-08 01:00:00,14.503281304,16.017595850923545,-15.440308560878737,4.2614842940433295
series_1,2023-10-08 02:00:00,15.302822012,16.589168804732974,-15.640951345270437,5.528215141147144
series_1,2023-10-08 03:00:00,17.028871936,15.855619105121598,-13.683061955362003,8.010897124069313
series_1,2023-10-08 04:00:00,17.734252536,14.924318152745974,-11.683465266585959,9.286113917504055
series_1,2023-10-08 05:00:00,15.744751160000002,10.517796625757711,-5.601680095487562,8.901978767028078
series_1,2023-10-08 06:00:00,15.855971636,9.212827749871538,2.574836301513599,8.8457002644907
series_1,2023-10-08 07:00:00,15.850722292,7.661205625109487,3.861661099286361,6.616769996340185
series_1,2023-10-08 08:00:00,15.568898136,7.776176095699665,3.4815673886254515,6.953244076673178
series_1,2023-10-08 09:00:00,13.449147412,7.768669739532447,2.159052960194052,7.462621512377835
series_1,2023-10-08 10:00:00,13.14632588,5.597617112378202,-0.0013469537089323969,5.597616950319573
series_1,2023-10-08 11:00:00,14.207349536,10.009928119592255,6.311838132264748,7.769128673892097
series_1,2023-10-08 12:00:00,14.807087088,12.055804074874594,9.130389132077134,7.872636546202968
series_1,2023-10-08 13:00:00,14.567913851999998,11.151409855056274,8.386085269338944,7.350341190096046
series_1,2023-10-08 14:00:00,13.332349508,10.769924371031115,9.23170182984378,5.546796578439574
series_1,2023-10-08 15:00:00,13.275262892,10.170266389943336,9.413391937579828,3.849983204108577
series_1,2023-10-08 16:00:00,13.52690332,7.448130712791448,6.655927340338861,3.34264601101536
series_1,2023-10-08 17:00:00,11.887467572,5.882447948080687,5.321708237315923,2.506514571823301
series_1,2023-10-08 18:00:00,13.403215652,5.666204748654615,4.110548085641295,3.8999064975082156
series_1,2023-10-08 19:00:00,12.436352104,5.682817850451591,3.2571309189868636,4.656771080694329
series_1,2023-10-08 20:00:00,11.437664408,5.996257851291475,3.1525926891588405,5.100614429207218
series_1,2023-10-08 21:00:00,11.849081744,4.680161336881757,2.200229406134114,4.1307264130689605
series_1,2023-10-08 22:00:00,11.22539406,2.8762375820322115,1.73895065339602,2.2910244986355033
series_1,2023-10-08 23:00:00,10.624672256,3.32830679813113,0.670415467969733,3.2600873060077427
series_1,2023-10-09 00:00:00,9.590551488,3.708305070703796,0.9975732959268941,3.571606643607473
series_1,2023-10-09 01:00:00,9.0469163,3.68025306651723,0.4382114318185155,3.654070794967312
series_1,2023-10-09 02:00:00,8.939960916,3.9029818532930567,-0.2964081517822368,3.8917103636694166
series_1,2023-10-09 03:00:00,8.06758556,4.1731615308127905,-0.41156146721008957,4.152817636372157
series_1,2023-10-09 04:00:00,7.768701036,4.338828710826699,-0.9238070450745469,4.239341355135808
series_1,2023-10-09 05:00:00,7.868766656,4.817542791313008,-0.6321785915414978,4.775884083028873
series_1,2023-10-09 06:00:00,7.580708904,5.346013651793348,-0.21133958861972513,5.341834660811106
series_1,2023-10-09 07:00:00,7.131233824,5.031888130554395,-0.08313834042325952,5.031201265579213
series_1,2023-10-09 08:00:00,7.450459556,8.301978568936503,-1.134466491987809,8.22410079811999
series_1,2023-10-09 09:00:00,7.139764008,6.224846802521248,-2.8882676453042553,5.514220500120358
series_1,2023-10-09 10:00:00,7.731955628,5.135996170297081,-1.494520784668461,4.913742391039669
series_1,2023-10-09 11:00:00,7.545275832,7.635607917850505,-1.0421121963234432,7.564159599414548
series_1,2023-10-09 12:00:00,7.592519928,6.808045624581422,-0.5291391859067651,6.7874514324833415
series_1,2023-10-09 13:00:00,7.028215447999999,4.182790312829256,-0.9999446792185662,4.061507779089035
series_1,2023-10-09 14:00:00,6.38287422,6.955524798782038,3.9459651328709007,5.727886555845799
series_1,2023-10-09 15:00:00,6.821194444,5.769295581113756,3.0118405497149725,4.920730434127775
series_1,2023-10-09 16:00:00,6.48950152,5.670199041924135,3.5509245806192578,4.420643821638576
series_1,2023-10-09 17:00:00,5.716207531999999,6.791274122421091,4.232890322032465,5.31074794426456
series_1,2023-10-09 18:00:00,5.816273152,5.636415976572869,1.7371525526781706,5.362041222304208
series_1,2023-10-09 19:00:00,6.039698356,5.619646113689198,4.908640480211578,2.735995445743716
series_1,2023-10-09 20:00:00,5.3641734,4.361283194258561,4.31742961506065,0.6169218909387186
series_1,2023-10-09 21:00:00,5.384186524,3.4157886154224135,3.414306765460267,0.10060405847488242
series_1,2023-10-09 22:00:00,5.32644374,1.9458194531936588,-0.4490753021311252,1.893289390833506
series_1,2023-10-09 23:00:00,5.866798088,2.449951604712469,-0.06429887000332607,2.449107698887392
series_1,2023-10-10 00:00:00,5.115485728,2.2954410073420353,-1.1714771353310653,1.9740037334270515
series_1,2023-10-10 01:00:00,5.562336136,2.280845028462387,-1.1481526118184573,1.9707865495370223
series_1,2023-10-10 02:00:00,4.99015764,2.486769896203507,-0.33677856103885095,2.463859719523131
series_1,2023-10-10 03:00:00,4.837270496,2.8784474315960105,0.3908172336937697,2.851792682911859
series_1,2023-10-10 04:00:00,4.327756044,2.843412400581458,0.68074190327683,2.7607217427519655
series_1,2023-10-10 05:00:00,4.005249472,4.354114205981787,0.5337952956363275,4.3212698482146354
series_1,2023-10-10 06:00:00,4.165354464,6.1434670099433974,3.848230218691953,4.788873676159036
series_1,2023-10-10 07:00:00,4.106955512,5.830321826946024,4.2637157996897885,3.976604102150338
series_1,2023-10-10 08:00:00,4.483924028,4.7999810032285986,2.606580632274499,4.03057750686014
series_1,2023-10-10 09:00:00,4.173884648,5.562694076519923,2.86538526480946,4.767927502926472
series_1,2023-10-10 10:00:00,4.553149752,5.139513132389036,2.202459888454332,4.643680186850628
series_1,2023-10-10 11:00:00,3.97637808,6.745050238295299,3.935680366966136,5.477784476063728
series_1,2023-10-10 12:00:00,4.12073504,6.61041752151641,3.5794648616372573,5.557432061040002
series_1,2023-10-10 13:00:00,4.34219174,6.097320712429017,3.291304507435896,5.132702456752003
series_1,2023-10-10 14:00:00,4.625656316,5.838205563571177,3.3084164268071348,4.810304039179453
series_1,2023-10-10 15:00:00,3.668635288,5.2209449541700526,3.257109968604113,4.080379990502533
series_1,2023-10-10 16:00:00,3.926509312,4.630476862973482,2.20379104886023,4.072422005575584
series_1,2023-10-10 17:00:00,3.780183848,4.203760636414711,2.0436134237680363,3.6735878460253133
series_1,2023-10-10 18:00:00,3.917651044,3.645034930165142,1.1931585580292146,3.4442201290750347
series_1,2023-10-10 19:00:00,3.870735032,3.0812523455664054,-0.7613113466576613,2.9857195197320143
series_1,2023-10-10 20:00:00,4.011483068,3.4620312873597623,-1.3413343441966084,3.191626985055827
series_1,2023-10-10 21:00:00,3.773622168,4.531627995395465,-4.230676859261396,1.6238921150008858
series_1,2023-10-10 22:00:00,3.704396444,9.976308191152489,-1.1443543482113345,9.910458024258316
series_1,2023-10-10 23:00:00,3.534777016,9.802405188048365,-0.07728922336767491,9.802100481357488
series_1,2023-10-11 00:00:00,3.916338708,8.261010580822115,0.7352302384159701,8.228227774738235
series_1,2023-10-11 01:00:00,3.861220596,6.34686418266321,0.6852631553661055,6.309762226983741
series_1,2023-10-11 02:00:00,3.730643164,5.115291165275234,2.0556313689637475,4.6840776445822385
series_1,2023-10-11 03:00:00,3.398294072,4.5357758028766195,1.9718814122099615,4.084721022314975
series_1,2023-10-11 04:00:00,3.2463911800000003,4.718997361598905,0.6053602431069218,4.680008020809682
series_1,2023-10-11 05:00:00,3.198819,4.932605382050393,0.5219759452174928,4.904909475989012
series_1,2023-10-11 06:00:00,3.159777004,4.016975606108023,1.8678839685294617,3.5562764937751323
series_1,2023-10-11 07:00:00,3.049212696,2.642086928402886,1.4085880548897662,2.2352858942111324
series_1,2023-10-11 08:00:00,3.06430456,1.714759600834573,0.965472861806472,1.417131836410983
series_1,2023-10-11 09:00:00,3.127296688,1.8563319992348755,-1.015459464147957,1.553966076867733
series_1,2023-10-11 10:00:00,2.924212692,2.6953819121495135,-1.4837248901520903,2.2502542306783773
series_1,2023-10-11 11:00:00,2.883530276,3.8545820114409923,-2.520170186613634,2.916598140544612
series_1,2023-10-11 12:00:00,2.8953413,2.668714743709274,-2.3190860759748304,1.3205597886922495
series_1,2023-10-11 13:00:00,2.896653636,3.6696992917658595,-2.2482207731212593,2.9003786386078803
series_1,2023-10-11 14:00:00,2.9609581,3.57632758378589,-1.0099704200031363,3.4307548349111903
series_1,2023-10-11 15:00:00,2.875000092,1.9573257150792196,-0.9271865212315001,1.7237891720732577
series_1,2023-10-11 16:00:00,2.9914699120000003,1.6325268805453235,-1.5473605567057673,0.5204030392438759
series_1,2023-10-11 17:00:00,2.749672004,2.4613975511711113,-2.3410305006483814,0.7602986912688544
series_1,2023-10-11 18:00:00,2.547244176,2.701209052355585,-2.521527027077756,0.9687268945601607
series_1,2023-10-11 19:00:00,2.537073572,2.8158023411652477,-2.6277620618354645,1.0117358207011937
series_1,2023-10-11 20:00:00,2.428805852,2.2674533057019923,-0.7396453752129308,2.1434246458564887
series_1,2023-10-11 21:00:00,2.249671988,2.546805850239206,0.6187737406878442,2.470493694921689
series_1,2023-10-11 22:00:00,2.3704069,2.5186004481166635,0.6384743688923419,2.436328938694647
series_1,2023-10-11 23:00:00,2.383858344,2.681857179406212,0.2863525708742981,2.666525855094288
series_1,2023-10-12 00:00:00,2.504265172,2.836128196797765,1.0108320569846652,2.6498757897764746
series_1,2023-10-12 01:00:00,2.337926584,3.1650330654411576,-0.5714172154230572,3.113023718389247
series_1,2023-10-12 02:00:00,2.283792724,2.797742645063342,0.36911512867311613,2.7732864853438155
series_1,2023-10-12 03:00:00,2.44258538,2.946098589679073,0.9189496115905547,2.799112093408656
series_1,2023-10-12 04:00:00,2.361548632,2.9652992009088615,-0.07451110300647679,2.964362907344425
series_1,2023-10-12 05:00:00,2.329068316,2.458841178571414,-1.0138200637552917,2.2401046448248074
series_1,2023-10-12 06:00:00,2.3146326200000003,3.236625942832491,-0.3132255336487519,3.221434037643292
series_1,2023-10-12 07:00:00,2.172572248,2.768827784522394,-0.2340853654845017,2.7589148848794114
series_1,2023-10-12 08:00:00,2.156824216,3.064054546144706,-0.7374219492739019,2.9739938013518317
series_1,2023-10-12 09:00:00,2.273950204,3.4120665869618314,1.5911751600148971,3.018337291293491
series_1,2023-10-12 10:00:00,2.72637804,3.614968237304523,1.3945919518957703,3.335132477792766
series_1,2023-10-12 11:00:00,3.241798004,3.445138019585124,2.0752557554870896,2.7499617312443854
series_1,2023-10-12 12:00:00,3.306430552,3.9687744400238842,1.432144633208797,3.701368977197239
series_1,2023-10-12 13:00:00,3.368110344,4.663869045963374,2.8695816333195068,3.676571191696233
series_1,2023-10-12 14:00:00,3.0757875,5.236527187258332,4.426720580251838,2.797384830027948
series_1,2023-10-12 15:00:00,2.684711372,5.132194512739024,4.305780455534247,2.7927898569938705
series_1,2023-10-12 16:00:00,2.481299292,5.149710263884529,4.075047881824631,3.1485711938582965
series_1,2023-10-12 17:00:00,2.711942344,4.685539439138377,3.9524027608354895,2.516503974139755
series_1,2023-10-12 18:00:00,2.551509268,4.243631457694106,4.006750463660179,1.3979837877064045
series_1,2023-10-12 19:00:00,2.19980322,2.90335939376692,2.7337539961035793,0.9777959184627072
series_1,2023-10-12 20:00:00,2.232283536,2.117020351075634,1.0568173665835852,1.8343697066174354
series_1,2023-10-12 21:00:00,2.331692988,2.41130912337706,1.12553198317715,2.132507782711884
series_1,2023-10-12 22:00:00,2.460958084,3.0612979045879056,1.6008181847215937,2.609391883197877
series_1,2023-10-12 23:00:00,2.344488264,3.7810193015001845,2.1144656846322927,3.1345082272709752
series_1,2023-10-13 00:00:00,2.430118188,3.6263017519004355,2.5961966766555187,2.5317636564179935
series_1,2023-10-13 01:00:00,2.727034208,3.4433622789150853,2.691935967308287,2.14714334215657
series_1,2023-10-13 02:00:00,2.88385836,3.7449821783232227,3.6797694304242614,-0.6958365144728017
series_1,2023-10-13 03:00:00,2.652231056,4.590010660656361,2.5064298427955096,-3.8452577687436147
series_1,2023-10-13 04:00:00,2.450131312,3.6825135846083055,1.2788016351004665,-3.4533422475753954
series_1,2023-10-13 05:00:00,2.247047316,4.42820169682541,1.1026220940376648,-4.288728807643057
series_1,2023-10-13 06:00:00,1.965551244,4.986391800539236,3.4614994673707784,-3.5891676787072435
series_1,2023-10-13 07:00:00,1.92585308,6.30083021582545,4.247087474910732,-4.65432158204774
series_1,2023-10-13 08:00:00,1.812992184,6.565830858494132,4.089348875848937,-5.136862917573996
series_1,2023-10-13 09:00:00,2.377296664,7.157562432371258,4.712668971881405,-5.38715612682226
series_1,2023-10-13 10:00:00,2.3175853760000003,9.19831401103996,6.228066427422808,-6.769059699936389
series_1,2023-10-13 11:00:00,2.907808492,8.430617032651542,6.0355723258897935,-5.886184693856248
series_1,2023-10-13 12:00:00,3.338910868,9.89089663258895,7.206053595396872,-6.775147804795645
series_1,2023-10-13 13:00:00,4.283792788,9.119567028796778,6.540883640953325,-6.3547890593021625
series_1,2023-10-13 14:00:00,4.659120884,10.408280487300088,7.835963383412453,-6.850546004234334
series_1,2023-10-13 15:00:00,4.985564464,10.107141631273276,5.909104793171618,-8.199804418273256
series_1,2023-10-13 16:00:00,4.730315112,9.847616152025573,6.576334632462982,-7.329895407132555
series_1,2023-10-13 17:00:00,4.911089396,11.054883407585727,7.637277657822129,-7.992648943413263
series_1,2023-10-13 18:00:00,5.020997536,10.332328329598695,7.807445959434508,-6.7676285581536995
series_1,2023-10-13 19:00:00,4.379265232,11.548619293440769,10.664973203690023,-4.430457555310301
series_1,2023-10-13 20:00:00,4.031496192,11.429167985343888,10.630738386342925,-4.1968181040336585
series_1,2023-10-13 21:00:00,4.251312472,11.158886757705647,10.131472606170673,-4.676966591896039
series_1,2023-10-13 22:00:00,4.04527572,11.904461717148282,10.665214297930527,-5.288611609323118
series_1,2023-10-13 23:00:00,4.205380712,11.246301885933672,9.844891706195487,-5.43667300863668
series_1,2023-10-14 00:00:00,4.137467324,10.733304442329585,8.869064853648384,-6.0451230652081005
series_1,2023-10-14 01:00:00,3.974409576,10.69397058587563,7.997955278676878,-7.098853305418969
series_1,2023-10-14 02:00:00,4.292651056,10.897987161655902,8.417205082238944,-6.922194939406701
series_1,2023-10-14 03:00:00,4.52591878,10.558157109462957,7.477384809280153,-7.454085991055481
series_1,2023-10-14 04:00:00,4.701115636,10.51421085601845,7.759554792568965,-7.094923491196801
series_1,2023-10-14 05:00:00,4.500000144,9.676026448776478,5.8526011550081805,-7.705358366605594
series_1,2023-10-14 06:00:00,4.178805908,10.186916820949257,6.5521756290465465,-7.80014543730227
series_1,2023-10-14 07:00:00,3.729986996,10.331384805954361,6.392886877433313,-8.115941681717876
series_1,2023-10-14 08:00:00,3.948162856,9.361997877326743,5.728087319780205,-7.40513469911545
series_1,2023-10-14 09:00:00,3.916338708,8.009591873708127,5.4442710015418525,-5.874817039290816
series_1,2023-10-14 10:00:00,3.4760499800000004,8.345898514109225,7.43808829623025,-3.785348663636303
series_1,2023-10-14 11:00:00,3.629265208,8.544697267438584,6.6385804173685345,-5.379693433115259
series_1,2023-10-14 12:00:00,4.007217976,7.922372667600092,6.410208546238637,-4.655450040336179
series_1,2023-10-14 13:00:00,4.157480448,8.045810588862636,6.817111668421577,-4.273412750030646
series_1,2023-10-14 14:00:00,3.744422692,8.828471659369962,8.210715224097903,-3.244390135151062
series_1,2023-10-14 15:00:00,3.91896338,8.162567639746014,7.120447538778461,-3.990831657804244
series_1,2023-10-14 16:00:00,3.431430556,8.267263492199266,8.258355545452664,-0.3836786863275268
series_1,2023-10-14 17:00:00,3.807742904,8.575696469357208,8.571158856591616,0.27893689181743786
series_1,2023-10-14 18:00:00,3.41043318,8.569632286399294,8.568670889123542,-0.12836166867083065
series_1,2023-10-14 19:00:00,2.977034216,8.688331784781772,8.631135825821339,-0.9952906905385098
series_1,2023-10-14 20:00:00,3.105971228,8.136448764136523,8.069891100107052,1.0385837105557465
series_1,2023-10-14 21:00:00,2.811351796,8.171457781753809,8.167505775947154,0.2541095804072375
series_1,2023-10-14 22:00:00,2.8228347360000003,7.893198520452691,7.859112686657751,0.7327555265514769
series_1,2023-10-14 23:00:00,3.0744751640000003,7.211795949086366,6.739478348982871,2.566988974430869
series_1,2023-10-15 00:00:00,3.230643148,8.039622895150677,7.970560031012137,1.0515270268817374
series_1,2023-10-15 01:00:00,3.229330812,7.3078730819047895,7.291518956839485,-0.4886310297955258
series_1,2023-10-15 02:00:00,3.054790124,6.0637883453014405,6.060846288951573,0.18886862713414027
series_1,2023-10-15 03:00:00,2.550525016,5.752480698513834,5.74212953434658,-0.34493854171277405
series_1,2023-10-15 04:00:00,2.1784777600000003,5.330642300072024,5.327438885177628,-0.1847762322770627
series_1,2023-10-15 05:00:00,2.0954725080000003,4.900157716808938,4.664902833947121,-1.500075731233029
series_1,2023-10-15 06:00:00,1.7887139680000002,4.528160734075039,3.722486207180644,-2.578242826222707
series_1,2023-10-15 07:00:00,1.835301896,4.3427385910292475,2.393108011854482,-3.6238670662170516
series_1,2023-10-15 08:00:00,1.87992132,4.7262013387091315,2.5599535773099533,-3.972860024721983
series_1,2023-10-15 09:00:00,1.729330764,3.8585870457566536,2.0147950051688825,-3.2907894306423775
series_1,2023-10-15 10:00:00,1.7352362760000002,4.276959207399627,0.7778230816317985,-4.205635661281331
series_1,2023-10-15 11:00:00,1.490813696,4.739852604835446,0.41343100405905375,-4.721787534445835
series_1,2023-10-15 12:00:00,1.50262472,6.138494825080376,-0.1676234113667781,-6.136205758406438
series_1,2023-10-15 13:00:00,1.542979052,5.654039338495365,0.11752916214212226,-5.652817681236436
series_1,2023-10-15 14:00:00,1.30085306,4.796984715680753,-0.7391413030468422,-4.739697511087071
series_1,2023-10-15 15:00:00,1.351377996,5.818271442721385,-0.14597731752990084,-5.816439908049766
series_1,2023-10-15 16:00:00,1.458005296,7.44426342351346,-1.2339011183154667,-7.341290482529634
series_1,2023-10-15 17:00:00,1.772309768,7.423184559497733,-1.4673647579572415,-7.2767100857097935
series_1,2023-10-15 18:00:00,2.035105052,7.914674712903455,-0.7159925654161936,-7.8822224313541245
series_1,2023-10-15 19:00:00,1.898622108,7.412683528664724,-0.06130954873521613,-7.412429981819132
series_1,2023-10-15 20:00:00,2.06200794,6.523707220771464,2.078319253543094,-6.183796971335477
series_1,2023-10-15 21:00:00,1.869094548,6.821712215309459,4.347704793527749,-5.256730978168668
series_1,2023-10-15 22:00:00,1.914042056,7.4131832183971,3.6462394351006724,-6.454473131979178
series_1,2023-10-15 23:00:00,1.7778871960000002,7.5162982414142485,4.758074032363717,-5.818545415860652
series_1,2023-10-16 00:00:00,1.915026308,8.392968303384183,4.446723488456012,-7.118185664818329
series_1,2023-10-16 01:00:00,2.24245414,8.621382674693296,3.973033240453064,-7.651355833690964
series_1,2023-10-16 02:00:00,2.097769096,8.650365256932385,4.482491856259196,-7.3983840017204345
series_1,2023-10-16 03:00:00,2.277231044,8.15099239421256,5.843140172929091,-5.682991283647479
series_1,2023-10-16 04:00:00,2.587598508,8.376562637427146,6.144022798801185,-5.693661867950333
series_1,2023-10-16 05:00:00,2.857283556,6.809136222023601,4.801375096341746,-4.8281604441343
series_1,2023-10-16 06:00:00,2.594816356,4.494616465368302,1.0978379077306692,-4.358477841989035
series_1,2023-10-16 07:00:00,2.458661496,5.044500237715969,0.762870219400417,-4.986482896458027
series_1,2023-10-16 08:00:00,2.661417408,6.539122614640071,1.1939234571399042,-6.429204565713265
series_1,2023-10-16 09:00:00,2.912401668,5.854547731629106,-0.5545202912192776,-5.828227551198529
series_1,2023-10-16 10:00:00,3.479986988,5.975973679993546,-0.6672220411854818,-5.938608942482396
series_1,2023-10-16 11:00:00,3.701443688,5.619882753203754,-0.9687779052002788,-5.5357521196448785
series_1,2023-10-16 12:00:00,4.489173372,6.498154230200221,-2.6056806806396295,-5.952851131181631
series_1,2023-10-16 13:00:00,3.995078868,5.767502144392205,-2.7090946954627264,-5.091648742459008
series_1,2023-10-16 14:00:00,4.211614308000001,6.461933573152372,-2.6347170757254816,-5.9004111242111215
series_1,2023-10-16 15:00:00,4.213582812,5.953242839684172,-2.0425051267510907,-5.59189351789234
series_1,2023-10-16 16:00:00,4.915354488,6.900256253672863,-2.517259635055452,-6.424713246213558
series_1,2023-10-16 17:00:00,5.668963436,6.05412652333808,-2.6461373887438833,-5.445218533766788
series_1,2023-10-16 18:00:00,5.412401748,5.186664279161984,-2.3527057778927225,-4.622365397435073
series_1,2023-10-16 19:00:00,5.612861072,7.659701533644362,-3.3035414267281933,-6.91069038710348
series_1,2023-10-16 20:00:00,5.635826952,7.534474318834444,-2.4570624096405016,-7.122580120736261
series_1,2023-10-16 21:00:00,6.40091884,6.030884305907512,-2.17983299687356,-5.623156908444114
series_1,2023-10-16 22:00:00,6.380249548,6.663215580495418,-3.2459261810329014,-5.8191412682149295
series_1,2023-10-16 23:00:00,5.187992292,6.407918703480681,-2.7220884296636068,-5.80100480016256
series_1,2023-10-17 00:00:00,4.320210112,5.9434817782342,-2.879261936804059,-5.199502509613137
series_1,2023-10-17 01:00:00,4.771325612,6.300485705425713,-3.528650491711467,-5.219649972135887
series_1,2023-10-17 02:00:00,4.632874164,6.707595084232479,-3.955762834120505,-5.416989220425921
series_1,2023-10-17 03:00:00,4.492126128,6.673363310118483,-3.6912607749391553,-5.55952981467238
series_1,2023-10-17 04:00:00,4.565945028,6.897141148360156,-3.896291867641207,-5.691174369368403
series_1,2023-10-17 05:00:00,4.73753296,7.213215102605649,-4.25824041683077,-5.82218693180897
series_1,2023-10-17 06:00:00,5.28543324,8.472995438489534,-3.7976896264547655,-7.574246180431575
series_1,2023-10-17 07:00:00,5.071850556,6.439621444069921,-3.1658511131807265,-5.607683217880404
series_1,2023-10-17 08:00:00,4.421259984,6.077389742517454,-1.2045700762004763,-5.95681769185349
series_1,2023-10-17 09:00:00,4.516732428,5.510180464499504,-1.0440038038903194,-5.4103738141476425
series_1,2023-10-17 10:00:00,3.95833346,5.82836348938968,-0.8732165177402629,-5.762578752398635
series_1,2023-10-17 11:00:00,3.852034244,5.619847351891379,-1.7749254613766519,-5.332196907946801
series_1,2023-10-17 12:00:00,3.734252088,5.886396637771793,-2.6231363775214964,-5.269612976499742
series_1,2023-10-17 13:00:00,3.463582788,5.473863078112999,-0.9978029281802686,-5.382152572572019
series_1,2023-10-17 14:00:00,3.200131336,5.005776811397955,-1.3660303981304445,-4.815782640123312
series_1,2023-10-17 15:00:00,3.705380696,5.355608094917038,-0.734243015505313,-5.305037724703055
series_1,2023-10-17 16:00:00,3.2726379000000003,5.431851638836967,0.1547312075037781,-5.429647362376333
series_1,2023-10-17 17:00:00,3.713254712,5.275722175878496,0.45283447523214054,-5.256252031162258
series_1,2023-10-17 18:00:00,3.4963911880000005,4.729400384968068,1.6270143759424454,-4.440726542111406
series_1,2023-10-17 19:00:00,3.579724524,4.880614737498008,1.5479140095562478,-4.628645853260136
series_1,2023-10-17 20:00:00,3.484908248,4.848684207405502,0.8586726959918136,-4.772045656141785
series_1,2023-10-17 21:00:00,3.4235565400000003,3.9164144515956076,0.4834237913835887,-3.8864641506890605
series_1,2023-10-17 22:00:00,2.5128285765073364,2.318399944170237,1.1334710024573393,-2.0224296743562955
series_1,2023-10-17 23:00:00,3.3320211040000003,2.0215383710432264,0.8206313530542217,-1.8474797882478982
series_1,2023-10-18 00:00:00,2.846784868,2.54799043058034,1.9386403382753876,-1.6534596678299944
series_1,2023-10-18 01:00:00,2.560039452,2.1864817588853036,1.6976686704844828,-1.3779055000955684
series_1,2023-10-18 02:00:00,2.587926592,2.6322331272873276,2.5603285101260598,0.6110394067689039
series_1,2023-10-18 03:00:00,2.800853108,2.594009765557431,2.484281504565015,0.7464797853147164
series_1,2023-10-18 04:00:00,2.387795352,2.957235763722258,2.8179206680007294,0.8969762934951467
series_1,2023-10-18 05:00:00,2.207021068,3.5713372364446805,3.566197209196068,0.19153882514650888
series_1,2023-10-18 06:00:00,2.242126056,4.013482350896473,4.009009409902975,0.189431075240781
series_1,2023-10-18 07:00:00,2.138451512,2.9549734905736806,2.911439375548065,0.5053603590523237
series_1,2023-10-18 08:00:00,2.166666736,2.7819144359437504,2.287060568844699,1.5837935103251295
series_1,2023-10-18 09:00:00,2.040026312,3.39923078050327,2.497891639081023,2.3054950137725285
series_1,2023-10-18 10:00:00,2.07841214,2.8664629336489864,1.9521395881757415,2.098990418811053
series_1,2023-10-18 11:00:00,1.890420008,2.878566213774769,1.200803161688226,2.6161451056784237
series_1,2023-10-18 12:00:00,2.041338648,2.855603346918436,1.8591799830026805,2.1674686308534956
series_1,2023-10-18 13:00:00,1.90780846,4.521950096606284,1.2324174468847482,4.350767738320636
series_1,2023-10-18 14:00:00,1.7053806320000002,4.68987112927699,1.290326163954136,4.508874538046189
series_1,2023-10-18 15:00:00,1.954396388,4.606879112783092,1.7603168554013962,4.2573019306113205
series_1,2023-10-18 16:00:00,1.84383208,4.876711578262718,0.7979140665697645,4.810992512978143
series_1,2023-10-18 17:00:00,1.84055124,4.7937232018100975,1.0182317298969121,4.6843341340903075
series_1,2023-10-18 18:00:00,1.862532868,4.537450056170369,2.0056412117647,4.070117485025648
series_1,2023-10-18 19:00:00,1.773622104,3.5274946617746634,2.6417052187282826,2.337650984683664
series_1,2023-10-18 20:00:00,1.866469876,5.053478009076867,2.8519913401429227,4.171784436422055
series_1,2023-10-18 21:00:00,1.95866148,4.165536035969622,2.8365476825051656,3.050522530950409
series_1,2023-10-18 22:00:00,2.0341208,3.846581156016949,3.2847890762008167,2.001586199666773
series_1,2023-10-18 23:00:00,2.382874092,3.2374079580172013,2.2588613486666076,2.319128218562566
series_1,2023-10-19 00:00:00,2.239829468,4.623804122032783,2.894024222752863,3.6061320493081004
series_1,2023-10-19 01:00:00,2.182086684,5.3555823198343635,3.0614468439410687,4.39429234419442
series_1,2023-10-19 02:00:00,3.0141071491523004,4.6514626885097,3.4700986565630956,3.0975022931899323
series_1,2023-10-19 03:00:00,2.253608996,5.053800011178075,4.0729193378206014,2.9920265073342023
series_1,2023-10-19 04:00:00,1.896653604,5.1760444500171685,5.1704976343918885,0.2395628545944094
series_1,2023-10-19 05:00:00,1.987860956,5.354266382646754,5.341255972752799,0.37303234427287235
series_1,2023-10-19 06:00:00,1.941929196,4.737985060375466,4.686973395829499,-0.6933850439168655
series_1,2023-10-19 07:00:00,1.98818904,4.831206149323967,4.820333318615322,-0.3239437523903037
series_1,2023-10-19 08:00:00,1.72900268,4.637255672950546,4.631980382365843,-0.2211287265146509
series_1,2023-10-19 09:00:00,2.06036752,4.060303173996539,4.060175470589738,-0.03220268292813294
series_1,2023-10-19 10:00:00,1.9356956,3.785556856796997,3.629803262808856,1.0746948354509493
series_1,2023-10-19 11:00:00,1.856299272,3.5556241561458237,2.7819003006114316,2.214383403393759
series_1,2023-10-19 12:00:00,1.7887139680000002,4.096196687024755,2.492442369278669,3.250624299210401
series_1,2023-10-19 13:00:00,1.785433128,5.081855901576311,3.7021837236714368,3.4812490690222497
series_1,2023-10-19 14:00:00,1.854658852,5.991013081886046,4.519046670979527,3.9332499199565985
series_1,2023-10-19 15:00:00,2.0669292,6.108428938527431,4.648257960061704,3.9631555651730803
series_1,2023-10-19 16:00:00,2.05544626,6.706958887926352,5.8780973643650976,3.2297474977741496
series_1,2023-10-19 17:00:00,2.236876712,7.354730964012307,6.462395345985096,3.511340761759187
series_1,2023-10-19 18:00:00,2.32611556,7.099663279138628,5.181257418660567,4.853842832099563
series_1,2023-10-19 19:00:00,2.199475136,8.274219074323126,6.131408962414184,5.555945052420844
series_1,2023-10-19 20:00:00,2.383202176,8.741123969394426,6.450857069977345,5.898617745798168
series_1,2023-10-19 21:00:00,2.66896334,8.542319812464108,5.8815154704410055,6.195078978461852
series_1,2023-10-19 22:00:00,2.6656825,9.41333872209977,5.65026961822384,7.528970655963506
series_1,2023-10-19 23:00:00,2.92979012,9.844421037452625,5.452941802544913,8.196221767418086
series_1,2023-10-20 00:00:00,3.271325564,9.478663183290342,4.816005595453452,8.164015301726526
series_1,2023-10-20 01:00:00,3.498359692,9.540835600507583,4.76433725158398,8.266113627883547
series_1,2023-10-20 02:00:00,3.878280964,10.450532430443506,4.795047954215167,9.285534082460114
series_1,2023-10-20 03:00:00,3.604658908,9.698715944816808,4.383900805472868,8.65138744398944
series_1,2023-10-20 04:00:00,3.29396336,9.618945735157888,3.3456212729500034,9.018366556860311
series_1,2023-10-20 05:00:00,3.249343936,9.73004188729806,2.765091713039122,9.328878975903653
series_1,2023-10-20 06:00:00,3.306758636,10.098014255440741,3.1213794735037643,9.603482810182658
series_1,2023-10-20 07:00:00,3.709645788,9.00697701637824,2.19205585845276,8.736161976920346
series_1,2023-10-20 08:00:00,3.933399076,6.877767356060914,1.3090548314726793,6.752041117491449
series_1,2023-10-20 09:00:00,3.570538172,6.338145192091654,1.2557611044907648,6.2124993782279505
series_1,2023-10-20 10:00:00,3.767388572,7.39181806549758,3.220757955269031,6.653246764323989
series_1,2023-10-20 11:00:00,3.547244208,6.476525000690656,2.8078228064216475,5.836223708213177
series_1,2023-10-20 12:00:00,3.646325576,6.326461846132201,1.9310595245809157,6.024543850209058
series_1,2023-10-20 13:00:00,3.35629932,5.23261792348084,1.0820358371108099,5.119520366239482
series_1,2023-10-20 14:00:00,2.98228356,6.759007446882873,-1.7709154840871109,6.522885865568909
series_1,2023-10-20 15:00:00,2.99704734,9.425268119036765,-1.5460819634510266,9.29759698406111
series_1,2023-10-20 16:00:00,2.972112956,7.061533718099684,-2.4936926785918723,6.606569100266495
series_1,2023-10-20 17:00:00,3.415026356,5.69122337981942,-3.2869970007046314,4.646038557347747
series_1,2023-10-20 18:00:00,2.873359672,4.804816589556354,-3.4780959744956865,3.3149827829828693
series_1,2023-10-20 19:00:00,2.924212692,6.450984759653126,-5.534313429849615,3.3146009155648133
series_1,2023-10-20 20:00:00,3.181102464,6.377387435556771,-5.604325867688235,3.043452327860235
series_1,2023-10-20 21:00:00,3.463254704,6.50037137765437,-5.313803877465236,3.744104218536605
series_1,2023-10-20 22:00:00,3.084317684,6.527362852030391,-5.161222332410333,3.9960292588387247
series_1,2023-10-20 23:00:00,3.068569652,5.281937566882504,-4.72168140327282,2.3674013572760058
series_1,2023-10-21 00:00:00,3.238845248,5.835887033706932,-5.192323498565332,2.6640859889340955
series_1,2023-10-21 01:00:00,3.173556532,6.860565805768894,-5.799103305977771,3.665755586762855
series_1,2023-10-21 02:00:00,3.201443672,7.693862815007924,-6.763637379300931,3.667251616331347
series_1,2023-10-21 03:00:00,2.999015844,6.97562318312229,-5.849335693504897,3.8006039964198766
series_1,2023-10-21 04:00:00,3.154855744,6.447495738563557,-4.755337384340045,4.353959997507236
series_1,2023-10-21 05:00:00,3.313320316,5.471707087087607,-3.8596302244805387,3.8785091178391014
series_1,2023-10-21 06:00:00,3.3907481400000004,6.857215364709274,-5.789383409775872,3.6748390839078726
series_1,2023-10-21 07:00:00,3.135826872,11.933336532139583,-11.775553494424098,-1.9341304736892964
series_1,2023-10-21 08:00:00,3.585630036,7.813944692289734,-7.731273771185118,-1.13363906475913
series_1,2023-10-21 09:00:00,3.278215328,3.0413098023653973,-2.97984964370237,-0.6083267336643279
series_1,2023-10-21 10:00:00,3.5820211120000005,3.1997974713907738,-2.0453840912638475,-2.460712859543664
series_1,2023-10-21 11:00:00,3.631561796,4.330826605467653,-3.612715211970465,-2.3883776677535056
series_1,2023-10-21 12:00:00,3.92716548,4.272307303641002,-1.7901739047973864,-3.8791606163352816
series_1,2023-10-21 13:00:00,3.47276914,4.259118251542339,-1.8424493485400382,-3.839982900832432
series_1,2023-10-21 14:00:00,4.17650932,6.614918009179339,-3.161707675711568,-5.810399714435463
series_1,2023-10-21 15:00:00,4.149934516,7.525512540629887,-5.822596932980494,-4.767672802869744
series_1,2023-10-21 16:00:00,4.068897768,8.724806438607644,-6.938596449602055,-5.289435385817579
series_1,2023-10-21 17:00:00,3.45800536,9.837786303553619,-8.926390113775328,-4.135407947359155
series_1,2023-10-21 18:00:00,4.298884652,9.679530568153984,-8.630533420299749,-4.382602526001703
series_1,2023-10-21 19:00:00,4.746391228,10.045597557931742,-9.52676072810228,-3.1866691584493516
series_1,2023-10-21 20:00:00,4.330052632,9.858373174113787,-8.991316538064364,-4.042740228164132
series_1,2023-10-21 21:00:00,4.94258546,8.854053839119192,-8.466452750990484,-2.591032072604846
series_1,2023-10-21 22:00:00,6.429790232,8.294746939665465,-8.224235223461623,1.0792505650972568
series_1,2023-10-21 23:00:00,7.0456039,5.346564491346493,-4.9711724821507195,1.9680437019625963
series_1,2023-10-22 00:00:00,6.869750876,3.498912086521947,-3.494664903880786,0.17234557955822716
series_1,2023-10-22 01:00:00,7.058399176000001,3.72625271227678,-3.658347074007408,0.7081355533028217
series_1,2023-10-22 02:00:00,7.699803396000001,3.6597227834025197,1.7731524523489164,3.2014842233071383
series_1,2023-10-22 03:00:00,8.195210236,7.823645924535912,7.814147169582199,0.3854083089632172
series_1,2023-10-22 04:00:00,7.709317832,9.756321046322187,9.545641958369005,-2.0165614202236344
series_1,2023-10-22 05:00:00,7.702099983999999,9.892106067367243,9.30232770317364,-3.364589388144121
series_1,2023-10-22 06:00:00,9.95406856,10.176155984043902,9.844990723542656,-2.5749384973143634
series_1,2023-10-22 07:00:00,9.872703728,11.574145144079914,10.819139724749522,-4.11181850676504
series_1,2023-10-22 08:00:00,9.447834948,12.38171233539376,12.301187313225356,-1.4098195066693981
series_1,2023-10-22 09:00:00,9.98031528,12.124817461940433,12.006512959087882,-1.6896286718182836
series_1,2023-10-22 10:00:00,12.090551568,10.917395308715472,10.708640513000386,-2.1247443822938847
series_1,2023-10-22 11:00:00,13.68438364,10.69199818741579,10.357552614690649,-2.653286466557546
series_1,2023-10-22 12:00:00,13.381890192,9.44444918586747,9.256055619895754,-1.8769802305375831
series_1,2023-10-22 13:00:00,13.366470244,8.52718637448678,8.283306625039371,-2.024781178500987
series_1,2023-10-22 14:00:00,11.101378308,8.75670992351264,8.396815676361783,-2.484643874230221
series_1,2023-10-22 15:00:00,11.913714292,8.362399683319357,8.1327604380668,-1.9462620893896037
series_1,2023-10-22 16:00:00,11.212598784,6.896642145275457,6.8951332137334616,-0.14425964390407897
series_1,2023-10-22 17:00:00,9.679790336,6.218495540216311,6.090702518733057,-1.2542047727500245
series_1,2023-10-22 18:00:00,9.161089532,6.274893507931927,6.265742182751247,-0.3387675237945251
series_1,2023-10-22 19:00:00,8.610892664,6.702272037314632,6.5552147872926945,-1.3962841955092202
series_1,2023-10-22 20:00:00,8.381233864,7.305943248129856,7.211918446681555,-1.1683488619879525
series_1,2023-10-22 21:00:00,8.397638064,7.330742610458933,7.295976041696142,-0.7131064575462351
series_1,2023-10-22 22:00:00,8.429462212,9.030104878637264,8.99709949012501,-0.771359114797246
series_1,2023-10-22 23:00:00,8.625000276,9.434047341009608,9.319200012302737,-1.4675695428521034
series_1,2023-10-23 00:00:00,8.62532836,9.724245166671993,9.45935072857489,-2.254246627002762
series_1,2023-10-23 01:00:00,8.410761424,10.177473440473241,9.528552156035378,-3.5759837025987364
series_1,2023-10-23 02:00:00,7.480971368,10.740656467343255,-6.9659302225643485,-8.175421547776427
series_1,2023-10-23 03:00:00,7.720800772,12.201548446530778,-6.678100410336204,-10.211795111659116
series_1,2023-10-23 04:00:00,8.043635428,12.242876008097813,-6.3558607006608545,-10.463797002209663
series_1,2023-10-23 05:00:00,8.363189244,11.814238144547906,-6.02322327392854,-10.163513385069963
series_1,2023-10-23 06:00:00,8.1528874,11.76687004776755,-4.066587304951204,-11.041834014884431
series_1,2023-10-23 07:00:00,7.51148318,10.857567044497408,-4.293412351223067,-9.972631172770875
series_1,2023-10-23 08:00:00,7.724737779999999,10.342316864112773,-1.60457549799141,-10.217086453043112
series_1,2023-10-23 09:00:00,7.437336196,10.159371055705158,-0.9055007893653331,-10.118937126396157
series_1,2023-10-23 10:00:00,7.2506564,10.848314594809326,-0.20911334045387248,-10.846298961341478
series_1,2023-10-23 11:00:00,6.682742996000001,10.15378484350312,-2.80591376019924,-9.758390985120355
series_1,2023-10-23 12:00:00,6.71423906,10.559404849329713,-0.21556950525669094,-10.557204201892244
series_1,2023-10-23 13:00:00,6.144029068,9.869315334676383,1.4873255647368433,-9.756600219326332
series_1,2023-10-23 14:00:00,5.670275772,8.588496701975284,1.2955660246651823,-8.490216974587492
series_1,2023-10-23 15:00:00,5.760498872,8.035265260016695,0.6116962772457637,-8.011948293844316
series_1,2023-10-23 16:00:00,5.194225888,7.59155344983785,-0.15488322638212904,-7.589973317998583
series_1,2023-10-23 17:00:00,5.2001314,6.718724294626886,-0.2951572158201765,-6.712237955045905
series_1,2023-10-23 18:00:00,4.516732428,6.519589097619246,0.7987838729846364,-6.470470332677169
series_1,2023-10-23 19:00:00,4.078084120000001,5.716639490506541,0.7441382241422816,-5.6680001206588955
series_1,2023-10-23 20:00:00,4.150918768,5.771694052912052,2.260842436196202,-5.310465489871369
series_1,2023-10-23 21:00:00,3.93864842,7.1796572728401955,-0.3784802596790753,-7.16967441718802
series_1,2023-10-23 22:00:00,3.924540808,7.153359179805962,-1.0775169201396295,-7.071739873759995
series_1,2023-10-23 23:00:00,3.8959975,7.28810911833836,-0.6520005675149114,-7.258886263109995
series_1,2023-10-24 00:00:00,3.53182426,5.7323662640350665,0.7027025489104171,-5.689132808504487
series_1,2023-10-24 01:00:00,3.44816284,4.781314513607208,1.3529019086078062,-4.585915928548657
series_1,2023-10-24 02:00:00,3.175196952,4.882336484055093,-0.07973583345211299,-4.881685338118297
series_1,2023-10-24 03:00:00,3.102690388,4.903657635726281,0.671938264509508,-4.857402307520411
series_1,2023-10-24 04:00:00,3.409448928,4.060737261319809,0.3049319902979726,-4.049271982315342
series_1,2023-10-24 05:00:00,2.979330804,3.472266231950829,-3.3284667779154233,-0.9889093456224027
series_1,2023-10-24 06:00:00,3.17749354,2.390871354930811,-2.1349019323418954,-1.0763175995548593
series_1,2023-10-24 07:00:00,2.771325548,1.8620049115637003,-1.7664134482793616,0.5889361768690713
series_1,2023-10-24 08:00:00,2.415354408,1.6682217929945697,-1.5681761964533103,0.5690231695627563
series_1,2023-10-24 09:00:00,2.854658884,1.5629510481080717,-0.43319776069383675,1.5017175762812278
series_1,2023-10-24 10:00:00,2.685039456,2.7187807934228467,0.0394868172564114,2.718494030515411
series_1,2023-10-24 11:00:00,2.759842608,2.8859913632185665,1.8843668699621308,2.1858882972286766
series_1,2023-10-24 12:00:00,2.575131316,4.573323416309612,1.4500856813551088,4.337342341445359
series_1,2023-10-24 13:00:00,2.43438328,4.544938203782097,3.4161977971032034,2.9976750803356342
series_1,2023-10-24 14:00:00,2.312336032,4.46631265667086,3.8968813403541755,2.182261342355164
series_1,2023-10-24 15:00:00,1.991797964,4.896292662241663,3.9942144884638524,2.8319485260977113
series_1,2023-10-24 16:00:00,2.087598492,5.164240319100016,4.649001905828954,2.24859052586659
series_1,2023-10-24 17:00:00,1.76837276,5.0189203559465,3.466795942435828,3.6291717282108085
series_1,2023-10-24 18:00:00,1.824803208,5.509993941494388,3.9937913256598034,3.796006333291525
series_1,2023-10-24 19:00:00,2.12598432,5.8086040373346055,4.784604915853341,3.2935446955722223
series_1,2023-10-24 20:00:00,1.86679796,6.553246987892475,5.239901115268447,3.9355409268015853
series_1,2023-10-24 21:00:00,2.2047244800000003,6.5217276027521365,5.052402658834779,4.123852361263482
series_1,2023-10-24 22:00:00,2.582677248,6.708202082150304,4.05002370016321,5.347642770705798
series_1,2023-10-24 23:00:00,2.664370164,6.3677347476376704,3.590677688230441,5.258809709004147
series_1,2023-10-25 00:00:00,2.781168068,6.43716124442383,3.94349915521455,5.087814786284411
series_1,2023-10-25 01:00:00,2.752952844,6.69011134737055,3.6319238657694353,5.618426725825532
series_1,2023-10-25 02:00:00,3.022965976,7.164976636704985,3.1004714351869676,6.45940919002024
series_1,2023-10-25 03:00:00,3.053149704,6.593799839914453,4.714921608784721,4.609523896442102
series_1,2023-10-25 04:00:00,3.4032153320000003,7.023778595052336,4.400628659164755,5.474297503465919
series_1,2023-10-25 05:00:00,3.3103675599999995,7.99478921662763,5.651887428763744,5.654451618935987
series_1,2023-10-25 06:00:00,3.957021124,7.397095676740928,4.782455588843963,5.643150094724974
series_1,2023-10-25 07:00:00,3.81233608,7.725021263433469,5.2238656749078975,5.690973636471907
series_1,2023-10-25 08:00:00,4.018044748,8.714425963067546,5.39816393013673,6.841129003984394
series_1,2023-10-25 09:00:00,4.022637924,8.664448296857792,4.743142713656592,7.250880049125643
series_1,2023-10-25 10:00:00,4.065288844,8.513390015584987,4.5320571830682574,7.206820883500683
series_1,2023-10-25 11:00:00,4.267388588,8.951038871352853,5.625342680130757,6.962515106451767
series_1,2023-10-25 12:00:00,4.202427955999999,8.571720573422054,4.269017963984769,7.4330262485748175
series_1,2023-10-25 13:00:00,4.76870094,9.273375243841476,4.260432450540784,8.236759298866941
series_1,2023-10-25 14:00:00,5.245735076,9.013225875760055,4.7895193630449375,7.635361481848009
series_1,2023-10-25 15:00:00,5.646325640000001,9.187083965536344,4.715042338850351,7.884851776201224
series_1,2023-10-25 16:00:00,4.266913131740298,10.453926243668526,6.365407657150346,8.29253635906128
series_1,2023-10-25 17:00:00,5.689960812,9.425300860784484,6.173737062663493,7.121886477429971
series_1,2023-10-25 18:00:00,5.281496231999999,9.155987477873063,5.903996122599889,6.998209519533821
series_1,2023-10-25 19:00:00,5.363845316,9.011889835126349,5.704980085148021,6.976199583477962
series_1,2023-10-25 20:00:00,5.104002788,9.14677247727742,6.609173157133488,6.323154033400251
series_1,2023-10-25 21:00:00,4.8927166920000005,8.281361870375,7.110096370768822,4.2458784752370065
series_1,2023-10-25 22:00:00,4.423228488,8.724270218171583,7.960488218121158,3.569806460976544
series_1,2023-10-25 23:00:00,4.021325588,7.027376069159187,5.45857940766882,4.425824812118657
series_1,2023-10-26 00:00:00,3.954724536,6.556464091362393,5.216547117511441,3.9717574890856016
series_1,2023-10-26 01:00:00,3.698490932,7.14051241868494,5.458305897113506,4.6036740039809265
series_1,2023-10-26 02:00:00,3.522309824,7.247714906315322,6.197184325591136,3.7582280130232713
series_1,2023-10-26 03:00:00,3.327427928,6.160853480468501,4.9008151450132384,3.7333800398847314
series_1,2023-10-26 04:00:00,3.459317696,5.437038336188382,3.7117697297203813,3.9729273014634456
series_1,2023-10-26 05:00:00,3.223753384,6.088233171119107,3.918752026685507,4.65939542207605
series_1,2023-10-26 06:00:00,3.382874124,6.380728222398162,4.34206587676358,4.675484634768222
series_1,2023-10-26 07:00:00,3.25295286,5.901664223135829,4.858037903672575,3.3509861726247094
series_1,2023-10-26 08:00:00,3.000656264,4.287349047650541,3.519161668008473,2.4488493238273823
series_1,2023-10-26 09:00:00,3.016736568852414,4.853370230107918,4.389410670801856,2.0708154320336187
series_1,2023-10-26 10:00:00,2.89206046,4.076710978564769,3.491133630387527,2.1051266891870717
series_1,2023-10-26 11:00:00,2.576771736,2.8718268917957026,2.8696033629947846,0.1129877671696735
series_1,2023-10-26 12:00:00,2.987532904,3.6969661959875797,3.4849294361584353,-1.2340283138045598
series_1,2023-10-26 13:00:00,3.115485664,3.1722861565050597,2.6013505203812874,-1.815592170303025
series_1,2023-10-26 14:00:00,2.936023716,3.158827566430975,1.638139552506452,-2.7008684531013722
series_1,2023-10-26 15:00:00,2.781824236,2.8232056948788187,1.4171223023072468,-2.441772875576187
series_1,2023-10-26 16:00:00,2.618766488,2.130168024268787,1.762422014126039,-1.1964465954404748
series_1,2023-10-26 17:00:00,2.309055192,1.76366450777885,0.7293833435740592,-1.6057747146208086
series_1,2023-10-26 18:00:00,2.306758604,1.8980810965418524,-0.33629893594766325,-1.868051089967828
series_1,2023-10-26 19:00:00,2.075459384,1.3738569741356281,0.1455537560719159,-1.3661248440294398
series_1,2023-10-26 20:00:00,1.92093182,1.6038743061940102,-0.32866542230714313,-1.569838154157614
series_1,2023-10-26 21:00:00,1.889435756,1.1876225689697315,0.8466138092681703,0.8328819990146881
series_1,2023-10-26 22:00:00,1.979002688,1.8075976585259197,-0.08687976316914353,1.8055085715277182
series_1,2023-10-26 23:00:00,2.149278284,1.969840634888063,0.4352472708772098,1.9211538043712555
series_1,2023-10-27 00:00:00,2.178805844,1.9184012360571487,0.6194938952795558,1.815624029422655
series_1,2023-10-27 01:00:00,2.340223172,2.347021369598018,-0.3070325569414909,2.32685201900072
series_1,2023-10-27 02:00:00,2.378609,2.600769128691254,-0.3625397485843306,2.575376669819364
series_1,2023-10-27 03:00:00,2.39337278,2.514313613225627,0.42383291251267113,2.4783338370612493
series_1,2023-10-27 04:00:00,2.551509268,2.1451766616072523,0.35654148847502454,2.1153394707470596
series_1,2023-10-27 05:00:00,2.174868836,2.545651466529651,-2.5439497462729697,-0.09306491004807155
series_1,2023-10-27 06:00:00,2.270997448,2.424546320023422,-2.3323656044676313,0.6621899614426803
series_1,2023-10-27 07:00:00,1.98982946,2.1378616134249238,-0.3359577865477296,2.111299278599263
series_1,2023-10-27 08:00:00,1.810367512,1.3410020700219045,-0.27801232412374843,1.311867256790238
series_1,2023-10-27 09:00:00,1.7221129160000002,2.5554532600400868,-1.546164711721702,2.0346292164608406
series_1,2023-10-27 10:00:00,1.731955436,2.9211927038163625,-1.5220702077011772,2.4933249077604076
series_1,2023-10-27 11:00:00,1.722441,3.152878668512914,0.18378016629226507,3.1475178710916567
series_1,2023-10-27 12:00:00,1.666994804,3.3477010036924377,-0.05752311433315522,3.3472067610831524
series_1,2023-10-27 13:00:00,1.647637848,3.5157874168747627,-0.24713279245128045,3.507090894680397
series_1,2023-10-27 14:00:00,1.769028928,3.9751391205781355,-0.9184103950281494,3.8675901249040017
series_1,2023-10-27 15:00:00,1.749343888,4.124486981784688,0.5438282507450369,4.088476940940594
series_1,2023-10-27 16:00:00,1.903543368,4.3941206240248825,1.519586366292441,4.123002950988388
series_1,2023-10-27 17:00:00,1.705052548,4.298777891011306,0.9440260850244233,4.193841449916898
series_1,2023-10-27 18:00:00,1.73720478,4.417876972408922,1.427952180270065,4.180740306955574
series_1,2023-10-27 19:00:00,1.920275652,5.48708762438654,2.2024735137946645,5.0256582672052925
series_1,2023-10-27 20:00:00,1.903215284,5.510031737495654,3.561124932681854,4.2046211436990415
series_1,2023-10-27 21:00:00,2.124671984,5.310107153158515,3.6479206857291038,3.858744957710334
series_1,2023-10-27 22:00:00,2.07841214,5.029097110978948,2.2958190850507245,4.474486839892777
series_1,2023-10-27 23:00:00,2.12926516,5.595389128339307,2.3966515903539793,5.056129018527064
series_1,2023-10-28 00:00:00,2.359252044,5.033998068311231,2.530662425488372,4.3516530468297345
series_1,2023-10-28 01:00:00,2.307086688,4.418446275244672,2.7759937389532263,3.437517454285287
series_1,2023-10-28 02:00:00,2.580052576,5.047361031202633,3.3683938967672855,3.7589594219043927
series_1,2023-10-28 03:00:00,3.3051182160000003,6.118946239200617,5.074495543074078,3.4192101517088265
series_1,2023-10-28 04:00:00,3.101706136,6.100234518553371,4.77901956527157,3.791283842724206
series_1,2023-10-28 05:00:00,3.1870079760000003,5.772707179958318,4.703486582638914,3.346843610400407
series_1,2023-10-28 06:00:00,3.3914043080000003,5.492064855128619,4.486792594624699,3.167249372209252
series_1,2023-10-28 07:00:00,3.1742127,6.006723498818442,5.772439670259524,1.6612246821161132
series_1,2023-10-28 08:00:00,3.70406836,4.978072226248016,3.847220788473574,3.159128882220327
series_1,2023-10-28 09:00:00,3.4032153320000003,4.748411253700338,3.514485744597605,3.1930861850705248
series_1,2023-10-28 10:00:00,3.786745528,3.5357622841879035,1.6108061446390816,3.147525773473291
series_1,2023-10-28 11:00:00,3.847441068,3.537963267327455,0.6855014948778245,3.4709180027016813
series_1,2023-10-28 12:00:00,3.693241588,3.8101804225170035,1.4013934059068969,3.543101942368088
series_1,2023-10-28 13:00:00,3.872047368,5.035394448830216,4.004663199519064,3.0525186180804673
series_1,2023-10-28 14:00:00,4.828084144,5.081433887390446,3.941948996182,3.2065571043441135
series_1,2023-10-28 15:00:00,5.442257392,5.034372755409294,4.402976074256631,2.441047056066522
series_1,2023-10-28 16:00:00,3.004919671326661,6.289249781397331,5.740692154917082,2.5688745386413565
series_1,2023-10-28 17:00:00,4.89337286,7.851578690067709,7.185915678090464,3.1638431999230026
series_1,2023-10-28 18:00:00,5.557414876,7.2618859542151295,7.008087415971612,1.9030760316202067
series_1,2023-10-28 19:00:00,4.787073644,6.118806943164115,5.9545995737770365,1.4080278135348452
series_1,2023-10-28 20:00:00,4.664370228,7.877489999955639,7.645584282342007,1.897337524270776
series_1,2023-10-28 21:00:00,4.9622705,8.144340107824185,7.629758569670894,2.849045447241446
series_1,2023-10-28 22:00:00,4.58333348,7.651059622476584,7.16923703224635,2.672218876169964
series_1,2023-10-28 23:00:00,3.91732296,8.15757846583218,7.958628984112899,1.7906175246118357
series_1,2023-10-29 00:00:00,4.567913532,7.914978238495419,7.582157612501823,2.2710716534351554
series_1,2023-10-29 01:00:00,4.765092016,6.685928474684639,5.841616601028948,-3.2522538423656093
series_1,2023-10-29 02:00:00,4.610892536,7.702543464409595,3.98144820000851,-6.5937277811392825
series_1,2023-10-29 03:00:00,5.095800688,8.055255566587926,1.844069101477917,-7.841336071870673
series_1,2023-10-29 04:00:00,5.340551351999999,10.66264302669801,2.185334166741839,-10.436295841651024
series_1,2023-10-29 05:00:00,5.80216554,10.952017272312073,0.7404435916626869,-10.926958662893698
series_1,2023-10-29 06:00:00,6.662729872000001,9.732855118642984,1.9154391360747178,-9.542513383615885
series_1,2023-10-29 07:00:00,7.229002855999999,8.855787729452288,0.6338051814241388,-8.833078019643981
series_1,2023-10-29 08:00:00,6.4927823600000005,10.356111233642336,0.25204452206383954,-10.3530436801199
series_1,2023-10-29 09:00:00,6.860564524,10.87802384501144,1.0065341934068681,-10.831356872070103
series_1,2023-10-29 10:00:00,6.92913408,9.88431487340099,0.18381411265660244,-9.882605571838042
series_1,2023-10-29 11:00:00,5.834645856,6.852463366534904,0.028194554119117005,-6.852405362850398
series_1,2023-10-29 12:00:00,5.140420112,6.7250726407028,-1.364449700002012,-6.585201518472594
series_1,2023-10-29 13:00:00,5.0049214200000005,5.030696091154358,-1.240982731895451,-4.875229740298711
series_1,2023-10-29 14:00:00,4.404855784,5.438517460917478,1.393244798095243,-5.25702778243418
series_1,2023-10-29 15:00:00,4.354330848,5.3525013055400175,2.1866517064618316,-4.885470759347061
series_1,2023-10-29 16:00:00,4.0912074800000005,4.89008971341875,4.245447490252003,-2.426757716130073
series_1,2023-10-29 17:00:00,4.215551316,7.035481854290892,4.515193430753393,-5.395464132485529
series_1,2023-10-29 18:00:00,3.713254712,6.181893577083365,3.754739209419497,-4.910981741732747
series_1,2023-10-29 19:00:00,3.75820222,5.530639423029088,3.423436278952084,-4.343737615408904
series_1,2023-10-29 20:00:00,3.4970473560000004,5.453334777433012,2.4353330617483095,-4.879345557871051
series_1,2023-10-29 21:00:00,3.266404304,5.237022489946448,2.5777647928554135,-4.558676697564764
series_1,2023-10-29 22:00:00,2.844160196,5.2644740015697495,1.2706420836092858,-5.108831100023259
series_1,2023-10-29 23:00:00,2.66076124,5.027519869406827,0.9250715607276161,-4.941679739199356
series_1,2023-10-30 00:00:00,2.483923964,5.5554857664017,-0.09487704823124227,-5.554675548257595
series_1,2023-10-30 01:00:00,2.567585384,5.424578578895477,0.526318153113279,-5.398985271355636
series_1,2023-10-30 02:00:00,2.434711364,4.539282981198105,-1.284924564846167,-4.35362594236685
series_1,2023-10-30 03:00:00,2.380577504,4.712611889527479,-2.484652767040408,-4.0043990121557815
series_1,2023-10-30 04:00:00,2.70505258,4.366046862314845,-2.670148181159511,-3.454370260203712
series_1,2023-10-30 05:00:00,2.80183736,4.408236237435875,-2.7063063322077654,-3.4797202130767566
series_1,2023-10-30 06:00:00,2.79527568,4.860548423497073,-4.179041858401257,-2.4820435376701266
series_1,2023-10-30 07:00:00,2.460958084,4.835203603595094,-4.6190802193741956,-1.4294375870268075
series_1,2023-10-30 08:00:00,2.33923892,5.977571061378093,-5.587247671585679,-2.124622142919824
series_1,2023-10-30 09:00:00,2.208333404,6.999756312420564,-6.990463792843828,0.36056122116918665
series_1,2023-10-30 10:00:00,2.5718504760000003,7.0844595254279055,-6.977197589689688,1.2281207440046733
series_1,2023-10-30 11:00:00,2.517716616,7.456816500757728,-7.353678523076099,1.235930623142756
series_1,2023-10-30 12:00:00,2.47047252,8.216895693062378,-8.198144384875574,0.5548003923936584
series_1,2023-10-30 13:00:00,2.748031584,8.178203087929063,-7.912403699150202,2.0680603107952744
series_1,2023-10-30 14:00:00,2.889763872,8.978847615546746,-8.944080033352506,0.7893901824791765
series_1,2023-10-30 15:00:00,3.73031508,8.027777692944403,-8.01371024331958,-0.4750398124900923
series_1,2023-10-30 16:00:00,4.085958136,8.945486692244318,-7.726797141754705,-4.5075867258757745
series_1,2023-10-30 17:00:00,4.478018516,11.488061524829057,-8.609988501926923,-7.605501666224516
series_1,2023-10-30 18:00:00,4.546259988,12.043092958000132,-8.737368071663022,-8.28821375058076
series_1,2023-10-30 19:00:00,5.038385988,11.81019169857804,-9.014279546382598,-7.630425428298871
series_1,2023-10-30 20:00:00,5.720800708,11.112259089283718,-8.345992472575084,-7.336668979522564
series_1,2023-10-30 21:00:00,5.412729832,9.686733428447228,-7.50478117635637,-6.124627662870951
series_1,2023-10-30 22:00:00,5.860892576,9.430778435233375,-6.853138250730062,-6.478740464846803
series_1,2023-10-30 23:00:00,5.343832192,7.565538907044894,-5.362462993799878,-5.336793943383697
series_1,2023-10-31 00:00:00,5.495078916,6.475192007226086,-1.5639228299186199,-6.283490822186655
series_1,2023-10-31 01:00:00,5.16404216,6.945720929927123,0.708970945109415,-6.909442773148814
series_1,2023-10-31 02:00:00,4.301837408,10.734944305253832,2.151758591413225,-10.517079642238194
series_1,2023-10-31 03:00:00,4.420603816,9.136561604197828,3.021184524795923,-8.622598333126483
series_1,2023-10-31 04:00:00,4.270013260000001,10.550506217213114,5.134516508064066,-9.216828178276415
series_1,2023-10-31 05:00:00,4.805774432000001,13.169476263251271,4.18487985627773,-12.48686852805216
series_1,2023-10-31 06:00:00,5.205380744,12.818651563853633,4.681121339817316,-11.933353716260745
series_1,2023-10-31 07:00:00,5.818897824,13.18601598561449,4.9916249749074,-12.20469981944503
series_1,2023-10-31 08:00:00,6.270997576,12.123442833394819,4.576946579505556,-11.226282828387346
series_1,2023-10-31 09:00:00,6.045931952,10.542768531145287,4.0661467214669305,-9.72709715900952
series_1,2023-10-31 10:00:00,5.429134032,10.095782053206111,4.860584215714038,-8.848702523409303
series_1,2023-10-31 11:00:00,4.716535584,8.955256848103945,6.778513453267471,-5.852211597283927
series_1,2023-10-31 12:00:00,5.15748048,9.166460279548609,5.56482327242507,-7.284005491707068
series_1,2023-10-31 13:00:00,5.51673246,9.30137923533958,5.632424212426732,-7.402124909164626
series_1,2023-10-31 14:00:00,5.591535612,8.93780152543943,3.4190716629267377,-8.257980689727894
series_1,2023-10-31 15:00:00,5.486548731999999,8.483470191573968,5.014921659582179,-6.842501533765087
series_1,2023-10-31 16:00:00,4.94094504,6.834288505250482,2.2058865258457905,-6.468505546731088
series_1,2023-10-31 17:00:00,4.618766551999999,6.790265404182851,2.7947932026886337,-6.188443682659471
series_1,2023-10-31 18:00:00,4.069225852,6.23619827877399,2.1149532013354895,-5.866612474703304
series_1,2023-10-31 19:00:00,3.761811144,5.6021485178221235,0.7876871503847698,-5.546495918041889
series_1,2023-10-31 20:00:00,3.58103686,4.4982523741026315,-0.12069860992881115,-4.496632769826908
series_1,2023-10-31 21:00:00,3.1305775280000003,5.453299241270875,0.14087196142368524,-5.451479405200954
series_1,2023-10-31 22:00:00,2.81496072,4.734199967904241,0.07944510384255041,-4.733533332678662
series_1,2023-10-31 23:00:00,2.659448904,4.104529547854474,-1.1501988779286045,-3.9400768203706678
series_1,2023-11-01 00:00:00,2.48195546,4.850325725856045,-1.5158543924206809,-4.607368566533386
series_1,2023-11-01 01:00:00,2.353346532,4.890911021317189,-2.0281330405114715,-4.4505827695289115
series_1,2023-11-01 02:00:00,2.005249408,5.01357126674713,-2.979252032128853,-4.032363348683812
series_1,2023-11-01 03:00:00,1.9520998,5.3875874043058865,-3.877144934165364,-3.7408348264139235
series_1,2023-11-01 04:00:00,2.021653608,6.0524481347925025,-3.6835873148597194,-4.802427814986688
series_1,2023-11-01 05:00:00,2.05544626,5.866091544559046,-1.9731102037828787,-5.524297795455547
series_1,2023-11-01 06:00:00,2.2637796,8.607927059538813,-4.1458044017895705,-7.543786458035696
series_1,2023-11-01 07:00:00,2.89698172,8.626522874831283,-5.721646708305591,-6.455978303504681
series_1,2023-11-01 08:00:00,2.680118196,7.187403622731663,-1.1639621877043336,-7.092528664845196
series_1,2023-11-01 09:00:00,2.5715223920000003,6.68072757966041,-3.5283341916179976,-5.673004391492626
series_1,2023-11-01 10:00:00,2.43930454,7.684705746110156,-4.374570793623122,-6.318056091542557
series_1,2023-11-01 11:00:00,2.522637876,8.243934294307957,-4.350830493101533,-7.00233722903751
series_1,2023-11-01 12:00:00,2.83464576,7.935775976982472,-4.828554370198277,-6.29774587061841
series_1,2023-11-01 13:00:00,2.971784872,9.776051446889772,-4.391458661620769,-8.734201320985882
series_1,2023-11-01 14:00:00,3.09055128,11.378581050687266,-5.577194255723011,-9.918014466665673
series_1,2023-11-01 15:00:00,3.665354448,12.119664708011042,-6.319230168424979,-10.341837492103423
series_1,2023-11-01 16:00:00,4.668963404,12.171130639483195,-5.597221035076241,-10.807753593039891
series_1,2023-11-01 17:00:00,4.959973912,10.972544240557228,-2.933261157370625,-10.57320699190394
series_1,2023-11-01 18:00:00,5.362204896000001,11.236591521182623,-4.169539376876037,-10.434362960842094
series_1,2023-11-01 19:00:00,5.202756072000001,11.798583403230767,-3.9644147705725388,-11.112604818396935
series_1,2023-11-01 20:00:00,5.295931928,11.083070646598326,-2.519057126176313,-10.792998015035014
series_1,2023-11-01 21:00:00,4.7857613080000005,10.529931048179924,-0.39948616646241575,-10.522350435251086
series_1,2023-11-01 22:00:00,4.887795432,10.07798134296075,0.46760532144213185,-10.067127356521521
series_1,2023-11-01 23:00:00,4.600393848,10.173160000859534,-0.41436030214432007,-10.164717897860974
series_1,2023-11-02 00:00:00,5.43307104,10.239346772418843,-1.0614172373958441,-10.184184590530709
series_1,2023-11-02 01:00:00,5.591535612,9.858777888037107,0.7963789626861275,-9.82656002848608
series_1,2023-11-02 02:00:00,5.664042176,9.434574158751058,0.6733845535062494,-9.410512355874808
series_1,2023-11-02 03:00:00,5.14107628,8.485006829895651,-0.13962359558973336,-8.483857975881635
series_1,2023-11-02 04:00:00,5.732939816,8.429730592892115,-0.8554515493072398,-8.386212525063332
series_1,2023-11-02 05:00:00,4.889107768,7.868334250545596,1.2433259243228496,-7.769480325235122
series_1,2023-11-02 06:00:00,4.408464708,7.880715105427018,1.8039469580692795,-7.671469607928989
series_1,2023-11-02 07:00:00,4.275590687999999,8.322429618655105,1.5463243799587563,-8.177512804600976
series_1,2023-11-02 08:00:00,4.263123496,8.243493588579746,3.0291626890504313,-7.6667698510011455
series_1,2023-11-02 09:00:00,4.311351844,8.055423118911367,1.5337235113432404,-7.908067641051427
series_1,2023-11-02 10:00:00,4.236220608,7.963389916442339,2.146017273137299,-7.668780139284988
series_1,2023-11-02 11:00:00,4.235892524,6.873003697035861,0.6372023314096984,-6.8434021515847405
series_1,2023-11-02 12:00:00,3.766732404,5.6528784454463405,1.7529242276263923,-5.37422472280349
series_1,2023-11-02 13:00:00,3.670603792,5.592671720039809,1.3516461507044721,-5.4268802871833115
series_1,2023-11-02 14:00:00,3.240157584,4.052433534362334,1.8983160518827438,-3.5803091650845884
series_1,2023-11-02 15:00:00,3.297572284,3.5388323626856466,1.9369354827455283,-2.9616913118812063
series_1,2023-11-02 16:00:00,3.145013224,3.3953252870026995,2.1161810927196374,-2.655185753836421
series_1,2023-11-02 17:00:00,3.172900364,3.4915975355462,3.349024117549687,-0.9875681294487177
series_1,2023-11-02 18:00:00,3.388123468,4.4859099136193405,4.162258165680234,1.6730196398537847
series_1,2023-11-02 19:00:00,2.441929212,5.91181151346315,5.797747139025992,1.15570042945021
series_1,2023-11-02 20:00:00,2.219160176,6.799780794245946,6.665827033694268,1.3430446033794612
series_1,2023-11-02 21:00:00,2.3169292080000004,7.190044622551875,7.145788907394285,0.7965190300601357
series_1,2023-11-02 22:00:00,2.438320288,7.747604486605164,7.155890307596602,2.9696143161207793
series_1,2023-11-02 23:00:00,2.550525016,6.938530293248504,6.510695054571097,2.39876062513762
series_1,2023-11-03 00:00:00,2.461614252,7.061697344734869,5.948597346131744,3.805490638830934
series_1,2023-11-03 01:00:00,2.319881964,6.680231300700099,4.967358039775085,4.466636803629231
series_1,2023-11-03 02:00:00,2.52788722,6.629564457190122,6.378151450948632,1.808399557841248
series_1,2023-11-03 03:00:00,2.922900356,6.623926485952157,5.823882885883171,3.155755095506557
series_1,2023-11-03 04:00:00,3.058727132,6.390401404988444,5.274221098280572,3.608299034632573
series_1,2023-11-03 05:00:00,3.196850496,6.213375513188038,5.357069026717921,3.147673221740817
series_1,2023-11-03 06:00:00,2.663713996,4.485056343115654,3.788072806372295,2.4012985683885066
series_1,2023-11-03 07:00:00,2.5918636,3.510355217660356,2.4302884858210136,2.5330399976788938
series_1,2023-11-03 08:00:00,2.329724484,3.3608857541173247,2.6932967848676075,2.0103993336774133
series_1,2023-11-03 09:00:00,2.47375336,3.8942720799441677,2.97477519455326,2.513178778858219
series_1,2023-11-03 10:00:00,2.1161418,4.632829806884004,2.423193701434994,3.9485749714142004
series_1,2023-11-03 11:00:00,2.138451512,5.983797040340264,4.185525809144724,4.27635367117458
series_1,2023-11-03 12:00:00,2.1407481,6.5147946671547805,4.7480348869625235,4.460797492307305
series_1,2023-11-03 13:00:00,2.507546012,6.979624327756744,5.320173956755779,4.517842939553271
series_1,2023-11-03 14:00:00,2.633530268,6.442559283577033,4.424599826465776,4.682892962479886
series_1,2023-11-03 15:00:00,2.630577512,8.240033380106617,5.387988894321063,6.2343985900762044
series_1,2023-11-03 16:00:00,2.84776912,9.16572928976,5.409761059834833,7.398991734598646
series_1,2023-11-03 17:00:00,3.3379266160000003,9.636289043014143,5.895820930867674,7.622162558726824
series_1,2023-11-03 18:00:00,3.74671928,10.811529366400464,5.113914313967097,9.52559959424823
series_1,2023-11-03 19:00:00,3.970472568,10.58641646894534,5.379994099712133,9.117449047898198
series_1,2023-11-03 20:00:00,4.71292666,12.13350443609639,6.188614720062495,10.43661716014325
series_1,2023-11-03 21:00:00,5.352362375999999,12.35760136108789,5.212932442177616,11.204269130686454
series_1,2023-11-03 22:00:00,5.578084168,10.936946430618583,4.878954156442338,9.788391265450855
series_1,2023-11-03 23:00:00,6.76509208,11.64403761905141,4.881744160007846,10.571290651103759
series_1,2023-11-04 00:00:00,7.886483192,10.856459505579826,5.692037497150938,9.244642888036413
series_1,2023-11-04 01:00:00,8.211942520000001,9.579685160348482,4.9320243240157655,8.212521162147333
series_1,2023-11-04 02:00:00,7.903215476,10.063301848221105,6.835050287883187,7.385941487076531
series_1,2023-11-04 03:00:00,8.806102644,11.329716665448338,7.829266440292298,8.189326390262543
series_1,2023-11-04 04:00:00,9.331693212,10.60659242936788,7.930922936149492,7.042745511771811
series_1,2023-11-04 05:00:00,8.931430732,11.104061069209246,8.688083479643295,6.915011039722037
series_1,2023-11-04 06:00:00,8.639764056,11.208612923438928,8.701472669410617,7.065223071565557
series_1,2023-11-04 07:00:00,9.139435988,9.45734066318136,7.566648520000716,5.673369597887539
series_1,2023-11-04 08:00:00,8.730643323999999,9.337144755972252,7.420567834585758,5.667225529859507
series_1,2023-11-04 09:00:00,8.649606576,9.558991002962799,7.301492981419013,6.169482088231769
series_1,2023-11-04 10:00:00,7.723753528,10.5127994429978,9.213372460066845,5.062876656682113
series_1,2023-11-04 11:00:00,8.43832048,10.005817298539084,8.173072952863546,5.772110386930792
series_1,2023-11-04 12:00:00,7.705380824,8.596217533259649,7.4367461527986105,4.311584689873975
series_1,2023-11-04 13:00:00,7.299212832,8.681268296025602,7.650718465887105,4.102551179853009
series_1,2023-11-04 14:00:00,7.494422812,7.264968615202256,5.602639769760805,4.624953685191709
series_1,2023-11-04 15:00:00,6.857283684,6.835260393114515,5.176968080479831,4.463158762062242
series_1,2023-11-04 16:00:00,6.273294163999999,7.324119034535672,6.351804326081944,3.6465465080284445
series_1,2023-11-04 17:00:00,5.876312523999999,6.60147618251339,5.703553865419115,3.3239977576036703
series_1,2023-11-04 18:00:00,5.230315128,6.481458204053925,5.641259444533741,3.191471812558712
series_1,2023-11-04 19:00:00,4.484252112,6.17921071602408,5.660439850635105,2.4783191421543878
series_1,2023-11-04 20:00:00,4.2404857,5.308603977851156,5.098809364768001,1.4776397583346392
series_1,2023-11-04 21:00:00,3.931102488,5.016924424919187,4.540217024279305,2.134469502662217
series_1,2023-11-04 22:00:00,3.619422688,4.8285084686685655,4.334517187456981,2.127546658394144
series_1,2023-11-04 23:00:00,3.212926612,4.65831484567903,4.082499810187077,2.2434554823521973
series_1,2023-11-05 00:00:00,3.00032818,4.4044244872361125,4.089467356588997,1.635607472212722
series_1,2023-11-05 01:00:00,3.150262568,3.8758429034802386,3.4410322661809754,1.7836634087067955
series_1,2023-11-05 02:00:00,2.873031588,3.831630345175738,3.0763353002760976,2.28419618735929
series_1,2023-11-05 03:00:00,2.80839904,4.252393892590094,3.550164409925485,2.3407662164846714
series_1,2023-11-05 04:00:00,2.788714,4.8947936191325505,4.72412349802449,1.281273487321731
series_1,2023-11-05 05:00:00,2.87237542,4.527370028073864,4.043928805787803,2.035612729578288
series_1,2023-11-05 06:00:00,2.820538148,3.6221074778789677,3.538485564003131,0.7738103738308125
series_1,2023-11-05 07:00:00,2.987532904,4.445638114699856,4.259323954970093,1.273521767968655
series_1,2023-11-05 08:00:00,2.948818992,4.522382664055367,4.366060212457042,1.1787549284512375
series_1,2023-11-05 09:00:00,2.925525028,4.045834488358934,3.8928762128845626,1.1019489545129322
series_1,2023-11-05 10:00:00,3.063648392,4.111976042641483,4.0739720561372375,-0.5577621904274574
series_1,2023-11-05 11:00:00,2.776902976,4.3831858923884175,4.273988132955077,-0.9722880265600405
series_1,2023-11-05 12:00:00,2.724409536,4.129005385938531,4.081636883539234,-0.6236391809704759
series_1,2023-11-05 13:00:00,2.678477776,3.9540396726516684,3.732058412486205,-1.306204325017437
series_1,2023-11-05 14:00:00,2.42454076,3.500182957003114,3.079505630959985,-1.6637084484310378
series_1,2023-11-05 15:00:00,2.638779612,3.352503499970588,3.331007465016418,0.3790369181490641
series_1,2023-11-05 16:00:00,2.519357036,3.5851577391101292,3.5696088947174798,0.3335391327192464
series_1,2023-11-05 17:00:00,2.663057828,3.7583790880846446,3.755916320335702,-0.13603662884637135
series_1,2023-11-05 18:00:00,2.82480324,3.6966223593375083,3.4878183160009555,-1.2248021318246738
series_1,2023-11-05 19:00:00,2.746719248,3.932238769065754,1.7960052516757925,-3.4981233358612056
series_1,2023-11-05 20:00:00,2.885170696,4.4850508057040726,0.5839705551504333,-4.446870711012863
series_1,2023-11-05 21:00:00,2.729002712,5.631563019554771,-0.39719763348476067,-5.6175382582739
series_1,2023-11-05 22:00:00,2.533792732,5.608096168016296,-0.22162480159046127,-5.603715292289487
series_1,2023-11-05 23:00:00,2.050525,5.66092363313008,-0.06782914563280851,-5.6605172543799736
series_1,2023-11-06 00:00:00,2.063976444,5.090501690706632,-0.638336862142587,-5.050320139705703
series_1,2023-11-06 01:00:00,1.9110893,5.065190154359206,1.4314609362122792,-4.858710825714543
series_1,2023-11-06 02:00:00,2.045931824,10.211897219360017,-0.21403987920706435,-10.209653850590719
series_1,2023-11-06 03:00:00,2.602690372,10.437375675872975,-3.311282465985329,-9.898192735533238
series_1,2023-11-06 04:00:00,3.770997496,10.075487680388314,-3.8239691124662425,-9.321626050457121
series_1,2023-11-06 05:00:00,4.471456836,8.791421258981801,-2.892881123770331,-8.301826699986604
series_1,2023-11-06 06:00:00,5.35269046,7.100121648707314,-1.2220258348678723,-6.994167590597022
series_1,2023-11-06 07:00:00,4.846456848,6.3851067908345644,-2.53489912715522,-5.860364762155115
series_1,2023-11-06 08:00:00,4.404855784,6.07050973052302,-2.696601050807883,-5.438697561103806
series_1,2023-11-06 09:00:00,4.41765106,5.504775546323601,-3.050367464784372,-4.582336974207294
series_1,2023-11-06 10:00:00,4.637795424,5.596404974792861,-3.3195200869019867,-4.505611505061273
series_1,2023-11-06 11:00:00,4.32086628,4.402006730434405,-2.6587325449853116,-3.5083905867257315
series_1,2023-11-06 12:00:00,4.5767718,4.8976210573094665,-1.9248870774129274,-4.503498835373427
series_1,2023-11-06 13:00:00,4.9192914960000005,5.147489444310312,-2.1197782397619496,-4.690755567445166
series_1,2023-11-06 14:00:00,4.388779668,3.493730542553735,-1.7303901049333108,-3.0351117259042875
series_1,2023-11-06 15:00:00,4.292322972,3.993189864412838,-2.8261690865673517,-2.8210518583288184
series_1,2023-11-06 16:00:00,4.107283596,3.3908463284825667,-3.2937576117100416,-0.8056051257817738
series_1,2023-11-06 17:00:00,3.892060492,3.4874694016423993,-3.44832426825907,-0.5210590833365675
series_1,2023-11-06 18:00:00,3.421259952,2.770325550334584,-2.765798960901132,-0.15830275649789538
series_1,2023-11-06 19:00:00,3.345144464,2.0601812047592567,-2.0597978939165746,0.039739560391961026
series_1,2023-11-06 20:00:00,3.223097216,1.9721602563329639,-1.559609184963872,-1.2070771586090214
series_1,2023-11-06 21:00:00,3.397637904,3.06396228343609,-2.8517573246185113,1.1204218115529394
series_1,2023-11-06 22:00:00,3.610892504,4.02986559758779,-3.842362654015413,1.2149345536485625
series_1,2023-11-06 23:00:00,3.444882,5.210121273540478,-3.931645928102915,3.4187020901258456
series_1,2023-11-07 00:00:00,3.57939644,6.21725550291736,-4.785957859592819,3.968485020099978
series_1,2023-11-07 01:00:00,3.409120844,7.659424512079849,-5.4992974172880125,5.3314643178454295
series_1,2023-11-07 02:00:00,3.14468514,7.959530499614951,-4.702692333315118,6.421745136057632
series_1,2023-11-07 03:00:00,3.3435040439999995,7.846162332577767,-4.724073653561489,6.264614231130947
series_1,2023-11-07 04:00:00,3.2903544359999994,8.597002293988373,-3.472673752437162,7.864412594210411
series_1,2023-11-07 05:00:00,3.4704725520000004,9.019354203722447,-4.154159166251159,8.005729940090237
series_1,2023-11-07 06:00:00,4.007217976,9.61526312905035,-4.304278670415848,8.59805037018732
series_1,2023-11-07 07:00:00,3.875328208,10.583273072781006,-3.462477110661833,10.00084602377191
series_1,2023-11-07 08:00:00,4.409448960000001,11.279350819947314,-4.222946369094852,10.458990337656632
series_1,2023-11-07 09:00:00,4.294291476,12.29183166906485,-1.8051299937691048,12.158562064908034
series_1,2023-11-07 10:00:00,5.3156169680000005,11.714850482926405,-0.5416928901229442,11.702319883258673
series_1,2023-11-07 11:00:00,5.5938322000000005,12.423629691532954,-1.2679335918542987,12.358758801715755
series_1,2023-11-07 12:00:00,6.8064306640000005,13.609869667175822,-2.341274362184765,13.406975300883076
series_1,2023-11-07 13:00:00,7.594488431999999,13.945442896808965,-1.6504040256678412,13.847438179685765
series_1,2023-11-07 14:00:00,8.159120996,13.389321328279312,-0.8491492044748852,13.362367726584049
series_1,2023-11-07 15:00:00,8.672244372,13.495845017741452,-1.4081358283656735,13.422182618030858
series_1,2023-11-07 16:00:00,8.638123636,12.21075547673573,-0.7154833771394223,12.18977575058987
series_1,2023-11-07 17:00:00,9.152887432,12.407572246622905,-0.7973160817301934,12.381927803091948
series_1,2023-11-07 18:00:00,8.784121016,12.380065241552119,-1.0415638624623038,12.33617283056214
series_1,2023-11-07 19:00:00,8.307743048,11.446633046918008,1.26550786455048,11.376462453485104
series_1,2023-11-07 20:00:00,8.199803412,11.480362131026277,1.1671982761851123,11.420873996484364
series_1,2023-11-07 21:00:00,6.974081588000001,10.526332007830316,5.36598767362527,9.055928545741441
series_1,2023-11-07 22:00:00,7.24737556,9.614547383146963,4.200307234838062,8.648522446970068
series_1,2023-11-07 23:00:00,6.805446412,10.16063513747565,9.066737322455188,4.586150970313008
series_1,2023-11-08 00:00:00,6.34186372,7.216050625876617,7.190100034851702,-0.611431209572975
series_1,2023-11-08 01:00:00,6.595472652,8.993067867231906,8.079083410264678,-3.9501494800355426
series_1,2023-11-08 02:00:00,6.250656368,10.668629901998957,9.360235923422646,-5.119145186815322
series_1,2023-11-08 03:00:00,5.837270528,10.488522340348524,8.755219256396513,-5.775399263809711
series_1,2023-11-08 04:00:00,6.006889956,12.00147544099696,9.559243417410148,-7.256464569441098
series_1,2023-11-08 05:00:00,5.924212788,12.323603354663579,7.614137440352245,-9.690000551212655
series_1,2023-11-08 06:00:00,5.7857613400000005,12.53704035995131,10.17238494265461,-7.328026034717798
series_1,2023-11-08 07:00:00,6.8487535,12.458455689191481,9.504063103030642,-8.055178625776039
series_1,2023-11-08 08:00:00,8.332021264,11.89868694790507,9.650794739312836,-6.9599505733803975
series_1,2023-11-08 09:00:00,8.28084016,11.354716316459946,8.807855430847065,-7.165979719241438
series_1,2023-11-08 10:00:00,7.480643284,11.670540172437423,9.32640547640249,-7.015673082905543
series_1,2023-11-08 11:00:00,8.316601316,12.742782121804584,6.730507782915216,-10.82029395108563
series_1,2023-11-08 12:00:00,9.175197144,12.77591215949161,10.263643326116767,-7.607992979840628
series_1,2023-11-08 13:00:00,8.898622332,14.105460356124613,5.746062464806706,-12.882033147323545
series_1,2023-11-08 14:00:00,9.80314992,14.777054626847567,7.297542279580603,-12.849405438485105
series_1,2023-11-08 15:00:00,9.339239144,14.265898925847912,8.181026739232703,-11.687030146896523
series_1,2023-11-08 16:00:00,9.507218152,14.383851255315953,9.28445804261127,-10.9860828228284
series_1,2023-11-08 17:00:00,9.006561968,13.44423394645151,8.173245146140685,-10.674525290991017
series_1,2023-11-08 18:00:00,8.885827056,13.164130000677945,8.493422810902256,-10.057638272974144
series_1,2023-11-08 19:00:00,9.072834936,12.856568200619341,8.396286315933098,-9.736206756126897
series_1,2023-11-08 20:00:00,8.169291600000001,11.14066853375449,6.503022967126871,-9.045727591963391
series_1,2023-11-08 21:00:00,8.977690576,10.726258210584822,6.206837160016102,-8.748016213358408
series_1,2023-11-08 22:00:00,8.130905772,10.984901708381765,5.174827124366263,-9.68964549277897
series_1,2023-11-08 23:00:00,7.050197075999999,10.816642455335382,7.1273433181652575,-8.136383178757555
series_1,2023-11-09 00:00:00,8.180446455999999,11.802240955363454,6.976069141457004,-9.519839856955041
series_1,2023-11-09 01:00:00,8.246063256,12.347096697861598,6.5890816592915415,-10.441972981842685
series_1,2023-11-09 02:00:00,8.322834912,12.388257083262138,7.372034326621706,-9.956004391727928
series_1,2023-11-09 03:00:00,8.304462208,11.882451180086893,5.698420077176119,-10.426919711553575
series_1,2023-11-09 04:00:00,7.431430683999999,12.10655526670435,6.961803592060836,-9.904643919462007
series_1,2023-11-09 05:00:00,7.10629944,10.752078928617827,6.179641670703231,-8.798819813414505
series_1,2023-11-09 06:00:00,7.735236468,9.9019891139953,4.592242400457642,-8.77272467076908
series_1,2023-11-09 07:00:00,6.486548764,9.862057297624562,5.713262545086641,-8.038582289965065
series_1,2023-11-09 08:00:00,6.026246912,10.244708208365248,4.158240529873292,-9.362856506978272
series_1,2023-11-09 09:00:00,5.89238864,10.226413206618437,4.619515625243072,-9.123573996008094
series_1,2023-11-09 10:00:00,5.276246888,9.226229410377227,2.7444791152408206,-8.808583513761828
series_1,2023-11-09 11:00:00,4.577099884,6.885895474469809,0.481061605162896,-6.8690709864844095
series_1,2023-11-09 12:00:00,4.626968652,7.91794734999668,0.27541182107882234,-7.9131560433324895
series_1,2023-11-09 13:00:00,4.164698296,6.27333447537595,1.2008128665361666,-6.157334967297268
series_1,2023-11-09 14:00:00,4.148294096,5.112384374920691,1.7275567993120826,-4.811654757158271
series_1,2023-11-09 15:00:00,3.442585412,2.6425218456520625,0.8083706872589297,-2.5158415166160424
series_1,2023-11-09 16:00:00,3.265091968,2.8773825491499996,2.6880616535507604,-1.0264769266100935
series_1,2023-11-09 17:00:00,2.881233688,2.51480560973748,2.476946479468837,0.434722201657601
series_1,2023-11-09 18:00:00,3.023223406237584,1.8839285215747013,1.1798935021378418,1.4686858064322463
series_1,2023-11-09 19:00:00,2.4002625440000003,1.0838677395084146,-0.4543866438782024,0.9840234014555671
series_1,2023-11-09 20:00:00,2.15059062,2.301056816839079,-0.8283494193294445,2.1467882321780523
series_1,2023-11-09 21:00:00,2.0659449480000003,2.4187935988970377,-1.9372332494776325,1.4483403644114932
series_1,2023-11-09 22:00:00,1.78149612,3.284577831149682,-3.1973540990417657,0.7519164143844487
series_1,2023-11-09 23:00:00,1.643372756,3.941576265983116,-1.8388322980977896,3.4863618917194765
series_1,2023-11-10 00:00:00,1.538385876,4.547595107574431,-2.7473219685988433,3.623926498052779
series_1,2023-11-10 01:00:00,1.6548556959999998,4.20247567210874,-3.3323811466020556,2.5604760628517838
series_1,2023-11-10 02:00:00,1.473753328,3.7438966189289427,-3.4616626475953978,1.4260622733493753
series_1,2023-11-10 03:00:00,1.4681759,3.370089161795195,-3.3364215326444078,0.4751760883674414
series_1,2023-11-10 04:00:00,1.352690332,3.6045516236571205,-3.255988517110105,1.5463929591330672
series_1,2023-11-10 05:00:00,1.400262512,3.412696483646798,2.9419801980659592,1.729522998888133
series_1,2023-11-10 06:00:00,1.529855692,7.404264304673972,7.350031566128307,0.8945199105590667
series_1,2023-11-10 07:00:00,1.428149652,9.429351066596409,9.340053258384593,1.29462993463854
series_1,2023-11-10 08:00:00,1.84383208,10.66939927390416,10.35226566955147,-2.5819907770967516
series_1,2023-11-10 09:00:00,2.558070948,9.357751988651563,8.940017271117071,-2.7647085693144486
series_1,2023-11-10 10:00:00,2.59514444,9.247971431007576,8.997644861819321,-2.1371388652375116
series_1,2023-11-10 11:00:00,2.669291424,8.785731881657876,8.753786471430052,-0.7485366450534157
series_1,2023-11-10 12:00:00,2.752952844,9.890249634188296,9.841033566746365,-0.985442116378752
series_1,2023-11-10 13:00:00,2.886154948,9.419681226536639,9.148863120721998,-2.2424758656136614
series_1,2023-11-10 14:00:00,3.341863624,8.89826253159326,8.558597048170647,-2.435054957942673
series_1,2023-11-10 15:00:00,3.283464672,8.910566006737813,8.550738749400711,-2.5066019628031535
series_1,2023-11-10 16:00:00,3.458661528,7.747319072927156,6.584152152130665,-4.082878060306727
series_1,2023-11-10 17:00:00,3.824147104,7.43474461095734,7.376245197092699,-0.9308244853494658
series_1,2023-11-10 18:00:00,3.758858388,8.42352086854935,8.13354653369748,-2.191146870263173
series_1,2023-11-10 19:00:00,3.90748044,8.4070002430847,8.216754091979771,-1.7783715245020897
series_1,2023-11-10 20:00:00,4.406824288,8.745717408728236,8.409361854821922,-2.4021253481028273
series_1,2023-11-10 21:00:00,4.700787552,8.714275960341906,7.938737907377346,-3.5937509583946974
series_1,2023-11-10 22:00:00,4.3362862280000005,9.177730189210823,9.089970193455299,-1.2661648028775652
series_1,2023-11-10 23:00:00,4.749343984,9.326438769856864,9.293614763253451,-0.7817830646200434
series_1,2023-11-11 00:00:00,5.048884676,8.987071260135856,8.746818543156937,-2.0641257732623415
series_1,2023-11-11 01:00:00,4.395341348,8.710042910088282,8.399067677040575,-2.306622997386306
series_1,2023-11-11 02:00:00,4.308727171999999,7.580613078306455,7.380847569044474,-1.7288099390971676
series_1,2023-11-11 03:00:00,4.4160106400000005,7.910823278735667,7.160167962645294,-3.3634981335053653
series_1,2023-11-11 04:00:00,4.409448960000001,5.869063581890596,5.866755511846944,-0.1645815678864877
series_1,2023-11-11 05:00:00,3.863517184,6.244386058492984,6.04435182443878,-1.56785467116858
series_1,2023-11-11 06:00:00,3.64829408,6.8536649245960914,6.703834740230628,-1.4252447769824284
series_1,2023-11-11 07:00:00,3.87631246,7.814996956539523,7.41527075371458,-2.467374531729466
series_1,2023-11-11 08:00:00,4.205380712,8.647226278062995,8.493981203087984,-1.620742306972705
series_1,2023-11-11 09:00:00,4.4491471240000005,8.151355251824196,7.9075208895183025,-1.978814246783561
series_1,2023-11-11 10:00:00,4.80971144,10.137795727411298,8.59077477639228,-5.382702941090186
series_1,2023-11-11 11:00:00,5.32808416,8.959852616235356,7.412551540611921,-5.0331936742421695
series_1,2023-11-11 12:00:00,5.841863704,8.475834247361467,3.9854076390089945,-7.480393849235098
series_1,2023-11-11 13:00:00,5.757546115999999,10.11365791017104,3.347291654584652,-9.543674077791698
series_1,2023-11-11 14:00:00,6.427493644,10.176853032983912,3.2610078808590837,-9.640236784225209
series_1,2023-11-11 15:00:00,7.029527783999999,10.644161870016015,3.887152877547682,-9.908997145103818
series_1,2023-11-11 16:00:00,7.715551428,11.241786447782447,5.256910460058429,-9.936933880854465
series_1,2023-11-11 17:00:00,7.000656392,11.344531045330427,6.380830450186429,-9.379946023535505
series_1,2023-11-11 18:00:00,6.373687868,11.02179300940676,4.666543836844259,-9.985153467073934
series_1,2023-11-11 19:00:00,6.615485776,10.36911943427954,4.984532438718129,-9.092473492384805
series_1,2023-11-11 20:00:00,5.960958196,10.020070490099755,4.352712633581391,-9.025281455779034
series_1,2023-11-11 21:00:00,5.958989692,11.27700616636052,3.7760622130505457,-10.626016292068492
series_1,2023-11-11 22:00:00,5.522966056,12.356256132690827,3.148833775315896,-11.948301614542943
series_1,2023-11-11 23:00:00,6.085302032,10.745448303012036,2.6063021378324667,-10.424579051407024
series_1,2023-11-12 00:00:00,5.901246908,10.445864994568739,2.964889483162899,-10.016263067501102
series_1,2023-11-12 01:00:00,5.64796606,9.588606214842873,0.7547640944283471,-9.558854549844616
series_1,2023-11-12 02:00:00,5.343504108,9.71272316965017,0.5484527586008277,-9.697225940537963
series_1,2023-11-12 03:00:00,5.37729676,8.717215099912272,1.0731159157222852,-8.65091101153873
series_1,2023-11-12 04:00:00,4.652887288,9.350536716707987,0.22016808998278237,-9.347944314268112
series_1,2023-11-12 05:00:00,4.388451583999999,9.733509170722783,1.069777914564475,-9.674542676015989
series_1,2023-11-12 06:00:00,4.297244232000001,9.546296791963659,2.5619398088631096,-9.196099545786687
series_1,2023-11-12 07:00:00,3.830708784,9.668928991333724,2.0048457448154893,-9.458793864914755
series_1,2023-11-12 08:00:00,3.734908256,8.699605137557919,3.264526287345923,-8.06386989408011
series_1,2023-11-12 09:00:00,3.432742892,8.72963898114568,2.0053574535199465,-8.496183744761536
series_1,2023-11-12 10:00:00,3.166338684,8.034479840468475,2.31075148141967,-7.695017472235596
series_1,2023-11-12 11:00:00,3.1496064,8.074224896494208,0.874018228424289,-8.026780164894824
series_1,2023-11-12 12:00:00,2.907480408,7.5643033111760385,-0.1883033489241844,-7.561959166264568
series_1,2023-11-12 13:00:00,3.1309056120000003,6.799584416874291,0.7429303887036094,-6.758875844379773
series_1,2023-11-12 14:00:00,3.253609028,7.129663200893572,-0.10559813363335036,-7.128881145898641
series_1,2023-11-12 15:00:00,2.756233684,7.017878015833116,0.8487128883197288,-6.966369088579339
series_1,2023-11-12 16:00:00,2.994422668,6.747688067757963,0.5567425696164154,-6.7246808081083005
series_1,2023-11-12 17:00:00,2.766404288,6.57365721594885,2.4590499966062547,-6.096395845660546
series_1,2023-11-12 18:00:00,2.566601132,5.991647616148683,3.754607809262616,-4.669342711209402
series_1,2023-11-12 19:00:00,2.48031504,6.861218158032988,4.6349304871835475,-5.059025004000086
series_1,2023-11-12 20:00:00,2.252624744,6.663960177469855,3.347767062986731,-5.762015353926546
series_1,2023-11-12 21:00:00,2.098425264,6.387016497616102,1.6934531647089286,-6.158424808322139
series_1,2023-11-12 22:00:00,1.992782216,7.275643383067791,3.662892082782288,-6.286350946890332
series_1,2023-11-12 23:00:00,1.859580112,6.036379316219765,1.535814579565233,-5.837734905464676
series_1,2023-11-13 00:00:00,1.662729712,5.5993813005231114,1.372496371718476,-5.428565617017769
series_1,2023-11-13 01:00:00,1.474409496,5.93524490700812,1.4670102704881547,-5.75108798162992
series_1,2023-11-13 02:00:00,1.81594494,4.916730818770661,2.0403533519474095,-4.473387993841602
series_1,2023-11-13 03:00:00,1.831364888,4.4319044847827564,2.141081775417235,-3.8804054160891086
series_1,2023-11-13 04:00:00,1.7962599,6.164824536690025,-1.3674824655482016,-6.01124390410118
series_1,2023-11-13 05:00:00,1.959317648,6.489463578017614,-0.8420106348654103,-6.434606096816706
series_1,2023-11-13 06:00:00,2.97408146,7.578110401168651,-1.1018134209045065,-7.49758390668722
series_1,2023-11-13 07:00:00,3.049868864,7.995967945368104,-0.696824152944698,-7.965547029754273
series_1,2023-11-13 08:00:00,3.230971232,8.009293245108976,0.713497109442019,-7.9774494771804205
series_1,2023-11-13 09:00:00,3.022965976,7.886525855033846,0.893942378338547,-7.835697613252298
series_1,2023-11-13 10:00:00,2.815944972,6.968348006890395,1.6628254202362545,-6.767044078986737
series_1,2023-11-13 11:00:00,2.676181188,6.133606026826317,1.1956681489963563,-6.015937214582258
series_1,2023-11-13 12:00:00,2.348097188,5.086810986940866,1.0071208269638565,-4.986116089378379
series_1,2023-11-13 13:00:00,2.272965952,4.663346890522712,0.11892294530287348,-4.661830279453375
series_1,2023-11-13 14:00:00,2.069881956,4.109699259965945,-0.44692359676326293,-4.085325850653877
series_1,2023-11-13 15:00:00,2.122375396,3.972026876866921,-0.15768321697439508,-3.968895754947186
series_1,2023-11-13 16:00:00,2.083989568,3.101729239870785,0.2510072624720673,-3.0915561828399105
series_1,2023-11-13 17:00:00,1.8126641,3.2080269197235047,2.7457396114856993,-1.6590210075791805
series_1,2023-11-13 18:00:00,1.86679796,3.222505561853811,2.669130375425374,-1.8056259676800033
series_1,2023-11-13 19:00:00,1.627952808,3.7070408819853444,3.237278809930985,-1.806150051209065
series_1,2023-11-13 20:00:00,1.6578084519999998,5.107893667593729,4.343816048159149,-2.6873481090471234
series_1,2023-11-13 21:00:00,1.5600394199999998,3.9359866740637064,3.340968681159541,-2.0808458304060284
series_1,2023-11-13 22:00:00,1.319553848,3.868441741322739,3.0637888598568703,-2.361787316467138
series_1,2023-11-13 23:00:00,1.249343872,3.0860702819538233,3.037221697171274,-0.5469132905594772
series_1,2023-11-14 00:00:00,1.077427856,2.9815619297153626,2.4369768890221253,-1.717805339117341
series_1,2023-11-14 01:00:00,1.026246752,2.3880640379023212,1.9817395495529135,-1.3325007342812814
series_1,2023-11-14 02:00:00,0.943569584,1.3544633595270532,1.009158192830962,-0.9034216812449535
series_1,2023-11-14 03:00:00,0.8999344119999999,1.9329043482718962,1.7990016938386684,-0.7069031936085775
series_1,2023-11-14 04:00:00,0.924540712,1.5087278183930284,1.4596706438466989,-0.3816035134601756
series_1,2023-11-14 05:00:00,0.964895044,1.8468928743168738,1.5080130701835135,1.0662597569814485
series_1,2023-11-14 06:00:00,0.775590576,2.040147490460666,1.9590633265031492,-0.5694494407613098
series_1,2023-11-14 07:00:00,0.868438348,2.1151472922224475,1.6452594004649135,-1.3292740774489606
series_1,2023-11-14 08:00:00,0.801837296,2.247775088630956,1.8313130192656106,-1.3033746485712294
series_1,2023-11-14 09:00:00,0.730643068,5.5764927055328934,-5.348952117066772,-1.5766997634896962
series_1,2023-11-14 10:00:00,0.698162752,5.0318143048312445,-4.444077072104944,-2.359943680577035
series_1,2023-11-14 11:00:00,0.891404228,4.300443879057055,-3.9185576607963832,-1.7716442690148808
series_1,2023-11-14 12:00:00,0.984580084,3.887914861359636,-3.0071227775964857,-2.464364942463172
series_1,2023-11-14 13:00:00,0.876640448,4.367202416312764,-4.14217494368411,-1.3837787687934735
series_1,2023-11-14 14:00:00,0.980314992,3.761470926445552,-2.287969116018743,-2.9856089587619428
series_1,2023-11-14 15:00:00,1.10400266,3.585997810914476,-0.7088170368702434,-3.51524660701435
series_1,2023-11-14 16:00:00,1.26968508,5.95816276523489,-1.3105912928363612,-5.812233133673579
series_1,2023-11-14 17:00:00,1.520013172,7.534459955542241,0.09577645422057748,-7.53385118597962
series_1,2023-11-14 18:00:00,2.116469884,7.049892704107982,0.8383218654507779,-6.999871683776931
series_1,2023-11-14 19:00:00,2.053477756,6.871383266749563,1.3656783289653998,-6.734302540008146
series_1,2023-11-14 20:00:00,1.929462004,6.437108901098052,2.55991680674249,-5.906199873620355
series_1,2023-11-14 21:00:00,2.108267784,8.383742198456565,3.5278012351533885,-7.605376499255744
series_1,2023-11-14 22:00:00,2.266732356,9.291486851166534,3.5853895921621897,-8.57185565544682
series_1,2023-11-14 23:00:00,2.873031588,10.45037210195262,0.8269209406965612,-10.41760427483724
series_1,2023-11-15 00:00:00,3.40715234,10.264477245862874,2.2276947281197588,-10.019823817270648
series_1,2023-11-15 01:00:00,4.10761168,9.367844024577522,-0.10730894980479366,-9.367229390705909
series_1,2023-11-15 02:00:00,4.086614304,10.146275835906627,0.4903805565818344,-10.134418594474436
series_1,2023-11-15 03:00:00,4.782808552,10.002861019634377,-0.9057898661635221,-9.961765571246714
series_1,2023-11-15 04:00:00,5.59055136,9.561038038251834,0.24223082689954023,-9.55796906227458
series_1,2023-11-15 05:00:00,5.429134032,9.570954462483336,0.8907831744601478,-9.529411034215514
series_1,2023-11-15 06:00:00,4.884514592,8.533510594496034,0.9177431193749481,-8.48401736403315
series_1,2023-11-15 07:00:00,4.431758672,8.872654649664101,-0.3385045050686163,-8.86619508200977
series_1,2023-11-15 08:00:00,4.843832175999999,9.569043038192826,0.886380981445816,-9.527901837367855
series_1,2023-11-15 09:00:00,4.882546088,9.202269531510023,-0.45151208264263576,-9.19118606980543
series_1,2023-11-15 10:00:00,4.50131248,7.932873708039654,-0.5534991984239523,-7.9135405416950295
series_1,2023-11-15 11:00:00,4.080380708,7.008917725602376,0.18248819949236694,-7.0065416391618776
series_1,2023-11-15 12:00:00,3.992126112,5.927845640546204,-1.585708348160076,-5.711819585098787
series_1,2023-11-15 13:00:00,3.978674668,5.119883175549434,-0.8307308660375877,-5.052038198537952
series_1,2023-11-15 14:00:00,3.33333344,4.265048749582457,-1.386131637872494,-4.033519544864484
series_1,2023-11-15 15:00:00,3.3103675599999995,3.5113615242501686,-0.504055819128242,-3.4749946021810487
series_1,2023-11-15 16:00:00,3.02739402687889,2.148948975392541,-0.03872374649355541,-2.148600048938414
series_1,2023-11-15 17:00:00,3.005905608,2.014276323022172,1.659365697288349,1.1418470073308733
series_1,2023-11-15 18:00:00,2.549540764,2.747057216291183,2.29915977205898,1.5033920620128214
series_1,2023-11-15 19:00:00,2.160761224,3.698760751224627,2.186750194136277,2.9831115774044927
series_1,2023-11-15 20:00:00,1.975393764,5.6142658550908795,2.5726843056318196,4.990117889909521
series_1,2023-11-15 21:00:00,1.83234914,7.231165461607691,4.079414118123472,5.97060586423211
series_1,2023-11-15 22:00:00,2.037729724,9.462696873803717,4.983699848438647,8.043964690758362
series_1,2023-11-15 23:00:00,2.742126072,10.294891851752384,5.721242503382045,8.558748883848176
series_1,2023-11-16 00:00:00,3.350065724,10.712785359249155,5.351389854872017,9.280430850694158
series_1,2023-11-16 01:00:00,4.0255906800000005,11.887429588460344,5.4403052826662694,10.56948724640869
series_1,2023-11-16 02:00:00,4.678149756,13.59456328600253,6.7408405604081105,11.8056435435043
series_1,2023-11-16 03:00:00,5.354658964,12.785940318545048,7.874818945445053,10.073107584348314
series_1,2023-11-16 04:00:00,6.081365024,12.225349980874086,8.448346355465173,8.83655057208164
series_1,2023-11-16 05:00:00,7.039370304,11.130840406801129,7.5304074419678315,8.196863541601276
series_1,2023-11-16 06:00:00,6.9225724,11.377184183667076,9.150678274204903,6.760577421424789
series_1,2023-11-16 07:00:00,7.9232286,11.939399544486946,11.156124375375489,4.253251744729901
series_1,2023-11-16 08:00:00,8.613189252,10.125799896353627,9.729384171830633,2.8055137101655148
series_1,2023-11-16 09:00:00,8.6368113,10.32712054298515,10.011294436661933,2.5344432153448837
series_1,2023-11-16 10:00:00,8.160433332,9.917545447569607,9.787426903352742,1.6012439901949884
series_1,2023-11-16 11:00:00,5.009475737929548,9.271404749725452,9.202990708019865,1.1242366571730678
series_1,2023-11-16 12:00:00,7.506890004,7.833960245697089,7.694047886176529,1.4739607377351938
series_1,2023-11-16 13:00:00,6.655183940000001,7.400012368936237,7.3544264865776485,0.8201183536139476
series_1,2023-11-16 14:00:00,6.238189176,6.1853247223087315,6.179434328369804,-0.26987645649151837
series_1,2023-11-16 15:00:00,6.424540888,5.496611868547721,5.357994947820563,-1.2266344902166226
series_1,2023-11-16 16:00:00,5.558071044,6.234598730392889,5.497513986853078,-2.9406736121799386
series_1,2023-11-16 17:00:00,6.019357148,6.234927941899896,5.13256517007421,-3.5399295495285164
series_1,2023-11-16 18:00:00,5.43635188,5.7885046250846175,4.767282731465811,-3.28326075006142
series_1,2023-11-16 19:00:00,4.565945028,4.052509301172558,4.036259616146672,-0.36254647585325805
series_1,2023-11-16 20:00:00,4.759514588,4.449600600581476,4.392256310568226,-0.7120603955905921
series_1,2023-11-16 21:00:00,4.698490963999999,4.320643584794993,4.312753179921691,-0.2609999921560867
series_1,2023-11-16 22:00:00,4.95570882,4.7846584504027785,4.739091974038137,-0.6587592493605097
series_1,2023-11-16 23:00:00,4.280511948,5.49327690852637,5.206573056395725,1.7514817161943514
series_1,2023-11-17 00:00:00,3.71719172,4.352735895255056,4.259548611883336,0.8958545623283845
series_1,2023-11-17 01:00:00,3.72867466,3.815418399572772,3.8062173954262293,-0.2648144681720096
series_1,2023-11-17 02:00:00,3.598097228,3.9099452291753605,2.73796900739072,2.7912716474250647
series_1,2023-11-17 03:00:00,4.067585432,3.682907394426325,2.633031595438659,2.5750633959850098
series_1,2023-11-17 04:00:00,4.021653672,3.758513707369026,2.405672077947352,2.8877616144455778
series_1,2023-11-17 05:00:00,4.223425332000001,3.812060353722308,0.5779484582857057,3.7679941241974655
series_1,2023-11-17 06:00:00,3.955380704,4.422862945682879,0.11967633084482743,4.421243514231053
series_1,2023-11-17 07:00:00,3.840551304,5.1220359025754085,-0.5524398108067933,5.092156914580229
series_1,2023-11-17 08:00:00,3.461942368,5.314836649975787,-0.6495390097216546,5.274996463579446
series_1,2023-11-17 09:00:00,3.336942364,6.010052764140504,-2.0006123830769282,5.667299561557706
series_1,2023-11-17 10:00:00,3.4973754400000003,7.51066714032175,-2.2445421650035966,7.167436875357178
series_1,2023-11-17 11:00:00,3.061679888,7.903221007159487,-2.3558265919822223,7.543936860586549
series_1,2023-11-17 12:00:00,4.073819028,8.223898680458046,-1.7149630421071862,8.043097119309579
series_1,2023-11-17 13:00:00,4.109908268,10.181642897615177,1.209733124232586,10.109520159863774
series_1,2023-11-17 14:00:00,4.83759858,9.625194051672018,1.0306042664510229,9.56985973660614
series_1,2023-11-17 15:00:00,4.41437022,9.62460029614711,0.21128283400003606,9.622280936693334
series_1,2023-11-17 16:00:00,5.765748216,9.59661050998684,1.4448298564945592,9.487222984950433
series_1,2023-11-17 17:00:00,5.440945056,9.909504619615328,0.7610503880572221,9.880237047410121
series_1,2023-11-17 18:00:00,5.38221802,10.201439922682932,0.9614258854980187,10.156034499882496
series_1,2023-11-17 19:00:00,5.53805792,9.614395928167458,1.0798831674330915,9.553557526296562
series_1,2023-11-17 20:00:00,5.196522476,9.894666094487404,0.8361284167342635,9.859275145370884
series_1,2023-11-17 21:00:00,5.081036908,10.10458423298029,1.2014461532969118,10.03290335157884
series_1,2023-11-17 22:00:00,5.720472624,11.351551917836012,2.1274539745079926,11.150411226931345
series_1,2023-11-17 23:00:00,5.76115504,11.659181473058878,1.9791357547530612,11.489975382305108
series_1,2023-11-18 00:00:00,5.553477868,11.104438367950202,1.7633325927549701,10.963540013833697
series_1,2023-11-18 01:00:00,5.636811204,10.6983748717369,1.292546609066274,10.620006975496901
series_1,2023-11-18 02:00:00,6.118110432,11.881150658759939,-0.6621098946348754,11.862687362633238
series_1,2023-11-18 03:00:00,6.246719359999999,11.559633422422616,-0.9318026950398215,11.52201668972522
series_1,2023-11-18 04:00:00,6.199803348,10.762598884278235,-0.5542015930900471,10.74832058221579
series_1,2023-11-18 05:00:00,6.22703432,10.80512152496131,-0.16880683454541567,10.803802822237778
series_1,2023-11-18 06:00:00,6.311351908,10.708599058341473,0.6367753856265883,10.68964970897419
series_1,2023-11-18 07:00:00,6.805118327999999,9.970106412534772,0.7430062347653652,9.942382190016977
series_1,2023-11-18 08:00:00,6.695538271999999,10.197725745425984,0.7738872914112902,10.168318879692752
series_1,2023-11-18 09:00:00,6.8448164920000005,9.781923094975527,0.4644147306962395,9.770892405196566
series_1,2023-11-18 10:00:00,5.929790216,8.8203821376302,-0.14420092208815805,8.819203317074328
series_1,2023-11-18 11:00:00,5.614173408,9.200905405181528,-0.015536513552083409,9.200892287808031
series_1,2023-11-18 12:00:00,5.603018552,8.687522991614985,-0.2326339669233003,8.684407703883583
series_1,2023-11-18 13:00:00,5.35925214,9.790468628681067,-1.268395500540148,9.707958015123348
series_1,2023-11-18 14:00:00,5.22309728,5.93841200437765,-1.562109333907765,5.729271468751923
series_1,2023-11-18 15:00:00,4.586942403999999,5.955830485330665,0.4099440205859839,5.9417053671467
series_1,2023-11-18 16:00:00,4.475393844,5.360047080437395,-0.38559938801915306,5.346159164901911
series_1,2023-11-18 17:00:00,4.3362862280000005,6.00658765972987,0.10750597118001726,-6.005625511150342
series_1,2023-11-18 18:00:00,4.1338584,10.328531495488912,-2.7065153751281854,-9.967614427610107
series_1,2023-11-18 19:00:00,4.576443716,11.693271053436613,-2.1240568810044747,-11.498737769659597
series_1,2023-11-18 20:00:00,4.865157636,12.549635541822754,1.7250743250540594,-12.430505653657866
series_1,2023-11-18 21:00:00,6.60925218,12.777792204180036,0.9693456904892868,-12.740971020512289
series_1,2023-11-18 22:00:00,6.795275808,13.432013378400704,4.59601844716898,-12.621235986654316
series_1,2023-11-18 23:00:00,8.005249599999999,12.770720207540718,1.7284767798983114,-12.653207602842892
series_1,2023-11-19 00:00:00,8.137795536,12.85915473854762,3.176547731035861,-12.460634217501237
series_1,2023-11-19 01:00:00,9.74245438,12.728535957278707,2.7640141311856823,-12.424807986377205
series_1,2023-11-19 02:00:00,9.3175856,11.26429539165762,2.640972120460173,-10.950324969126314
series_1,2023-11-19 03:00:00,9.29626014,10.72666740139524,4.481407482943285,-9.74568522536898
series_1,2023-11-19 04:00:00,8.288058007999998,10.84273081859959,4.346406509989724,-9.933456702202324
series_1,2023-11-19 05:00:00,9.00918664,9.971820416913559,4.138338093914905,-9.072560842872692
series_1,2023-11-19 06:00:00,7.215223327999999,9.667884321275304,5.379670382234657,-8.032878302829445
series_1,2023-11-19 07:00:00,8.086614432,9.979689031599431,7.036094353859623,-7.077257195482635
series_1,2023-11-19 08:00:00,8.938648579999999,10.22205738588315,7.995125563224785,-6.3693346927726955
series_1,2023-11-19 09:00:00,9.994094808,9.204967890352192,5.564828551089535,-7.332401861558981
series_1,2023-11-19 10:00:00,11.131562036,7.363648542482567,6.636637040150908,-3.1903555686635663
series_1,2023-11-19 11:00:00,10.424212932,6.697364922564396,6.328888125985219,-2.190861016760148
series_1,2023-11-19 12:00:00,9.443241772,6.617345084679451,6.437695503145178,-1.5314478699961191
series_1,2023-11-19 13:00:00,11.062336312,6.048369174935686,5.787439614086179,-1.7573594935636256
series_1,2023-11-19 14:00:00,9.0797247,6.119898914890044,5.854599601637161,1.7823653477843238
series_1,2023-11-19 15:00:00,7.419619659999999,6.996941836040869,6.96631902697743,0.6539069286306679
series_1,2023-11-19 16:00:00,8.1528874,7.08809893266822,6.638707810571251,2.4836877994531905
series_1,2023-11-19 17:00:00,6.683399164000001,8.258107740365343,7.8681516893280525,2.507694647521123
series_1,2023-11-19 18:00:00,7.63943594,8.245565115997938,7.820903508316428,2.6120513769384135
series_1,2023-11-19 19:00:00,9.365813948,9.286037071556366,8.918327067091539,2.587262417827297
series_1,2023-11-19 20:00:00,7.9642391,11.007768293008343,10.98602794835599,-0.691485871512146
series_1,2023-11-19 21:00:00,10.908464916,10.870685228090387,10.870067173050787,-0.11591799509237044
series_1,2023-11-19 22:00:00,9.791010812,11.873418845405585,10.365638141843508,-5.790649444647083
series_1,2023-11-19 23:00:00,8.696194504,11.497501973185853,8.192624110180901,-8.066812369994434
series_1,2023-11-20 00:00:00,8.124672175999999,12.959106317429566,10.186493319826296,-8.01085453566454
series_1,2023-11-20 01:00:00,9.43405542,12.042821157895352,9.180556091346602,-7.794031774036513
series_1,2023-11-20 02:00:00,7.89206062,11.224413959343638,8.634540506131358,-7.171623176010097
series_1,2023-11-20 03:00:00,7.63451468,10.007637200530409,7.592297785812333,-6.519955265873321
series_1,2023-11-20 04:00:00,7.473425435999999,10.271742886375248,6.679900806288466,-7.8030524246571105
series_1,2023-11-20 05:00:00,7.683399196,10.536940112525038,6.431560494610482,-8.34638463881847
series_1,2023-11-20 06:00:00,7.707021244,11.682214104064116,6.487265468043969,-9.71542655369896
series_1,2023-11-20 07:00:00,8.018701044,11.315073135470085,4.281625779918422,-10.473708070295581
series_1,2023-11-20 08:00:00,8.52690316,11.264197232704865,3.713956318342614,-10.634315575659718
series_1,2023-11-20 09:00:00,8.547572452,10.614088340767715,3.8374838848193153,-9.896089568075523
series_1,2023-11-20 10:00:00,8.036089495999999,10.144725010352525,5.446120387925876,-8.558926232646835
series_1,2023-11-20 11:00:00,8.636748738631498,10.15483320020895,4.717851388461269,-8.992358733972972
series_1,2023-11-20 12:00:00,7.197506792,10.442357042344396,4.283893070241471,-9.523186481558403
series_1,2023-11-20 13:00:00,7.090551408,10.600528427231277,3.6632252772974176,-9.947461158723248
series_1,2023-11-20 14:00:00,7.331365064,10.90097569629348,2.5101232796508675,-10.608041867005236
series_1,2023-11-20 15:00:00,6.623687876,9.944432072193129,2.287092474779334,-9.677858092071357
series_1,2023-11-20 16:00:00,7.188320439999999,9.966871977184146,3.315361071020209,-9.399304122026393
series_1,2023-11-20 17:00:00,6.39107632,9.701508580198164,3.9439470196646473,-8.86366462800443
series_1,2023-11-20 18:00:00,6.205380776,10.839979136057075,5.49018775702454,-9.346816894685084
series_1,2023-11-20 19:00:00,6.548228556,12.009055973892604,5.271126177695978,-10.790396387663145
series_1,2023-11-20 20:00:00,7.181430676,12.917250660719,7.578106240951861,-10.46076815691333
series_1,2023-11-20 21:00:00,6.898950351999999,12.477087898861571,5.759935990479764,-11.068010653296906
series_1,2023-11-20 22:00:00,7.320538292,12.479108298923231,5.873998876528381,-11.010189877327182
series_1,2023-11-20 23:00:00,7.476050108000001,12.41806975536546,5.474981666822194,-11.145987268837303
series_1,2023-11-21 00:00:00,7.169619652,12.183354677472655,3.0310353052072694,-11.80029474952562
series_1,2023-11-21 01:00:00,7.553149848,10.833472713875382,5.174849968338719,-9.51761833903142
series_1,2023-11-21 02:00:00,6.836286307999999,9.819469282844771,4.694700034088149,-8.624486569452396
series_1,2023-11-21 03:00:00,6.284777104,8.688411150206756,3.3678490924101454,-8.009124846435423
series_1,2023-11-21 04:00:00,6.339567132,8.686938788353896,0.30983166282959584,-8.681411743104672
series_1,2023-11-21 05:00:00,5.419291512,9.029836574553036,3.4238377600359327,-8.35555405440524
series_1,2023-11-21 06:00:00,5.461286264,8.843256952709764,2.2647361667340853,-8.54834274153395
series_1,2023-11-21 07:00:00,5.717191784,8.69892687652667,1.5095227860503533,-8.566952186253454
series_1,2023-11-21 08:00:00,5.9842521600000005,8.441730932701219,1.3482833916499686,-8.333363848766323
series_1,2023-11-21 09:00:00,6.357611752,8.947063219602015,-0.40695196237064324,-8.937803441331537
series_1,2023-11-21 10:00:00,5.80872722,8.746472106882928,-1.3334081224424548,-8.644234905154162
series_1,2023-11-21 11:00:00,5.664698344,8.107074732800877,-2.536098679219939,-7.700185985577056
series_1,2023-11-21 12:00:00,5.137139272000001,7.621991529847139,-1.419728321738449,-7.48859976053703
series_1,2023-11-21 13:00:00,4.81955396,6.923604997850904,-2.388225054640804,-6.498668113902413
series_1,2023-11-21 14:00:00,5.08366158,6.670170551807632,-1.674130952495046,-6.456660184964031
series_1,2023-11-21 15:00:00,4.367454208,5.982638278786085,-0.3167422539919773,-5.974247661365622
series_1,2023-11-21 16:00:00,3.86646994,5.611640973137527,-1.3366366811521477,-5.450129979550439
series_1,2023-11-21 17:00:00,3.5301838400000003,4.93199014583569,-1.2153453676670796,-4.779901927436432
series_1,2023-11-21 18:00:00,3.616798016,4.160681372147291,-1.2141488424976004,-3.979586921879607
series_1,2023-11-21 19:00:00,3.24967202,3.357730632187228,-1.2800612227924022,-3.104158221520234
series_1,2023-11-21 20:00:00,3.3707350160000003,2.9105109934683306,1.203999713230371,-2.6498035651046274
series_1,2023-11-21 21:00:00,3.225721888,2.4281012402556015,0.4553333732364115,-2.3850256082792782
series_1,2023-11-21 22:00:00,3.5889108760000004,2.282359369369743,-1.9063901777674797,-1.2549266038543958
series_1,2023-11-21 23:00:00,3.303477796,2.5779506049326946,-2.214825654813852,-1.319233353221195
series_1,2023-11-22 00:00:00,2.665354416,3.4132614180809475,-3.306776612050928,0.8459207682478005
series_1,2023-11-22 01:00:00,2.740813736,2.879954087557427,-2.5740931075773825,1.2915805123806057
series_1,2023-11-22 02:00:00,2.040354396,3.5723185457918176,-2.6788611228164685,2.3632949196557456
series_1,2023-11-22 03:00:00,2.0341208,5.212171567043402,-2.8767287748087194,4.34639666856158
series_1,2023-11-22 04:00:00,1.741797956,6.81367587582197,-2.7479525916472816,6.23497678382344
series_1,2023-11-22 05:00:00,1.6847113399999998,7.599729800054251,-2.545407688301503,7.16078157285699
series_1,2023-11-22 06:00:00,1.6312336479999998,8.182743515707966,-3.3507262843093937,7.4652478064360945
series_1,2023-11-22 07:00:00,2.01935702,8.510157103569567,-2.8649607374216126,8.01341212595909
series_1,2023-11-22 08:00:00,2.55741478,9.654214942051919,-4.194809276822754,8.695253951347269
series_1,2023-11-22 09:00:00,3.4238846240000003,10.922626880953388,-5.465380236929279,9.456923223031282
series_1,2023-11-22 10:00:00,3.928149732,11.739312029223205,-7.054829209805174,9.383007606303233
series_1,2023-11-22 11:00:00,5.0524936,11.630449510213564,-6.492894781877348,9.64933537406058
series_1,2023-11-22 12:00:00,6.281496264,13.473382600885177,-7.291657231382468,11.329773763401597
series_1,2023-11-22 13:00:00,7.273294195999999,13.276558234444929,-8.795521004762097,9.945139959165793
series_1,2023-11-22 14:00:00,8.554462216000001,13.68341417213269,-9.935443212917503,9.40865514135858
series_1,2023-11-22 15:00:00,9.599409756,15.10502349033522,-11.6457562617973,9.619672329886697
series_1,2023-11-22 16:00:00,11.147966236,15.591566015798229,-11.83447466002604,10.15096745863151
series_1,2023-11-22 17:00:00,12.362861288,16.207139016356702,-12.688292499195047,10.083580145483168
series_1,2023-11-22 18:00:00,11.672900636,17.037255760892226,-15.573634047474455,6.908690644210356
series_1,2023-11-22 19:00:00,12.572835048,16.83081388175351,-14.661367288540688,8.265627934569507
series_1,2023-11-22 20:00:00,14.195210428,17.096667114905795,-15.359412441513651,7.5089597075345225
series_1,2023-11-22 21:00:00,16.017717048,14.37480114380087,-12.930386670651263,6.280128061692926
series_1,2023-11-22 22:00:00,16.006234108,13.566769509880308,-12.784283444222584,4.540851434697495
series_1,2023-11-22 23:00:00,16.678478224,13.879339564856398,-13.167111244949943,4.388991708775598
series_1,2023-11-23 00:00:00,16.327756428,11.097264911843663,-10.963054786356143,1.720673785175503
series_1,2023-11-23 01:00:00,15.282808888,7.9531703093456025,-1.231747775228107,7.85720786206379
series_1,2023-11-23 02:00:00,13.982611996,8.225467418927522,-0.023746262206837954,8.225433142082512
series_1,2023-11-23 03:00:00,13.922572624,6.394532142496248,0.6091162529141552,6.365455106420394
series_1,2023-11-23 04:00:00,12.926181516,5.076152122549192,0.7789517621449771,5.016029757040114
series_1,2023-11-23 05:00:00,13.890420392,4.815627863362609,-0.7099080660076306,4.763013988664282
series_1,2023-11-23 06:00:00,13.21850436,2.484677682995756,2.4615077489783603,-0.3385303385173085
series_1,2023-11-23 07:00:00,11.900262848,5.120735414675141,2.3051377848441,-4.572556285054589
series_1,2023-11-23 08:00:00,11.937664424,5.409094648059352,1.2741993648181056,-5.256873680274375
series_1,2023-11-23 09:00:00,12.099081752,13.688745576338368,0.43005805299329203,-13.68198836152037
series_1,2023-11-23 10:00:00,11.32217884,13.898974426688474,-0.3994639243637508,-13.893232837855706
series_1,2023-11-23 11:00:00,8.717832082982953,13.451323159824632,-0.21197658843028355,-13.449652808752797
series_1,2023-11-23 12:00:00,11.46489538,12.93647149231767,-0.017469274894438502,-12.936459697149852
series_1,2023-11-23 13:00:00,11.768701164,12.413144300235103,1.546922429984682,-12.316378624176407
series_1,2023-11-23 14:00:00,11.342520048,12.34977788900881,0.4571597828997098,-12.341313497385519
series_1,2023-11-23 15:00:00,10.60203446,11.555378861893665,2.113185450896368,-11.360511779493864
series_1,2023-11-23 16:00:00,10.387795608,11.326249109211078,1.8868399847395803,-11.167978946787672
series_1,2023-11-23 17:00:00,9.3421919,12.110855209247747,1.0743585502254045,-12.063107709248097
series_1,2023-11-23 18:00:00,9.160761448,11.50011123355981,2.387590767891417,-11.249531932899618
series_1,2023-11-23 19:00:00,8.499672188,12.27566724657189,3.265730163832304,-11.833301012210994
series_1,2023-11-23 20:00:00,8.665026524,10.956791916858707,3.551655972848806,-10.365183498610515
series_1,2023-11-23 21:00:00,8.965223384,11.326091753460236,3.983992208523821,-10.602271477858952
series_1,2023-11-23 22:00:00,7.803806024,9.762635237461332,3.9977697485289414,-8.906564085968759
series_1,2023-11-23 23:00:00,8.270341472,9.135183865084173,4.849475704004017,-7.741716195080324
series_1,2023-11-24 00:00:00,7.298884748,8.69469014515571,6.62632948783932,-5.629333374286773
series_1,2023-11-24 01:00:00,7.210630152,11.063143048101587,7.591273055028953,-8.04771442750983
series_1,2023-11-24 02:00:00,7.73622072,12.342141142797082,7.5931280807342425,-9.729997633005343
series_1,2023-11-24 03:00:00,6.995735131999999,11.163404244574476,6.15616221092502,-9.312532478362812
series_1,2023-11-24 04:00:00,7.976050123999999,10.68374472616524,7.050333049389223,-8.027154244597126
series_1,2023-11-24 05:00:00,7.059055344000001,10.248393681517538,7.047139429927556,-7.440927288082374
series_1,2023-11-24 06:00:00,6.030512004,9.179881552340937,7.617689345938819,-5.122600349800839
series_1,2023-11-24 07:00:00,5.593176032000001,7.77846197230196,7.4603675559107465,-2.2016781293508845
series_1,2023-11-24 08:00:00,5.203084156,7.720361515202152,7.505121491532372,-1.8102854257694734
series_1,2023-11-24 09:00:00,5.238517228,7.423673623100615,6.594271700074813,-3.409766972670161
series_1,2023-11-24 10:00:00,5.229330876000001,7.8317220714488665,7.431290844148246,-2.472202862650589
series_1,2023-11-24 11:00:00,5.003280999999999,8.072465354259384,5.673880724205927,-5.742105399868807
series_1,2023-11-24 12:00:00,4.935039528,8.379729945980662,4.3434204318447005,-7.166210499266615
series_1,2023-11-24 13:00:00,5.2772311400000005,7.82570506919303,3.979647174930866,-6.738254090864952
series_1,2023-11-24 14:00:00,5.163714076000001,6.858909050716722,2.7066577381440817,-6.3022723881587766
series_1,2023-11-24 15:00:00,4.75393716,5.61692409778013,3.8975179767260393,-4.044649544932229
series_1,2023-11-24 16:00:00,4.70636498,5.553371664425583,2.034785241786868,-5.167164199350678
series_1,2023-11-24 17:00:00,4.513451588,3.774295260435216,2.76807505330675,-2.5657484701748468
series_1,2023-11-24 18:00:00,4.877952912,4.138027921411975,3.956626039533116,-1.211769557990958
series_1,2023-11-24 19:00:00,4.108595932,4.037003675576289,4.033183935731902,-0.17557339539517047
series_1,2023-11-24 20:00:00,4.489173372,9.308864036322861,2.9964837827685344,-8.813400852471782
series_1,2023-11-24 21:00:00,4.391076256,9.374108185698264,2.8426018877756256,-8.932721801600543
series_1,2023-11-24 22:00:00,4.506889908,10.991233457520066,6.13072080791208,-9.122580517218928
series_1,2023-11-24 23:00:00,5.586614352000001,12.255188680994786,5.965962947944944,-10.704995829542897
series_1,2023-11-25 00:00:00,6.886811244,12.24676950151118,6.656153267637195,-10.280028545722384
series_1,2023-11-25 01:00:00,8.111220732,12.778030105296967,7.465152803316811,-10.370609769681181
series_1,2023-11-25 02:00:00,9.448163032,14.701496375467196,5.973146853512125,-13.43337308140637
series_1,2023-11-25 03:00:00,9.571522616,14.480983806538731,4.6753142841494615,-13.705485337982926
series_1,2023-11-25 04:00:00,9.185367748,14.665326290266172,2.438342460020701,-14.461199163542156
series_1,2023-11-25 05:00:00,8.9484911,13.309755486438206,4.0627558423613115,-12.674525871768575
series_1,2023-11-25 06:00:00,7.926181356000001,11.953900622739052,5.376083156775947,-10.676772451904698
series_1,2023-11-25 07:00:00,8.355971396,11.012989452490501,6.79333402993735,-8.668134138230798
series_1,2023-11-25 08:00:00,7.47867478,11.040361366264422,4.451724646668869,-10.103055318464062
series_1,2023-11-25 09:00:00,6.899606520000001,12.040715300426692,4.448994239723569,-11.188622578353241
series_1,2023-11-25 10:00:00,5.988189168,10.939987441988432,5.397691074239107,-9.515684751921118
series_1,2023-11-25 11:00:00,6.504921468,9.957191893829412,5.224329033434548,-8.47655924069165
series_1,2023-11-25 12:00:00,6.144357152,10.911417598982817,2.7810371849450206,-10.551059956011292
series_1,2023-11-25 13:00:00,6.298884716,10.360029658378554,2.3646565481160415,-10.086556098685774
series_1,2023-11-25 14:00:00,6.654527772000001,10.056818485431961,2.2265297331804845,-9.80725055233062
series_1,2023-11-25 15:00:00,5.4543965000000005,7.389756986980612,3.5289538562412472,-6.4926876566756855
series_1,2023-11-25 16:00:00,4.793963408,6.86649790177483,1.4194470370037404,-6.718181565291268
series_1,2023-11-25 17:00:00,4.575787548,5.276329905249886,3.053064921595033,-4.30330708334418
series_1,2023-11-25 18:00:00,3.596128724,4.779054450460311,4.409213154400273,-1.8434209501706587
series_1,2023-11-25 19:00:00,2.96587936,5.328296898113889,5.259240332777933,-0.8550666386498469
series_1,2023-11-25 20:00:00,2.857283556,4.774901985944552,4.714182249030266,-0.7590617223290681
series_1,2023-11-25 21:00:00,2.412401652,5.814896752787346,5.598652784205709,-1.5710223574101323
series_1,2023-11-25 22:00:00,2.20964574,5.60165555484381,5.441820125073728,-1.3285852179875641
series_1,2023-11-25 23:00:00,2.282152304,6.354904547299264,5.556514810167779,-3.08382148797089
series_1,2023-11-26 00:00:00,2.183727104,6.478131679101484,5.828050393770336,-2.8284304233004636
series_1,2023-11-26 01:00:00,2.272637868,5.737537910097122,5.63973918070006,-1.054838017649282
series_1,2023-11-26 02:00:00,2.304462016,5.561039002597548,5.521003281989664,0.6660912465049322
series_1,2023-11-26 03:00:00,2.391076192,6.686699085648148,6.214329688562014,2.4686132106639396
series_1,2023-11-26 04:00:00,2.355315036,7.767085480817593,7.058659747677002,3.240823881801031
series_1,2023-11-26 05:00:00,2.412073568,7.406063240128212,6.416995338383251,3.69755913325886
series_1,2023-11-26 06:00:00,2.448162808,6.8665497657625085,4.825394774060868,4.885188938020639
series_1,2023-11-26 07:00:00,2.417322912,7.513223651099102,5.2811958926304206,5.3439217411090985
series_1,2023-11-26 08:00:00,2.759514524,6.470114453665065,4.2194135359624525,4.904990362484153
series_1,2023-11-26 09:00:00,2.5157481120000003,6.734258647115085,4.205406941046634,5.259733071786161
series_1,2023-11-26 10:00:00,2.484252048,7.817037471480035,3.268147519943798,7.10107644082277
series_1,2023-11-26 11:00:00,2.357939708,7.9037962993400726,4.460141445798581,6.525115648395174
series_1,2023-11-26 12:00:00,2.544947588,7.773498473269333,4.5594705596687755,6.2959119061049735
series_1,2023-11-26 13:00:00,2.85925206,8.220891439283847,2.4396176268305827,7.850561883798378
series_1,2023-11-26 14:00:00,2.94947516,8.655806168093791,2.694564535222089,8.225709840806076
series_1,2023-11-26 15:00:00,3.313320316,7.815557312963335,3.6588768316890308,6.90619695945199
series_1,2023-11-26 16:00:00,3.378280948,7.651170947403216,3.3270697435655703,6.889921899980982
series_1,2023-11-26 17:00:00,3.5413386959999995,6.431257629740329,3.713206777211994,5.251016104503976
series_1,2023-11-26 18:00:00,3.70898962,5.777119059190425,2.296060414460408,5.30124619285024
series_1,2023-11-26 19:00:00,3.654527676,5.922825096669523,1.1577818839623326,5.8085624929845565
series_1,2023-11-26 20:00:00,3.32021008,6.807346503705226,-0.02084911403721834,6.807314575950756
series_1,2023-11-26 21:00:00,3.291338688,7.0570469392533335,0.680248892014826,7.024184860020232
series_1,2023-11-26 22:00:00,3.421588036,8.042263150115675,-1.861446683594919,7.82387454013943
series_1,2023-11-26 23:00:00,3.43175864,8.164986460366766,-2.7253251542279107,7.6967270122893945
series_1,2023-11-27 00:00:00,3.651903004,9.226383925165115,-4.859909332351347,7.8426680164258835
series_1,2023-11-27 01:00:00,3.909777028,9.006948800526029,-5.010342639074888,7.484757399833701
series_1,2023-11-27 02:00:00,4.440288856,9.95897541128547,-6.3632132457599235,7.660986126574963
series_1,2023-11-27 03:00:00,4.884514592,10.042002657792466,-6.994130788257485,7.205827634342892
series_1,2023-11-27 04:00:00,5.300853188,11.140369441881683,-8.297826703806454,7.433296933071337
series_1,2023-11-27 05:00:00,6.066601244,11.431388329623905,-8.936152531497937,7.128942213012012
series_1,2023-11-27 06:00:00,8.083661676,11.21355656997629,-8.711829541454811,7.06030289638438
series_1,2023-11-27 07:00:00,9.073819188,12.95199420088553,-9.848048487222844,8.4124963460961
series_1,2023-11-27 08:00:00,9.16338612,13.12249064539108,-9.190171931869292,9.366989943469475
series_1,2023-11-27 09:00:00,9.619094796,16.643414132988752,-14.057037826142023,8.910831698364756
series_1,2023-11-27 10:00:00,9.988845464,18.51580050931066,-14.037809110835,12.073722866968035
series_1,2023-11-27 11:00:00,12.663714316,17.739286851613045,-12.471288472069292,12.615437441890114
series_1,2023-11-27 12:00:00,13.554462376,16.97631165938967,-12.850559112578779,11.093164023435703
series_1,2023-11-27 13:00:00,14.06988234,12.583004277562601,-9.827705135487722,7.858002826359059
series_1,2023-11-27 14:00:00,11.616470188,12.430623587567066,-2.3445634280842573,12.207515107812421
series_1,2023-11-27 15:00:00,10.042979324,12.677179037372222,4.537839890487221,11.837181990401795
series_1,2023-11-27 16:00:00,11.530840264,11.80132586912481,9.761214654349734,6.632494307647947
series_1,2023-11-27 17:00:00,9.936680108,10.467513307424975,9.314871055783543,4.775145239178061
series_1,2023-11-27 18:00:00,9.777887452,10.856429603250788,9.875587256486073,4.50941682148257
series_1,2023-11-27 19:00:00,9.290354628,10.204081835012303,9.896244551534148,2.487494697855408
series_1,2023-11-27 20:00:00,8.773294244,9.816921590748523,9.329373897333484,3.055279398460498
series_1,2023-11-27 21:00:00,8.062992384,8.822492412561441,8.758431210979055,1.0612516630150273
series_1,2023-11-27 22:00:00,7.696194472,9.103841869454632,9.021594830166999,1.2209682650827949
series_1,2023-11-27 23:00:00,7.853018624000001,8.860795767663054,8.86079295119291,0.007064865571989154
series_1,2023-11-28 00:00:00,8.04954094,7.704244063683373,5.467327160790525,-5.428048480778586
series_1,2023-11-28 01:00:00,9.093832312,7.535318459120369,6.826815296992862,-3.1899243221594493
series_1,2023-11-28 02:00:00,10.385170936,7.917617225221479,6.117948667557306,-5.025869738289848
series_1,2023-11-28 03:00:00,10.866470164,6.0927863356945196,4.202332827011825,-4.411626020351754
series_1,2023-11-28 04:00:00,11.1302497,5.7587942474874305,3.0366317360656256,-4.8931154579075065
series_1,2023-11-28 05:00:00,9.35367484,6.827966343039422,5.494840281917321,-4.053128995960764
series_1,2023-11-28 06:00:00,11.325787764,7.14656160531159,6.406601690506188,-3.1668276804583213
series_1,2023-11-28 07:00:00,9.653543616,7.15216344146618,6.52538538478357,-2.9279322863581267
series_1,2023-11-28 08:00:00,10.0229662,9.06260779158237,9.062587128948808,-0.01935237093650119
series_1,2023-11-28 09:00:00,9.136483232,8.887316772599837,8.8336006405222,-0.9756531864859377
series_1,2023-11-28 10:00:00,8.304134123999999,8.269711731654873,7.9776770711904526,-2.178256337640809
series_1,2023-11-28 11:00:00,7.1850396,8.3081433386056,7.378906380536948,-3.817981975086801
series_1,2023-11-28 12:00:00,6.89140442,9.505101939391402,9.481790890188945,-0.6652851967029789
series_1,2023-11-28 13:00:00,6.9009188560000005,8.769551576787253,6.804731655347883,-5.531786506784066
series_1,2023-11-28 14:00:00,6.670603888,8.127180376622436,7.117528826351595,-3.923244101532671
series_1,2023-11-28 15:00:00,7.334973988,9.991048118957062,5.785596599520347,-8.145422917377221
series_1,2023-11-28 16:00:00,7.566601292,11.271468751803063,9.99473757425022,-5.210684086062379
series_1,2023-11-28 17:00:00,7.783136732,11.103212446498134,11.060445805647557,-0.9735836956340302
series_1,2023-11-28 18:00:00,8.55150946,10.75845736241436,10.330954947300526,3.002627964922479
series_1,2023-11-28 19:00:00,8.058071124000001,12.537400193443737,12.43383498024963,-1.6081515147782988
series_1,2023-11-28 20:00:00,8.092519944000001,12.143266440362941,11.89727908605559,-2.431803896318347
series_1,2023-11-28 21:00:00,8.229330972000001,11.582914872534765,11.460851761168383,-1.6771385908477021
series_1,2023-11-28 22:00:00,8.168635431999999,12.8007777128852,12.655996069819599,1.9198108071915065
series_1,2023-11-28 23:00:00,7.074803376,11.66328601620751,10.243735441395373,-5.576569277123882
series_1,2023-11-29 00:00:00,8.616823531913749,12.772081531048443,12.47975044736833,-2.7169643735534486
series_1,2023-11-29 01:00:00,7.773622296,13.432557519561845,12.973082041324197,-3.4832088460798687
series_1,2023-11-29 02:00:00,8.061023879999999,13.349015686986906,13.348839159714567,-0.06865056076534537
series_1,2023-11-29 03:00:00,8.804790308,13.002380751480194,11.360993837007536,-6.323742898152917
series_1,2023-11-29 04:00:00,8.516732556,14.31746801456393,12.55030602674802,-6.8905521537126155
series_1,2023-11-29 05:00:00,9.903543624,14.04412900021461,13.513621064506223,-3.8235592187911402
series_1,2023-11-29 06:00:00,9.541666972,13.928131977137339,10.668012375822308,-8.954684378684586
series_1,2023-11-29 07:00:00,8.724081644,12.691305681489396,11.308510356507274,-5.7608014562014525
series_1,2023-11-29 08:00:00,8.410105256,12.624728633621743,11.058608287834831,-6.090234462549
series_1,2023-11-29 09:00:00,7.965551436,11.383451574394881,10.347810074941696,-4.7440274450648365
series_1,2023-11-29 10:00:00,8.418963524,11.44892737219216,9.854216749111965,-5.828580464851806
series_1,2023-11-29 11:00:00,7.90190314,12.062599819801914,10.870757894949646,-5.2280911623722774
series_1,2023-11-29 12:00:00,8.129265352,10.973503499531539,9.193844744706986,-5.990909602427219
series_1,2023-11-29 13:00:00,7.193569784,9.539834168343221,8.959523062794595,-3.2764893478753354
series_1,2023-11-29 14:00:00,7.669291584000001,10.47801294797659,9.531405352877568,-4.3521336534051756
series_1,2023-11-29 15:00:00,7.014107836,9.47895166261479,8.911253710560928,-3.231111562326777
series_1,2023-11-29 16:00:00,6.419291544,9.739988258093275,9.545961549668368,-1.9344222289996464
series_1,2023-11-29 17:00:00,6.744422788,10.260750930798505,9.678321864850606,-3.4077992229937877
series_1,2023-11-29 18:00:00,6.515420156,10.866064418169083,10.578705652944583,-2.482406624257708
series_1,2023-11-29 19:00:00,7.291338816,11.411102824613486,10.22813172811599,-5.059504820257502
series_1,2023-11-29 20:00:00,7.250000232,11.747261012655228,10.832289695657332,-4.545287807037694
series_1,2023-11-29 21:00:00,7.564304704,12.01582335683891,10.783581611669797,-5.3004130562827365
series_1,2023-11-29 22:00:00,6.687008087999999,10.575519786341689,9.147912137077883,-5.306347357986255
series_1,2023-11-29 23:00:00,5.543307264,8.962915463932344,8.112599687269313,-3.81045665606045
series_1,2023-11-30 00:00:00,5.153871556,7.374059262960733,7.208672260847439,-1.552995250908923
series_1,2023-11-30 01:00:00,4.638123508,6.93790746088419,6.817554059422023,-1.2866687929109035
series_1,2023-11-30 02:00:00,4.099737664,5.889834123560274,5.761566145356256,-1.2224980800556156
series_1,2023-11-30 03:00:00,3.725065736,6.553637401937948,4.617037378386589,4.651142767391803
series_1,2023-11-30 04:00:00,3.739501432,8.084366568609346,7.912392900914245,1.658620329433563
series_1,2023-11-30 05:00:00,3.61384526,8.263407065330288,7.2464522591183345,3.9715017290276107
series_1,2023-11-30 06:00:00,3.88123372,8.874816807290168,4.7258026013304795,7.511934713255842
series_1,2023-11-30 07:00:00,4.136811155999999,8.514059798002437,3.9591207963536053,7.537544478398896
series_1,2023-11-30 08:00:00,4.066929264,8.737871773270868,6.237971361763571,6.118669497198008
series_1,2023-11-30 09:00:00,4.4757219280000005,8.866758471852863,6.513916055561739,6.015671485318122
series_1,2023-11-30 10:00:00,5.002296748,8.572389869755376,6.28256193151127,5.832262310271203
series_1,2023-11-30 11:00:00,4.621719308,8.874218201294866,7.827916686132998,4.18036709382725
series_1,2023-11-30 12:00:00,4.704068392,8.97665010694179,6.817391276170217,5.839813638298423
series_1,2023-11-30 13:00:00,4.820210128,8.90392603308428,8.230901184573565,3.3959040758568935
series_1,2023-11-30 14:00:00,5.314632715999999,8.335552420363387,7.895495193834097,2.6725624027828814
series_1,2023-11-30 15:00:00,5.077756068,9.460291307772085,9.240860423615816,2.0257369669231475
series_1,2023-11-30 16:00:00,5.249015916,9.932069622072822,9.614905775693382,2.489898371869789
series_1,2023-11-30 17:00:00,5.7004595,9.850572426767215,9.648074100620494,1.9870690184094144
series_1,2023-11-30 18:00:00,6.01870098,9.424879666686902,9.173646863736556,2.161610499369548
series_1,2023-11-30 19:00:00,5.655511992,9.042127355654893,8.069815438352745,4.078988343548709
series_1,2023-11-30 20:00:00,5.740157664,8.089436617121985,7.034935286287963,3.9935786332779855
series_1,2023-11-30 21:00:00,5.409448992,9.651050024605366,7.460430715483357,6.122478265940004
series_1,2023-11-30 22:00:00,6.123359776,10.181438375663593,7.886511847331648,6.439302623680057
series_1,2023-11-30 23:00:00,6.13188996,9.560004555835183,5.071753996933027,8.103764464875773
series_1,2023-12-01 00:00:00,6.39271674,12.639619269058523,7.28146034934712,10.331520238940696
series_1,2023-12-01 01:00:00,7.110236447999999,12.470815414758958,9.259220393260621,8.353925712981665
series_1,2023-12-01 02:00:00,7.894685291999999,13.127560181577552,10.12643662083993,8.353928278663421
series_1,2023-12-01 03:00:00,8.14632572,12.55734055438696,10.626483721079245,6.690638648476629
series_1,2023-12-01 04:00:00,8.686351984,12.904738403987619,9.299523005600145,8.94713055362816
series_1,2023-12-01 05:00:00,8.592848044,11.69336423975159,7.779670056422376,8.729919876877812
series_1,2023-12-01 06:00:00,8.852690572,9.97150076350841,6.550581598052359,7.518025552224905
series_1,2023-12-01 07:00:00,8.582021272,9.131934676543002,6.38605615931689,6.527673219968916
series_1,2023-12-01 08:00:00,7.86745432,9.22728344135631,6.295106245498056,6.746435878671027
series_1,2023-12-01 09:00:00,7.881561931999999,9.179273476709783,6.348728078587971,6.629684256763393
series_1,2023-12-01 10:00:00,8.022309968,8.97354938113548,6.838701269851328,5.8100562335842145
series_1,2023-12-01 11:00:00,7.362204960000001,8.375711306914239,6.099152129975879,5.7404601899309196
series_1,2023-12-01 12:00:00,7.753609172000001,9.445671853066461,7.004734790130246,6.336750529707714
series_1,2023-12-01 13:00:00,7.151575032,9.065279589018557,6.096382602219701,6.709203618495223
series_1,2023-12-01 14:00:00,6.9061682,8.699502268273328,6.3209517801303905,5.977199035414432
series_1,2023-12-01 15:00:00,7.033464792,8.825585173059896,6.700198571839154,5.744414047129543
series_1,2023-12-01 16:00:00,6.4012469240000005,8.152396049591442,5.584388774742872,5.939373987376107
series_1,2023-12-01 17:00:00,6.898294183999999,8.467271588459367,5.39193061682011,6.528535239709527
series_1,2023-12-01 18:00:00,6.836942476,7.6220083893582125,5.87600959700528,4.854639338133042
series_1,2023-12-01 19:00:00,6.056758724,6.771006752602798,4.60997094441742,4.959304420523088
series_1,2023-12-01 20:00:00,5.79396344,6.437583792889424,4.498383734569054,4.605108996216828
series_1,2023-12-01 21:00:00,5.592191779999999,6.344386438636709,4.286852448866715,4.676979299120623
series_1,2023-12-01 22:00:00,4.975721944,6.999206958090058,4.665878852816857,5.2171326006737395
series_1,2023-12-01 23:00:00,4.520341352,4.973042818098365,3.717003214186255,3.3037920600983313
series_1,2023-12-02 00:00:00,4.51771668,7.4434078099138645,5.982308085253544,4.429030345097759
series_1,2023-12-02 01:00:00,4.590879412,8.592503310518548,7.812148801662508,3.577910597255787
series_1,2023-12-02 02:00:00,4.756561832,7.868726653059629,7.5913277488952495,2.0708940459192933
series_1,2023-12-02 03:00:00,4.451771796,6.067307179617216,5.934045566995323,1.264642091920781
series_1,2023-12-02 04:00:00,3.794947628,3.5670737866792526,3.033021824581022,1.8774434775059068
series_1,2023-12-02 05:00:00,3.584973868,3.1522505939947285,-0.24189785923640333,3.1429554933274133
series_1,2023-12-02 06:00:00,3.181758632,3.381114773191517,0.3967057675936241,3.3577614035919643
series_1,2023-12-02 07:00:00,3.099737632,4.438400826763535,1.4723448725668202,4.187075647184013
series_1,2023-12-02 08:00:00,3.102362304,4.426287141447974,-1.1595192963083152,4.271713106007512
series_1,2023-12-02 09:00:00,3.016076212,5.307441728272828,2.125362112956913,4.863308913468174
series_1,2023-12-02 10:00:00,3.153543408,4.819652357575029,1.7235729832263116,4.500927128866994
series_1,2023-12-02 11:00:00,3.058399048,4.377302924775723,1.1179774321265705,4.232127993870906
series_1,2023-12-02 12:00:00,3.051509284,3.7720809294436255,1.2394296563969478,3.5626406870629026
series_1,2023-12-02 13:00:00,2.609580136,5.169450669908094,4.221060681870992,2.9842699188538617
series_1,2023-12-02 14:00:00,2.42290034,5.879775056444913,5.120888454193012,2.889334898225625
series_1,2023-12-02 15:00:00,2.549540764,4.86187867199538,4.513080349927013,1.8083058304131603
series_1,2023-12-02 16:00:00,2.5452756720000003,5.343659199182833,5.274991353294146,0.8539085780593277
series_1,2023-12-02 17:00:00,2.430446272,5.62948173954197,5.600243800720961,-0.5730043876995412
series_1,2023-12-02 18:00:00,2.6246720000000003,8.321666078381138,8.069039932933824,-2.034876134018636
series_1,2023-12-02 19:00:00,3.09711296,8.2649631764831,7.244052011791014,-3.979111302676537
series_1,2023-12-02 20:00:00,2.651902972,8.400406864312911,7.217795850677257,-4.29770386880502
series_1,2023-12-02 21:00:00,2.871063084,7.526365938645306,7.146756242045849,-2.3600973410389083
series_1,2023-12-02 22:00:00,3.04954078,6.678018835783334,6.010340452406103,-2.9106259150306135
series_1,2023-12-02 23:00:00,3.004593272,5.708186614203911,3.318414203600923,-4.6445152164586965
series_1,2023-12-03 00:00:00,3.336286196,7.144078218831338,1.754430791002258,-6.925303328834308
series_1,2023-12-03 01:00:00,3.1040027240000003,6.66843096077982,2.205398639039309,-6.293185864219366
series_1,2023-12-03 02:00:00,3.58759854,6.670496776499195,-1.5647943503933595,-6.48436164061376
series_1,2023-12-03 03:00:00,3.726049988,6.480166063745317,-1.1648003089103474,-6.374620965522486
series_1,2023-12-03 04:00:00,3.977690416,7.201447689512711,-1.0350242357957222,-7.12668040928618
series_1,2023-12-03 05:00:00,4.06496076,6.493105872266562,-1.8168658640637765,-6.233732613808704
series_1,2023-12-03 06:00:00,4.398294104,4.952061913813925,-1.5962512316730888,-4.687739242281782
series_1,2023-12-03 07:00:00,4.485564448,5.309820990265982,-2.798717362441349,-4.512358593223565
series_1,2023-12-03 08:00:00,4.405511952,5.669866310099441,-3.4360882405779005,-4.510064475965162
series_1,2023-12-03 09:00:00,4.138123492,6.714324715013251,-4.482293757941467,-4.999119827145249
series_1,2023-12-03 10:00:00,4.428149748,6.379852069616962,-4.579641063727492,-4.441778940651679
series_1,2023-12-03 11:00:00,4.534448964,7.221218089621391,-6.1260261189102305,-3.823322467214198
series_1,2023-12-03 12:00:00,4.808399104,7.41098617309453,-6.235851895508263,-4.004605747771471
series_1,2023-12-03 13:00:00,4.716863668,8.480892626392023,-6.830093718726585,-5.027460545225816
series_1,2023-12-03 14:00:00,5.075131396,8.734523458795893,-7.163701176213226,-4.997327836972176
series_1,2023-12-03 15:00:00,5.389763952,10.184613161388024,-9.907596514353793,-2.3592110028318176
series_1,2023-12-03 16:00:00,5.002952916,10.413367240917678,-9.859819748583023,-3.349951017503044
series_1,2023-12-03 17:00:00,5.155511976,11.117056776946642,-10.901882384922892,-2.176674492698254
series_1,2023-12-03 18:00:00,5.167323,11.895663553024688,-11.415487015442942,-3.3456639949363596
series_1,2023-12-03 19:00:00,4.840551336,10.648868479367081,-9.717158098454128,-4.356057664965553
series_1,2023-12-03 20:00:00,5.108924048,11.769635430408007,-10.35113324948369,-5.601638922328778
series_1,2023-12-03 21:00:00,5.412401748,11.762892456267005,-10.318804150690163,-5.646938979429716
series_1,2023-12-03 22:00:00,6.107283659999999,11.869840215965748,-10.471219485994467,-5.58987202256792
series_1,2023-12-03 23:00:00,6.37631254,12.935758175602738,-11.347805187456139,-6.209763039377316
series_1,2023-12-04 00:00:00,6.703412288,13.774708811952806,-13.096311633951462,-4.2695695849251445
series_1,2023-12-04 01:00:00,6.708005464,13.597851312222323,-12.513907986295084,-5.3201190982765105
series_1,2023-12-04 02:00:00,7.369422807999999,12.590830344179846,-11.815879335584604,-4.3490233711518185
series_1,2023-12-04 03:00:00,8.170603936000001,12.90063432728415,-11.108190749455684,-6.56006587771871
series_1,2023-12-04 04:00:00,7.764107859999999,14.013235969575092,-11.855596769946853,-7.470984377404289
series_1,2023-12-04 05:00:00,7.843504187999999,14.08771999930138,-10.472976938220514,-9.422346248690786
series_1,2023-12-04 06:00:00,7.632546176,13.232007455497502,-11.11101137759213,-7.185502589893051
series_1,2023-12-04 07:00:00,8.006233852000001,13.190551313888859,-10.1307919610041,-8.447348590367858
series_1,2023-12-04 08:00:00,8.257546196,12.64242882955101,-9.50755005614302,-8.332916574657242
series_1,2023-12-04 09:00:00,7.907808652,11.087713915249685,-8.394119946238387,-7.244042393207286
series_1,2023-12-04 10:00:00,7.856627548,10.785244823773603,-8.494643623492063,-6.645489870476136
series_1,2023-12-04 11:00:00,7.82808424,9.479679334077304,-7.099517607382316,-6.281812638036954
series_1,2023-12-04 12:00:00,7.532808639999999,9.676359634750053,-7.479301422759406,-6.139379936811968
series_1,2023-12-04 13:00:00,6.665682627999999,9.461522140488443,-7.051858878996814,-6.308065279122181
series_1,2023-12-04 14:00:00,7.195210203999999,8.780949469976562,-7.137520499324264,-5.11477025055941
series_1,2023-12-04 15:00:00,6.857611767999999,7.897901542790018,-6.391374420586311,-4.639739410298811
series_1,2023-12-04 16:00:00,6.893701008,6.810286912220304,-6.234281316989756,-2.7411209910165653
series_1,2023-12-04 17:00:00,7.331365064,6.061175316939135,-5.728222442407432,-1.9812404884243728
series_1,2023-12-04 18:00:00,7.098425424,5.315948551623377,-3.1176291112062673,-4.305774927752948
series_1,2023-12-04 19:00:00,6.207021196,5.980957467480841,-4.476777025510508,-3.9661467057682227
series_1,2023-12-04 20:00:00,6.524278423999999,4.550724013190713,-4.473942179635831,-0.8324244214978216
series_1,2023-12-04 21:00:00,6.637467404,3.451717924510939,-3.291306627705941,1.0400275538701127
series_1,2023-12-04 22:00:00,6.566929343999999,4.58611822694597,-3.9897211737537512,-2.2615493245178273
series_1,2023-12-04 23:00:00,6.1679792,4.843438997124193,-4.400242675183963,-2.0240468666395253
series_1,2023-12-05 00:00:00,5.506233772,5.140500078589197,-4.751198339559327,-1.9623596500499683
series_1,2023-12-05 01:00:00,5.483267892,5.012611191413699,-4.657798478176126,-1.8523456192044796
series_1,2023-12-05 02:00:00,5.662073672,5.078645178695633,-4.519175846280574,-2.3172584062815824
series_1,2023-12-05 03:00:00,5.95964586,4.0990643363075225,-3.989825647732159,-0.9400104966897381
series_1,2023-12-05 04:00:00,5.270341376,3.5713539731730415,-2.930563023955835,-2.0411686761073184
series_1,2023-12-05 05:00:00,5.553805952,3.797341943897688,-3.4250115191978536,-1.6398481430445568
series_1,2023-12-05 06:00:00,5.228346623999999,4.44612713641378,-2.0489871469925935,-3.945845686872987
series_1,2023-12-05 07:00:00,5.035761315999999,5.935796771247771,-2.6632241094250184,-5.30480166005599
series_1,2023-12-05 08:00:00,5.08366158,6.91772624889418,-2.8939720069880646,-6.2833002854717215
series_1,2023-12-05 09:00:00,5.552493616,10.376461276443138,-3.5532303257711577,-9.749128313523427
series_1,2023-12-05 10:00:00,5.757546115999999,12.414638791429558,-2.4550262242487753,-12.169474210495636
series_1,2023-12-05 11:00:00,6.51902908,12.385152669721085,-2.217369538317123,-12.185043249116625
series_1,2023-12-05 12:00:00,7.317257452000001,12.001791886809752,-1.221794598912111,-11.939439955557445
series_1,2023-12-05 13:00:00,7.4475068,12.19634586059605,-2.0090860168403486,-12.02973090838756
series_1,2023-12-05 14:00:00,7.42946218,13.283858717377559,-1.8723886885053511,-13.151238079451112
series_1,2023-12-05 15:00:00,6.654855856,12.26368445407645,-1.1835134926920459,-12.206443061013815
series_1,2023-12-05 16:00:00,7.022309936,12.515432483489915,-0.726698180738548,-12.494317108305912
series_1,2023-12-05 17:00:00,6.539042204,10.229324350757874,0.41110507868162793,-10.221060086277264
series_1,2023-12-05 18:00:00,6.173884712,9.875576391541504,1.1322328348162438,-9.810456557823182
series_1,2023-12-05 19:00:00,5.684711468,10.442276735653998,2.2514111631726568,-10.196680400910987
series_1,2023-12-05 20:00:00,5.490157656,9.796636299273482,0.37987367622545276,-9.78926855134508
series_1,2023-12-05 21:00:00,4.930118267999999,8.046599659966523,2.771645835275676,-7.55418727935523
series_1,2023-12-05 22:00:00,4.787729812,8.138999775941794,1.9131202931369975,-7.910959998430532
series_1,2023-12-05 23:00:00,4.208661552,8.136896710206763,2.0276744285439743,-7.880204596608041
series_1,2023-12-06 00:00:00,4.38648308,7.7296313415520155,1.8879927182884182,-7.495510934685715
series_1,2023-12-06 01:00:00,4.160433204,6.818740804397343,-0.38725489679291314,-6.807735291744476
series_1,2023-12-06 02:00:00,4.1053150920000006,6.511300525965201,-1.133631767794621,-6.411857262484992
series_1,2023-12-06 03:00:00,4.087598556,6.017773217349593,-0.8369086797123272,-5.959293444467409
series_1,2023-12-06 04:00:00,4.007874144,4.828266201401473,-0.7090008684815086,-4.775926326911699
series_1,2023-12-06 05:00:00,3.74343844,4.333915200142973,-1.6883836777399983,-3.991513687659289
series_1,2023-12-06 06:00:00,3.341207456,5.817629924158056,3.1053608975171736,-4.91950725486106
series_1,2023-12-06 07:00:00,3.154199576,4.326941455417171,1.965936614303842,-3.8545447963601633
series_1,2023-12-06 08:00:00,3.035761252,4.927911821541651,-0.3506377809562409,-4.915421453696116
series_1,2023-12-06 09:00:00,3.059711384,6.099338826260595,0.7573628971902151,-6.05213479356579
series_1,2023-12-06 10:00:00,3.073818996,5.915329864690838,-1.3611110605528716,-5.756605257349505
series_1,2023-12-06 11:00:00,3.032808496,5.526210766883753,-0.05050213325633446,-5.5259800012810825
series_1,2023-12-06 12:00:00,2.695538144,4.013684185333186,-0.3542001262394354,-3.9980248886375995
series_1,2023-12-06 13:00:00,2.576115568,4.757186717841347,-0.3625337285999195,-4.743352692351009
series_1,2023-12-06 14:00:00,2.2903544040000003,5.240997229800966,-0.4446961341479184,-5.222097022370926
series_1,2023-12-06 15:00:00,2.687992212,5.207672795677418,-0.4052644623305768,-5.1918798775020365
series_1,2023-12-06 16:00:00,2.57709982,6.427986278223337,0.6131961378123697,-6.398671587884433
series_1,2023-12-06 17:00:00,2.40813656,7.306950058141141,0.21314376346168906,-7.303840694337892
series_1,2023-12-06 18:00:00,2.886154948,6.877486400628309,-0.5162580927745659,-6.858082587172023
series_1,2023-12-06 19:00:00,3.031168076,6.602161774175687,-0.8232222605750559,-6.5506370073512965
series_1,2023-12-06 20:00:00,3.274606404,6.898015728706913,-0.8324844437355217,-6.847597435920596
series_1,2023-12-06 21:00:00,3.50557754,7.744940954109657,1.235614538110121,-7.645741762305075
series_1,2023-12-06 22:00:00,3.442585412,8.472163270214613,1.1212093835707504,-8.397644907673012
series_1,2023-12-06 23:00:00,3.642388568,9.816417128752349,0.5991316564119399,-9.798116477361738
series_1,2023-12-07 00:00:00,3.992126112,10.73713506546311,0.292988353992601,-10.733136877838755
series_1,2023-12-07 01:00:00,4.569882036,11.539761478709877,-0.353732552310021,-11.534338657545678
series_1,2023-12-07 02:00:00,5.425197024,11.227442953171197,-0.6423970383504256,-11.20904997365219
series_1,2023-12-07 03:00:00,5.918307276,12.038371872489494,-1.6191065937686826,-11.928993720275024
series_1,2023-12-07 04:00:00,6.095800720000001,11.509462420403363,-1.2459681994996523,-11.441821902674103
series_1,2023-12-07 05:00:00,5.9137141,11.42248515541798,-0.8164956093178446,-11.393265644480902
series_1,2023-12-07 06:00:00,6.246719359999999,10.93327666570345,-0.17957532563972867,-10.931801834612488
series_1,2023-12-07 07:00:00,6.415354536,11.118277637730543,0.4705145356640416,-11.108317320881138
series_1,2023-12-07 08:00:00,6.1171261800000005,10.890078868601881,3.517765137560022,-10.306267326308616
series_1,2023-12-07 09:00:00,5.7060369280000005,9.654286383460128,2.372063377749514,-9.35834178184379
series_1,2023-12-07 10:00:00,5.716535616,8.912744499963896,3.0298776824609623,-8.381936276956635
series_1,2023-12-07 11:00:00,5.2624673600000005,8.326983408722954,3.0745929380862282,-7.738574219726631
series_1,2023-12-07 12:00:00,4.871063147999999,8.689250375759007,4.2206375266824505,-7.595346664964537
series_1,2023-12-07 13:00:00,4.324803288,7.7269528863528825,2.888943946902614,-7.166575456909101
series_1,2023-12-07 14:00:00,3.725721904,7.291311105528912,2.9825259378576923,-6.653401886825667
series_1,2023-12-07 15:00:00,3.881561804,6.554150232583003,1.8971576468527274,-6.273569807873031
series_1,2023-12-07 16:00:00,3.4176510280000003,7.710293428716415,5.010606143528787,-5.860243239946539
series_1,2023-12-07 17:00:00,3.498359692,6.726107869793904,3.37506635672021,-5.8180283742724095
series_1,2023-12-07 18:00:00,2.894028964,7.592572142749571,5.535305303478413,-5.196878576620832
series_1,2023-12-07 19:00:00,2.816929224,7.932649764828617,6.410356172592331,-4.672715059999155
series_1,2023-12-07 20:00:00,2.834317676,8.87578420680522,8.168813763024808,-3.471314879233722
series_1,2023-12-07 21:00:00,2.895013216,9.712648921183678,8.827865081534181,-4.050228039061504
series_1,2023-12-07 22:00:00,2.842519776,9.58109531987676,8.600955401336366,-4.221487144690499
series_1,2023-12-07 23:00:00,3.166994852,9.435009560068721,8.516642928088784,-4.060320016208511
series_1,2023-12-08 00:00:00,3.446194336,8.987248082435064,7.32745381242131,-5.203753330247806
series_1,2023-12-08 01:00:00,3.515091976,8.988263179293076,8.012245964227269,-4.073424798490765
series_1,2023-12-08 02:00:00,3.45800536,7.799159987805071,6.205680867350173,-4.724025982992007
series_1,2023-12-08 03:00:00,3.079724508,7.206098197484145,4.868127360815666,-5.313114644976348
series_1,2023-12-08 04:00:00,2.963254688,7.508886707625051,4.640210069911277,-5.903543858992001
series_1,2023-12-08 05:00:00,2.970144452,8.583741441649138,6.870118348316193,-5.146075302326424
series_1,2023-12-08 06:00:00,3.2165355360000003,9.030711655972116,7.348629128811022,-5.248943030792084
series_1,2023-12-08 07:00:00,3.087598524,7.335521854483865,6.023392332948379,-4.186720157950502
series_1,2023-12-08 08:00:00,3.133530284,7.445011741064748,5.852436649555072,-4.601867565188785
series_1,2023-12-08 09:00:00,3.291994856,6.610312268908357,4.822143780487824,-4.521411024534593
series_1,2023-12-08 10:00:00,3.383530292,7.390673792451127,4.609988215850282,-5.776683110241159
series_1,2023-12-08 11:00:00,3.6745408,8.336374984828154,3.6392077248069974,-7.500087667712538
series_1,2023-12-08 12:00:00,4.006233724,8.24509197108615,3.8647219172913863,-7.283231845388207
series_1,2023-12-08 13:00:00,4.013451572,7.49278262209507,4.446485688871575,-6.030800646732583
series_1,2023-12-08 14:00:00,3.474081476,6.738328816095716,3.768778906529392,-5.585819616450662
series_1,2023-12-08 15:00:00,3.173884616,5.22183000716304,2.6246519540797637,-4.51427854076968
series_1,2023-12-08 16:00:00,3.04625994,5.673900916071577,3.849314991976998,-4.1684440380001515
series_1,2023-12-08 17:00:00,2.882874108,5.796247280176085,3.8743720169860265,-4.311116329553668
series_1,2023-12-08 18:00:00,2.916338676,6.091246000728231,4.561450053364049,-4.0368863313267545
series_1,2023-12-08 19:00:00,2.88877962,6.040469583103734,4.396991483513921,-4.141707217839939
series_1,2023-12-08 20:00:00,2.67552502,6.448876055713261,5.236786753774294,-3.7635178858942493
series_1,2023-12-08 21:00:00,2.464895092,6.843777606559529,6.293622455095138,-2.6884211576254065
series_1,2023-12-08 22:00:00,2.073162796,6.8327351414046555,5.815254840341631,-3.5873500880830305
series_1,2023-12-08 23:00:00,2.120078808,6.014342528053084,4.115446073720429,-4.385820294887498
series_1,2023-12-09 00:00:00,2.2719817,5.837256695035148,3.7967370133614895,-4.433774213365351
series_1,2023-12-09 01:00:00,2.082349148,5.821992088920993,4.053504106041672,-4.1790784086640365
series_1,2023-12-09 02:00:00,2.112532876,4.52375896347101,3.6911285507656793,-2.6153327094858807
series_1,2023-12-09 03:00:00,1.961614236,4.58038012173431,3.9490304762956243,-2.3205689726588967
series_1,2023-12-09 04:00:00,1.7408137039999998,3.639532898274991,3.171952336657379,-1.7846338816686604
series_1,2023-12-09 05:00:00,1.78969822,4.786116523316045,4.628308702073909,-1.2188806065672697
series_1,2023-12-09 06:00:00,1.613189028,5.138640440035579,4.55164539231081,-2.384984233621853
series_1,2023-12-09 07:00:00,1.6984908680000002,4.352029842322308,3.7277559986684716,-2.2458848952818475
series_1,2023-12-09 08:00:00,1.305446236,4.553325548068753,4.415089121042834,-1.113445822635674
series_1,2023-12-09 09:00:00,1.391732328,4.125817280229652,3.743551771708278,-1.734412973423983
series_1,2023-12-09 10:00:00,1.390419992,3.0831116230896076,2.228689205205725,-2.1303806483888525
series_1,2023-12-09 11:00:00,1.472769076,1.7302808746706597,1.6624584364505397,0.47969141364578305
series_1,2023-12-09 12:00:00,1.526902936,3.0718606859964646,0.8799668891168503,2.9431252688644913
series_1,2023-12-09 13:00:00,1.4757218319999998,3.911053112017368,0.28462977967361064,3.9006822907721785
series_1,2023-12-09 14:00:00,1.444553852,4.261614303748916,0.21025513334446327,4.256424468121061
series_1,2023-12-09 15:00:00,1.441273012,5.537669854946526,0.5172932167017528,5.513455826461098
series_1,2023-12-09 16:00:00,1.383858312,5.680033429575675,1.1488516915944806,5.562636025466497
series_1,2023-12-09 17:00:00,1.824475124,6.0178488807026325,0.5426531213143805,5.993332356953157
series_1,2023-12-09 18:00:00,2.142060436,5.712855925111959,-0.31106144985430184,5.704381087857065
series_1,2023-12-09 19:00:00,2.43110244,5.951201571236001,-0.6003681947482469,5.920841002105746
series_1,2023-12-09 20:00:00,2.5954725240000003,6.286708894334021,-1.322832863789822,6.145959805968154
series_1,2023-12-09 21:00:00,2.55413394,7.083376815302688,-1.055941566272545,7.004228331242888
series_1,2023-12-09 22:00:00,2.956693008,7.091549149217828,-1.261288285363789,6.978482728858485
series_1,2023-12-09 23:00:00,3.114829496,7.741779538786319,-2.0207448162233512,7.473402224882384
series_1,2023-12-10 00:00:00,3.314632652,8.02714869809005,-3.0339289407364705,7.431715239687973
series_1,2023-12-10 01:00:00,3.42519696,8.611202572381313,-3.3862962568553865,7.917436921339742
series_1,2023-12-10 02:00:00,3.798556552,8.865317506045534,-4.637802722117347,7.555437802915084
series_1,2023-12-10 03:00:00,4.436351848,8.129402591290019,-3.895224549950253,7.135433567537274
series_1,2023-12-10 04:00:00,4.03871404,7.46244807675774,-4.116271737231232,6.2245030551504
series_1,2023-12-10 05:00:00,4.416666808,7.83576087603121,-4.674267948129369,6.288908303945276
series_1,2023-12-10 06:00:00,4.514107756,7.903423597527504,-4.94170289677288,6.167955661479833
series_1,2023-12-10 07:00:00,4.61614188,6.570117251118468,-3.9434170467552354,5.255083509213218
series_1,2023-12-10 08:00:00,5.10498704,6.5124457842429395,-4.082256478609165,5.074163195597589
series_1,2023-12-10 09:00:00,4.594488336,5.937322180718984,0.5138348805200449,5.915045933314346
series_1,2023-12-10 10:00:00,4.377952896,5.044416377052323,2.002224945038326,4.630035837284627
series_1,2023-12-10 11:00:00,4.38976392,5.297218655937754,2.163786995874363,4.835137156823991
series_1,2023-12-10 12:00:00,4.326115624,5.129587191879001,1.203516568068311,4.986402774493269
series_1,2023-12-10 13:00:00,3.881561804,4.417679439581869,-0.7562793320298713,4.352462889313226
series_1,2023-12-10 14:00:00,3.638123476,4.659991045834158,-2.235570556547085,4.088733402161883
series_1,2023-12-10 15:00:00,3.74507886,5.153701270768406,0.2256508765338851,5.148758925240078
series_1,2023-12-10 16:00:00,3.398294072,5.456113499768338,-0.3541238603551524,5.444609335285817
series_1,2023-12-10 17:00:00,3.303149712,6.434332812505587,0.12497760727889173,6.433118943387018
series_1,2023-12-10 18:00:00,3.632217964,6.90763040723577,1.371040946655763,6.770199743402072
series_1,2023-12-10 19:00:00,3.784777024,8.345551097566418,0.520989884871001,8.329273237321138
series_1,2023-12-10 20:00:00,3.821850516,8.744098577768588,-0.12986101008416276,8.743134223823546
series_1,2023-12-10 21:00:00,4.050525064,10.15620465696543,-0.2646105627188361,10.15275697947429
series_1,2023-12-10 22:00:00,4.479658936,10.570166463787531,-0.45681432312719755,10.560290703686356
series_1,2023-12-10 23:00:00,4.500984396,10.588050656753197,1.0250632309448964,10.538314005690692
series_1,2023-12-11 00:00:00,5.00820226,11.58460057601133,-0.9217528788458741,11.547871757863497
series_1,2023-12-11 01:00:00,5.689304644,12.577438865921026,-2.5043186741618104,12.325597608401193
series_1,2023-12-11 02:00:00,5.38713928,12.019940043589774,-1.13899806246387,11.965853169130751
series_1,2023-12-11 03:00:00,6.617782364,11.002285195821933,-0.8660022376092084,10.968150238515989
series_1,2023-12-11 04:00:00,6.41076136,10.549181185345219,-2.4761597666123807,10.254455445875791
series_1,2023-12-11 05:00:00,6.869422792,11.843651419295204,-0.7928194523012534,11.817085776866733
series_1,2023-12-11 06:00:00,7.473425435999999,14.283883286507407,-1.4066502149301212,14.214452395903358
series_1,2023-12-11 07:00:00,9.522966184,14.221243870881363,-1.4404680785527044,14.14810336934783
series_1,2023-12-11 08:00:00,10.002296908,14.509823760346023,-2.783688453431191,14.240297193195648
series_1,2023-12-11 09:00:00,11.358596164,14.609953206113179,-2.0162334820992807,14.470160166027139
series_1,2023-12-11 10:00:00,11.276903248,13.738073349233431,-2.9128914082910793,13.425711265792286
series_1,2023-12-11 11:00:00,11.796916388,13.354250946969723,-3.7123298293552054,12.82788468893922
series_1,2023-12-11 12:00:00,12.759842928,12.205577049637256,-3.239858770928275,11.767728168982782
series_1,2023-12-11 13:00:00,12.406824544,14.307654076919311,-4.29174475833418,13.648805519681819
series_1,2023-12-11 14:00:00,13.051509604,14.656825560623968,-4.169649369366811,14.051212034949122
series_1,2023-12-11 15:00:00,14.526575267999998,16.48742184796805,-3.8499039007991294,16.03163494929528
series_1,2023-12-11 16:00:00,16.357283988,16.3851891714779,-0.9139479952561925,16.359679802706527
series_1,2023-12-11 17:00:00,16.734252504,14.966096106713557,-0.6135916423268567,14.953512563001823
series_1,2023-12-11 18:00:00,8.627339388303975,13.054368631925923,13.018729579335197,-0.9639608489738207
series_1,2023-12-11 19:00:00,15.264764268,12.942148733632322,11.777826982752904,-5.364886336894598
series_1,2023-12-11 20:00:00,14.020997824,12.879215733770211,11.307109262273116,-6.166318030073673
series_1,2023-12-11 21:00:00,13.982611996,10.831623098934767,10.095910019053797,-3.923857775779643
series_1,2023-12-11 22:00:00,12.394029268,8.817724818905289,8.554731642838146,-2.1374839182932037
series_1,2023-12-11 23:00:00,12.157480704,9.437530004339681,8.722004489362053,-3.604665070482965
series_1,2023-12-12 00:00:00,12.299212992,9.703454354598513,8.809084994672348,-4.069035262616352
series_1,2023-12-12 01:00:00,12.214239236,10.194726137829173,9.416914702625274,-3.9056572441545994
series_1,2023-12-12 02:00:00,12.658793056,11.065038014884014,9.8545750181836,-5.032138460120118
series_1,2023-12-12 03:00:00,13.9025595,10.90034126401445,9.066282488858318,-6.051442927451034
series_1,2023-12-12 04:00:00,13.421260272,10.007827432075903,9.585763440747881,-2.875717157203107
series_1,2023-12-12 05:00:00,13.601378388,9.57016126460125,8.404196654085396,-4.577932418672652
series_1,2023-12-12 06:00:00,11.92421298,10.60052113911667,9.593112561318723,-4.510348080439949
series_1,2023-12-12 07:00:00,12.97900304,11.171735975858537,9.21273055109389,-6.319278479955855
series_1,2023-12-12 08:00:00,11.52887176,12.301076545729476,10.15539234040974,-6.941504923015106
series_1,2023-12-12 09:00:00,11.162401932,11.003830168538148,8.89443542041347,-6.478680184275537
series_1,2023-12-12 10:00:00,11.585630292,11.054907641808523,10.649615779537404,-2.9659175169151966
series_1,2023-12-12 11:00:00,10.50853052,10.522982478953011,9.675245189756458,-4.137969401825803
series_1,2023-12-12 12:00:00,10.373031828,9.847682217885174,9.55465132129598,-2.384425128392342
series_1,2023-12-12 13:00:00,9.770013436,8.38019788101769,7.71985954503738,-3.260595824371465
series_1,2023-12-12 14:00:00,9.68832052,7.611824024021391,7.237491169122153,-2.3576654872029756
series_1,2023-12-12 15:00:00,10.062664364,7.3330210412133345,7.3120382137794975,-0.5543417277328463
series_1,2023-12-12 16:00:00,8.507546204,6.988087287528367,6.969317560312022,0.5118365770849611
series_1,2023-12-12 17:00:00,9.792979316,6.073802677472942,6.07374142742904,0.0272770528051815
series_1,2023-12-12 18:00:00,8.883202383999999,5.495173084646539,4.592538299587612,3.0175352851366437
series_1,2023-12-12 19:00:00,8.51706064,6.300534109198802,5.4324755214804075,3.191385243071372
series_1,2023-12-12 20:00:00,7.917651172,7.621614643033218,6.850184442148876,3.3412546858088903
series_1,2023-12-12 21:00:00,8.399934651999999,8.312030860368134,7.978653040884831,2.3304404469738
series_1,2023-12-12 22:00:00,7.143701016,9.036435335316686,8.212247637086032,3.770431317042504
series_1,2023-12-12 23:00:00,7.415026484,9.157025523520153,6.714450224589031,6.226337175251259
series_1,2023-12-13 00:00:00,6.609580264000001,10.422212532012152,5.903393367701002,8.589089637942717
series_1,2023-12-13 01:00:00,6.836614392,11.693361140392142,7.53976399864737,8.937933407915615
series_1,2023-12-13 02:00:00,7.565945124,11.645022235935453,8.88991492310419,7.5216989793131575
series_1,2023-12-13 03:00:00,8.637853761963719,10.784149027614234,8.483571486653457,6.657843876258552
series_1,2023-12-13 04:00:00,8.098425456,10.77415681360884,8.977822673520071,5.956606004014594
series_1,2023-12-13 05:00:00,8.928149891999999,10.26115088160464,9.41005550850508,4.091707802606253
series_1,2023-12-13 06:00:00,8.717519964,10.05140255553465,8.74315940427378,4.958614419862416
series_1,2023-12-13 07:00:00,8.972769316,10.482292396416868,8.98915763641692,5.391984687629062
series_1,2023-12-13 08:00:00,8.929134144,9.083576546658334,7.528112667577556,5.08319609529867
series_1,2023-12-13 09:00:00,9.090879556,8.570455642741017,7.160983699259173,4.708823885338646
series_1,2023-12-13 10:00:00,8.822506844,9.006971997829345,7.72728350671628,4.627594858726558
series_1,2023-12-13 11:00:00,8.271325724,8.171472144951274,7.776726295443915,2.509080537062477
series_1,2023-12-13 12:00:00,8.055774536,8.412817034715255,8.215992255032365,1.809132865447804
series_1,2023-12-13 13:00:00,7.822178728,8.027091892435804,7.930505581265673,1.2414851892481926
series_1,2023-12-13 14:00:00,8.061680048,8.173370486383417,7.898161813737159,-2.1030989210466626
series_1,2023-12-13 15:00:00,7.675853264,7.121624365722949,6.867102016732682,-1.8869137495510317
series_1,2023-12-13 16:00:00,7.457021236,7.347134067452658,6.808792571263269,-2.760565653382213
series_1,2023-12-13 17:00:00,7.268372936,7.830819629477587,6.987772321479626,-3.5345118549206678
series_1,2023-12-13 18:00:00,6.886811244,7.895988463788157,6.871599944672446,-3.889440579396129
series_1,2023-12-13 19:00:00,7.319225956,10.65417551825924,10.61445845562195,0.91909067438977
series_1,2023-12-13 20:00:00,7.397966116,11.716547276354047,11.582782345859611,1.765398880559966
series_1,2023-12-13 21:00:00,7.403543544000001,13.240634386977156,8.158620983589367,-10.428389262764274
series_1,2023-12-13 22:00:00,6.91929156,12.367411860140036,8.58701003884288,-8.900344640020633
series_1,2023-12-13 23:00:00,7.07349104,12.34800129562798,9.770306171048984,-7.550778325496812
series_1,2023-12-14 00:00:00,6.849081584,13.017142756584766,10.30365467819112,-7.954917084288027
series_1,2023-12-14 01:00:00,8.317585568,13.306232300766297,10.933519822273034,-7.583796037468241
series_1,2023-12-14 02:00:00,8.324147248,13.274695079195928,9.80772211661012,-8.945731738040509
series_1,2023-12-14 03:00:00,7.854002876,14.180559022551181,9.137889508809222,-10.843764545435873
series_1,2023-12-14 04:00:00,8.80577456,13.2020780271726,7.334205992588689,-10.97744445186719
series_1,2023-12-14 05:00:00,7.601050112,11.940792069691415,7.775257463219789,-9.062443745053008
series_1,2023-12-14 06:00:00,8.254921523999998,12.173602077465976,7.999724079206896,-9.17611040675957
series_1,2023-12-14 07:00:00,7.305774511999999,14.420927089712983,10.500068397839245,-9.88492295202726
series_1,2023-12-14 08:00:00,8.473425468,12.721523097345823,5.922770595012956,-11.258682800183738
series_1,2023-12-14 09:00:00,8.339895279999999,11.064680069327185,5.737853661886803,-9.460664902179891
series_1,2023-12-14 10:00:00,7.700787647999999,12.526039149818143,7.988466441834195,-9.648111768137106
series_1,2023-12-14 11:00:00,8.269685304,12.126337385437202,6.204951714638244,-10.418571524180264
series_1,2023-12-14 12:00:00,8.540682688,12.308410002518617,6.133920834948651,-10.671081106461669
series_1,2023-12-14 13:00:00,8.677493715999999,11.04130087067043,5.896938715308637,-9.334690070085976
series_1,2023-12-14 14:00:00,7.446522547999999,10.26618376730385,6.861015595125638,-7.6368183262073135
series_1,2023-12-14 15:00:00,6.42060388,10.878116045217507,6.021413316500929,-9.059580032489578
series_1,2023-12-14 16:00:00,5.854330896,9.872131060269048,5.5164763542686766,-8.187030005070426
series_1,2023-12-14 17:00:00,5.365157652,9.15033814133387,6.364972155437622,-6.573873862590698
series_1,2023-12-14 18:00:00,5.069882052,8.756582726257482,5.6893965687451695,-6.656463605048978
series_1,2023-12-14 19:00:00,4.495406968,8.129718343093858,5.450613557437974,-6.031843183100012
series_1,2023-12-14 20:00:00,4.480315104,7.846895284544566,6.10901512680285,-4.924804543035356
series_1,2023-12-14 21:00:00,4.104330839999999,8.147017046388568,7.319268857699907,-3.5780148326761023
series_1,2023-12-14 22:00:00,3.916010624,8.37911971060958,7.946406015048183,-2.6578710594632007
series_1,2023-12-14 23:00:00,3.7647639,8.29288606080007,8.121802754652206,-1.6757921207405
series_1,2023-12-15 00:00:00,3.504593288,8.787726888063201,8.51978114742802,-2.1534792915463687
series_1,2023-12-15 01:00:00,3.619422688,8.661623749100253,8.465968192178597,1.8306033267744768
series_1,2023-12-15 02:00:00,3.484908248,8.711680362443252,7.649029115553093,4.169619686110529
series_1,2023-12-15 03:00:00,3.201443672,8.716960661821975,7.84739452725994,3.795234157898896
series_1,2023-12-15 04:00:00,3.461942368,8.293668471386631,7.092757784227369,4.298572289441544
series_1,2023-12-15 05:00:00,4.345144496,9.293181091219337,7.176202682047242,5.904687109438957
series_1,2023-12-15 06:00:00,4.596128756,9.463277855682358,8.334749331557214,4.481694027257402
series_1,2023-12-15 07:00:00,4.90157496,10.72062196897435,9.652594214045683,4.66467151476149
series_1,2023-12-15 08:00:00,6.480643252,10.63063041972844,9.601688536022612,4.562661545421447
series_1,2023-12-15 09:00:00,6.930774499999999,11.486483427318845,10.014519272597118,5.625718199914691
series_1,2023-12-15 10:00:00,7.846785028,12.167173511077543,9.418505463362694,7.702718097222184
series_1,2023-12-15 11:00:00,8.247047508,11.795885130242588,9.966688884043712,6.309359610495957
series_1,2023-12-15 12:00:00,8.25787428,10.884700011810226,9.171967334825535,5.861033147491568
series_1,2023-12-15 13:00:00,7.621719404,10.512095761818266,9.121111313655858,5.225847845999408
series_1,2023-12-15 14:00:00,7.9314307,9.936221387492752,7.981703400507896,5.91784642311619
series_1,2023-12-15 15:00:00,8.959974039999999,9.72964119350093,8.381483446369378,4.941320976470391
series_1,2023-12-15 16:00:00,8.418307356,9.149498979448483,8.323591251626983,3.79883669703866
series_1,2023-12-15 17:00:00,8.878609208,9.529402048980174,8.83581600508714,3.5690137202529004
series_1,2023-12-15 18:00:00,8.03641758,8.121129857467798,7.641513677002939,2.7495488513630666
series_1,2023-12-15 19:00:00,8.212926772,8.716324646418762,8.380695835120907,2.3954650197726193
series_1,2023-12-15 20:00:00,7.379593411999999,7.802312152495083,7.514405734885994,2.0999479461369854
series_1,2023-12-15 21:00:00,6.877952976,6.92226400716499,6.5184344033186985,2.329753616699221
series_1,2023-12-15 22:00:00,6.621719372,6.828355001852708,6.217903445507322,2.822075260101169
series_1,2023-12-15 23:00:00,5.891732472,7.327406949126419,7.16028397090317,1.5560289374344143
series_1,2023-12-16 00:00:00,6.095144552,6.219398542809257,5.715175890596472,-2.453096568389173
series_1,2023-12-16 01:00:00,5.167323,5.91006666000669,5.595855967447091,-1.9013899961105847
series_1,2023-12-16 02:00:00,5.053805936,6.466949058308679,3.8569266635726738,-5.190910019888775
series_1,2023-12-16 03:00:00,4.931758688,5.639594628615837,3.2496408590660506,-4.60921488566123
series_1,2023-12-16 04:00:00,5.02624688,4.244998143957658,3.0218271790471043,-2.981370446988462
series_1,2023-12-16 05:00:00,4.50459332,2.8615956259691053,2.7630215471060753,-0.7446082572689245
series_1,2023-12-16 06:00:00,4.307086752,3.459747751684939,3.3198562217495935,-0.9738630151101859
series_1,2023-12-16 07:00:00,3.928149732,3.6819483097771952,3.4681571560336,-1.2363774896543838
series_1,2023-12-16 08:00:00,3.4297901360000003,4.093074312146781,3.1144138629313307,-2.6558771837449466
series_1,2023-12-16 09:00:00,3.110564404,4.315993979936195,3.022433631859399,-3.0810223913257557
series_1,2023-12-16 10:00:00,2.996391172,6.242237804844381,3.468450585317877,-5.189930958060663
series_1,2023-12-16 11:00:00,2.908136576,7.645537524151776,1.5767262495773315,-7.481188299134481
series_1,2023-12-16 12:00:00,3.13648304,9.941954123762372,-0.34378390263687963,-9.936008475604446
series_1,2023-12-16 13:00:00,3.7975723,9.694324188150405,-0.12042917102014705,-9.693576134725792
series_1,2023-12-16 14:00:00,4.404199616,10.728158569004794,-0.5192050084584725,-10.715587358652003
series_1,2023-12-16 15:00:00,8.663898897578882,9.948054430376486,-3.1835754751810934,-9.424894383681904
series_1,2023-12-16 16:00:00,4.497703556,8.913704941528765,-4.016989569524387,-7.957256473368607
series_1,2023-12-16 17:00:00,4.583005396,7.184168424799295,-2.390826671893492,-6.774675178991674
series_1,2023-12-16 18:00:00,3.9206038,7.874733745917363,-4.325548326400334,-6.580354340388136
series_1,2023-12-16 19:00:00,3.333989608,7.427684591221233,-3.998844263378966,-6.259372408149756
series_1,2023-12-16 20:00:00,2.950131328,7.061592567021355,-3.186533677872845,-6.30175314514885
series_1,2023-12-16 21:00:00,2.673228432,7.337766530514504,-3.723544889326443,-6.322818288825781
series_1,2023-12-16 22:00:00,2.537073572,6.707425180537689,-4.4964317705986545,-4.977113007041542
series_1,2023-12-16 23:00:00,2.528543388,6.6285546820845935,-5.0495058947781235,-4.294208587386803
series_1,2023-12-17 00:00:00,2.643044704,6.746713483036113,-6.0641596153162975,-2.9570442983067027
series_1,2023-12-17 01:00:00,2.387467268,7.288552542437919,-6.580824248359633,-3.1330097950820575
series_1,2023-12-17 02:00:00,2.3950132,6.725898341696111,-6.70875359908757,0.4799308799817651
series_1,2023-12-17 03:00:00,2.104330776,7.265592443302358,-7.26541834619581,-0.05029718614067269
series_1,2023-12-17 04:00:00,2.26870086,7.5055856444200675,-7.355460525965557,1.493658701540309
series_1,2023-12-17 05:00:00,2.40485572,7.134910558027564,-6.721752165229367,2.3926964914688886
series_1,2023-12-17 06:00:00,2.28510506,7.471811714006008,-6.328598219102778,3.972003886041218
series_1,2023-12-17 07:00:00,2.497375408,8.03843199229812,-6.643410729159397,4.525647222054733
series_1,2023-12-17 08:00:00,2.70341216,8.320586991635178,-6.351167073754901,5.375392514656036
series_1,2023-12-17 09:00:00,2.834317676,8.253089415124123,-4.149968414705023,7.133810135613684
series_1,2023-12-17 10:00:00,3.0452756880000003,8.145015562363655,-4.452690052910678,6.820178135786223
series_1,2023-12-17 11:00:00,3.606627412,8.31424392665169,-4.057977306322699,7.256684659900447
series_1,2023-12-17 12:00:00,4.02230984,7.966521332314468,-2.8923305345677055,7.422929759672307
series_1,2023-12-17 13:00:00,4.706693064,7.6957399334879275,-4.0112478117806685,6.567671133390097
series_1,2023-12-17 14:00:00,4.485564448,9.258835616037528,-6.640518841238304,6.452096286011556
series_1,2023-12-17 15:00:00,4.7818243,9.504234944074803,-6.122585610183958,7.269417261248724
series_1,2023-12-17 16:00:00,4.88517076,9.682388723587893,-7.390971797827424,6.254773159626307
series_1,2023-12-17 17:00:00,5.587270520000001,9.546338971775231,-7.41797855097436,6.0088419833873905
series_1,2023-12-17 18:00:00,5.396653716,8.985394174855935,-6.815890445335048,5.854993246343276
series_1,2023-12-17 19:00:00,5.825459504,10.113111536507736,-8.438672824491372,5.573493151609382
series_1,2023-12-17 20:00:00,6.606627508,10.041425472933453,-8.200770341167907,5.794617445517664
series_1,2023-12-17 21:00:00,6.0374017680000005,10.378568160907154,-8.452255821139444,6.0227940861870835
series_1,2023-12-17 22:00:00,5.899278404,10.07087918598685,-7.912552421874498,6.230098052986901
series_1,2023-12-17 23:00:00,6.233924084,10.094628429791246,-7.4603869603337225,6.8003051062163555
series_1,2023-12-18 00:00:00,7.048884739999999,9.16718685262545,-7.031272392847182,5.8820509457615175
series_1,2023-12-18 01:00:00,7.005577652,9.437514693760939,-6.79613823227245,6.548220271401865
series_1,2023-12-18 02:00:00,7.209645899999999,10.115808941498358,-6.326890628481542,7.893037787577769
series_1,2023-12-18 03:00:00,7.535761396,10.866870233792262,-6.678384785738352,8.572516860974892
series_1,2023-12-18 04:00:00,7.337926744000001,13.175398127335287,-7.234140733910822,11.011735724024726
series_1,2023-12-18 05:00:00,7.112861120000001,12.400531957748568,-7.030162542880696,10.215185140555247
series_1,2023-12-18 06:00:00,7.554462184,10.616232251949654,-7.2233317144914455,7.779965692068194
series_1,2023-12-18 07:00:00,7.46227058,11.293024529772083,-8.38403944193448,7.565731006725057
series_1,2023-12-18 08:00:00,6.903215444,11.709671807267586,-8.041841983530807,8.511474099463538
series_1,2023-12-18 09:00:00,7.833333584,13.220764434754544,-9.65291972242614,9.033811657969581
series_1,2023-12-18 10:00:00,8.286417588,12.993080000950584,-9.85077624937548,8.472445644313215
series_1,2023-12-18 11:00:00,9.354331008,13.840789803810326,-10.091833437493541,9.472188778901483
series_1,2023-12-18 12:00:00,11.095472796,13.359265913262163,-9.394617503918647,9.497954921787834
series_1,2023-12-18 13:00:00,10.937008224,14.504123676122143,-11.611652526130866,8.691324940689167
series_1,2023-12-18 14:00:00,11.901903268,15.425086607901061,-11.555090872785728,10.218276360664387
series_1,2023-12-18 15:00:00,12.7214571,17.320544465211096,-11.290219387545841,13.135151569450532
series_1,2023-12-18 16:00:00,12.369422968,17.939977333106018,-10.905177661375141,14.244995152200026
series_1,2023-12-18 17:00:00,14.2306435,19.150960860581087,-11.91490971019398,14.99313938044444
series_1,2023-12-18 18:00:00,16.097769544,19.355660420674877,-10.319833841912136,16.37506090968229
series_1,2023-12-18 19:00:00,16.528215751999998,19.264983578951558,-10.588141968322564,16.094435123853202
series_1,2023-12-18 20:00:00,18.331037332,20.28658380026889,-9.682454463937667,17.826821304963644
series_1,2023-12-18 21:00:00,21.201444248,20.182022718680425,-10.176298008624645,17.428625874032495
series_1,2023-12-18 22:00:00,22.136155564,18.366576071727412,-7.81621260918171,16.620407246713867
series_1,2023-12-18 23:00:00,26.8372712,19.30753730591624,-6.531714337167575,18.169141549258374
series_1,2023-12-19 00:00:00,29.531168924,17.840677266689134,1.0344225189463279,17.81066353021288
series_1,2023-12-19 01:00:00,29.389436636000003,17.241735836800082,4.936762993312142,16.519861555529452
series_1,2023-12-19 02:00:00,26.35006646,16.15382253590411,5.796332109002052,15.078080667102006
series_1,2023-12-19 03:00:00,27.279200348,13.202925981645775,7.448752003553003,10.901070959606775
series_1,2023-12-19 04:00:00,22.379921976,11.775462204963427,7.103748279622797,9.391393428042417
series_1,2023-12-19 05:00:00,23.874016512,11.600112478679126,8.021508278152787,8.379618992623321
series_1,2023-12-19 06:00:00,21.989173932,10.729979440847657,5.9595187531826666,8.92281317923207
series_1,2023-12-19 07:00:00,21.979331412,9.474365414360522,7.315102499841144,6.021036075431594
series_1,2023-12-19 08:00:00,24.48983018,8.47305684905541,7.917802775127792,3.016801548246659
series_1,2023-12-19 09:00:00,22.4409456,7.017275564147534,4.45362062103614,5.422860841572809
series_1,2023-12-19 10:00:00,24.82447586,6.124148224360338,3.001225677335548,5.33833643634772
series_1,2023-12-19 11:00:00,19.915683052,5.027273284015028,-0.6910907609281309,4.979545183280399
series_1,2023-12-19 12:00:00,18.86811084,9.297370566354559,-4.011030902055009,8.38765345915506
series_1,2023-12-19 13:00:00,20.066929776,9.45646852303828,-3.047919674343886,8.951814485676145
series_1,2023-12-19 14:00:00,15.274606788000002,6.848774897683067,-0.841659836801015,6.796861505007278
series_1,2023-12-19 15:00:00,17.726378519999997,6.940697072479053,0.5726369024274189,6.917034251028227
series_1,2023-12-19 16:00:00,17.017060911999998,6.962040227328781,3.5445072194277665,5.992200989483632
series_1,2023-12-19 17:00:00,15.832677672,7.6908943368233125,4.71374026705972,6.077047670940278
series_1,2023-12-19 18:00:00,14.639764248,7.444534603953297,4.942613792241989,5.567015750848684
series_1,2023-12-19 19:00:00,14.974738012,8.14828643912218,7.002701437480666,4.166142636959112
series_1,2023-12-19 20:00:00,17.0275596,8.993637925070756,8.065299104739776,3.979506687813803
series_1,2023-12-19 21:00:00,13.196194648,7.532370813798175,6.6817759094798825,3.4771368641531595
series_1,2023-12-19 22:00:00,15.453412568,5.702237312424964,4.66928267348896,3.273119258790806
series_1,2023-12-19 23:00:00,16.060367968,4.226646227285911,2.297822153554317,3.5474711670801815
series_1,2023-12-20 00:00:00,14.542979468,4.082646327224484,3.3296463705674264,2.362510546043496
series_1,2023-12-20 01:00:00,13.770669732,3.9523096466407086,3.868965053005042,0.8073790693069116
series_1,2023-12-20 02:00:00,13.414042423999998,3.952463832776118,3.3717580567783783,2.0623331340870643
series_1,2023-12-20 03:00:00,13.21686394,3.8479437912184866,3.825391246214776,-0.41599667517933925
series_1,2023-12-20 04:00:00,12.83136524,5.393897401217704,2.487250858834405,-4.786200198496781
series_1,2023-12-20 05:00:00,14.7473758,7.964773248757216,-0.9780607570060154,-7.904493029899096
series_1,2023-12-20 06:00:00,11.293963616,8.83320159301475,-1.4875175327020047,-8.707051278862577
series_1,2023-12-20 07:00:00,12.428478088,9.794580498086475,-2.87676968402819,-9.362585290321912
series_1,2023-12-20 08:00:00,11.604002996,9.475169561498303,-3.5461179898908495,-8.786574157253579
series_1,2023-12-20 09:00:00,10.96128644,10.511495475172477,-2.8875125211456387,-10.10711672856303
series_1,2023-12-20 10:00:00,13.205381,9.777692395670588,-2.762313653695211,-9.379386539799043
series_1,2023-12-20 11:00:00,11.3353022,10.830926926789259,-2.9928990492696235,-10.409204262302167
series_1,2023-12-20 12:00:00,10.4822838,11.231749926441664,-2.7617513284029744,-10.886915817171856
series_1,2023-12-20 13:00:00,10.56102396,10.83240326035846,-1.8268305818698767,-10.677249197249708
series_1,2023-12-20 14:00:00,10.5150922,12.554669887051368,-3.067055126206238,-12.174272414631046
series_1,2023-12-20 15:00:00,10.48556464,11.49857442414614,-2.7200346070048673,-11.172225629852075
series_1,2023-12-20 16:00:00,10.91535468,9.61605211961828,-1.201552438481527,-9.540688135810452
series_1,2023-12-20 17:00:00,9.24868796,9.90064044743019,-1.7370310539327019,-9.747071580067734
series_1,2023-12-20 18:00:00,9.68832052,10.081294121853654,0.07660561277364586,-10.081003062761791
series_1,2023-12-20 19:00:00,10.39042028,11.394946240431059,0.9102238118572429,-11.358533903398008
series_1,2023-12-20 20:00:00,10.82349116,11.697953230102604,1.2127929907027488,-11.634914822867
series_1,2023-12-20 21:00:00,9.95078772,12.806450209999152,1.9172250375646376,-12.662125221957119
series_1,2023-12-20 22:00:00,10.545275928,13.155217843798484,2.7451046100283234,-12.865619192164646
series_1,2023-12-20 23:00:00,10.280840224,14.238905296977833,1.4285995062720396,-14.167057828179523
series_1,2023-12-21 00:00:00,10.13123392,14.905025153071227,1.5223389934861478,-14.8270785660088
series_1,2023-12-21 01:00:00,9.929134176,14.260090952610868,1.5449008872365588,-14.176158690750821
series_1,2023-12-21 02:00:00,10.019029192,15.59462896192849,0.020390397482395295,-15.594615631425784
series_1,2023-12-21 03:00:00,11.12532844,15.357025861930902,-0.5270969526842908,-15.347977460450139
series_1,2023-12-21 04:00:00,12.552821924,15.463182173327104,-0.08998770201401135,-15.46292033022829
series_1,2023-12-21 05:00:00,12.81003978,14.964171584561184,1.252720002639205,-14.911643900226963
series_1,2023-12-21 06:00:00,13.160761576,15.492681147029867,0.7527752921901734,-15.474382006497146
series_1,2023-12-21 07:00:00,12.292651312,16.81176634769826,1.2784362455279838,-16.76308708131411
series_1,2023-12-21 08:00:00,12.455052892,17.266889502924034,-1.3936832032278506,-17.210552583668797
series_1,2023-12-21 09:00:00,12.637139512,16.815386838014632,1.3515192464523582,-16.76098536001224
series_1,2023-12-21 10:00:00,13.3530188,16.507620836142923,1.5165486888463222,-16.43781085620036
series_1,2023-12-21 11:00:00,13.473097544000002,18.109078983412115,2.259993891540823,-17.967503144222807
series_1,2023-12-21 12:00:00,12.95767758,17.066827377857493,2.5386948300863725,-16.876955451303377
series_1,2023-12-21 13:00:00,13.434711716,17.613631774878623,2.5264001903060653,-17.431503847328703
series_1,2023-12-21 14:00:00,13.262795700000002,17.146261599905717,2.5829426492893814,-16.950595686372893
series_1,2023-12-21 15:00:00,14.736877111999998,16.736457972102965,0.4430998621997311,-16.730591381182183
series_1,2023-12-21 16:00:00,14.226050324,16.824299442836395,0.9331405140666629,-16.798401725260426
series_1,2023-12-21 17:00:00,13.451115916,16.455929612359352,1.9425427544149279,-16.340873509521927
series_1,2023-12-21 18:00:00,13.93864874,15.808627479608743,3.080967199040222,-15.505493991081966
series_1,2023-12-21 19:00:00,12.846785188,14.473361073580458,2.7968513282132266,-14.200556447340576
series_1,2023-12-21 20:00:00,11.066601404,14.743389394119585,3.2215746989292016,-14.387111846574944
series_1,2023-12-21 21:00:00,12.011483324,14.549417427082373,2.398217464714237,-14.350404191500248
series_1,2023-12-21 22:00:00,13.091535852,15.710678607700828,1.9444951012199012,-15.589880086639546
series_1,2023-12-21 23:00:00,12.57217888,14.537754887395366,3.772526183665679,-14.039742282518747
series_1,2023-12-22 00:00:00,12.913058156,14.135370582727921,3.321939605575074,-13.739483933829597
series_1,2023-12-22 01:00:00,10.955052844,14.2208426404888,0.43706849500026035,-14.21412454343294
series_1,2023-12-22 02:00:00,11.45177202,14.51953608942401,3.1858594485519007,-14.165706047569914
series_1,2023-12-22 03:00:00,11.072835,14.444229254894418,2.0530638097368303,-14.297576289745638
series_1,2023-12-22 04:00:00,11.283464928,12.728309724553327,1.4880465616576726,-12.641027880457251
series_1,2023-12-22 05:00:00,10.663386168,12.970835892807383,3.488455751457367,-12.492928408834509
series_1,2023-12-22 06:00:00,10.911745756,12.669066057039533,2.3473248635450474,-12.449710869840088
series_1,2023-12-22 07:00:00,10.93503972,12.265891446418248,2.913806714733464,-11.91477332577043
series_1,2023-12-22 08:00:00,9.611548864,11.613124742163073,3.7907397055785745,-10.977019575530974
series_1,2023-12-22 09:00:00,9.168635464,12.198512780768946,4.991536812499287,-11.130510963655162
series_1,2023-12-22 10:00:00,9.390420248,11.788847560291176,3.270940131650895,-11.32598240573147
series_1,2023-12-22 11:00:00,9.920932076,11.740975111539434,2.3759222971382834,-11.498064611392197
series_1,2023-12-22 12:00:00,9.192257512,11.850717400750701,0.8597791989113419,-11.819487410271854
series_1,2023-12-22 13:00:00,8.17257244,11.211496182147453,1.0379331430160432,-11.163348128269392
series_1,2023-12-22 14:00:00,8.219488452,11.303299861848316,-0.8240523272997667,-11.273221612686056
series_1,2023-12-22 15:00:00,7.505577668,9.730285979127352,0.26841717124727243,-9.726583030940615
series_1,2023-12-22 16:00:00,6.796916228,9.304616834077066,1.3064904402954851,-9.212436005661415
series_1,2023-12-22 17:00:00,5.922900452,9.538811634054229,0.08032289199049625,-9.538473443009137
series_1,2023-12-22 18:00:00,5.704068424,8.687961942488284,1.2366322787534743,-8.59950134143078
series_1,2023-12-22 19:00:00,5.25262484,8.011076501139094,1.6918332143978305,-7.8303925241180155
series_1,2023-12-22 20:00:00,4.701771804,7.6706735224299765,2.2138087242649487,-7.344268732833562
series_1,2023-12-22 21:00:00,4.214567064,7.077604953353997,3.5534511295517373,-6.120904912317174
series_1,2023-12-22 22:00:00,3.703412192,6.792141521218221,2.5389912119970557,-6.299738889006297
series_1,2023-12-22 23:00:00,3.602034236,6.998797415835273,1.893911516811749,-6.737675002134661
series_1,2023-12-23 00:00:00,3.102362304,7.826729726663709,1.3835156549971295,-7.703478606877495
series_1,2023-12-23 01:00:00,3.253280944,8.103702875772344,1.6668812483901094,-7.93041658442773
series_1,2023-12-23 02:00:00,3.301181208,8.357051461002538,-0.3173475691940216,-8.351023867896156
series_1,2023-12-23 03:00:00,3.4652232080000003,7.937743973703305,-0.4318096693577663,-7.925990146443047
series_1,2023-12-23 04:00:00,3.212598528,6.784113872778444,-0.27473563339504686,-6.778548618293444
series_1,2023-12-23 05:00:00,3.113845244,5.749943300491577,0.21987548956262826,-5.74573778795705
series_1,2023-12-23 06:00:00,2.843175944,4.4506821072905085,0.5340729989457293,-4.418522066477998
series_1,2023-12-23 07:00:00,2.62959326,3.599212769179335,-0.4219917969214385,-3.5743888262407313
series_1,2023-12-23 08:00:00,2.187336028,3.4062290907541124,-0.16107369140906314,-3.4024185346067357
series_1,2023-12-23 09:00:00,2.239829468,3.09273922124272,-0.1979775419459105,-3.086396083379138
series_1,2023-12-23 10:00:00,2.12270348,1.8684497404555813,1.5657593443121072,-1.0195597620090004
series_1,2023-12-23 11:00:00,2.08989508,2.1600793690542246,1.2532984765879247,-1.7593140166542427
series_1,2023-12-23 12:00:00,1.933727096,1.7373440768148718,1.557393863699891,-0.7699927237017534
series_1,2023-12-23 13:00:00,1.704068296,0.9518302123103758,0.37318391757226127,0.875622359657538
series_1,2023-12-23 14:00:00,1.431430492,2.231525081673958,0.6253568260843136,2.1421094813780455
series_1,2023-12-23 15:00:00,1.364173272,2.7095718696380446,1.8199848042752769,2.007345268991085
series_1,2023-12-23 16:00:00,1.145669328,3.144237328972044,1.949489920459709,2.466924690971991
series_1,2023-12-23 17:00:00,1.144028908,3.697285539169029,1.7647209217221085,3.2489506654587244
series_1,2023-12-23 18:00:00,0.986876672,4.242797730286133,2.8803143813114365,3.115304422513421
series_1,2023-12-23 19:00:00,0.984252,4.578675965442173,1.3465362889399368,4.37619853515419
series_1,2023-12-23 20:00:00,0.91535436,4.949233642837325,1.6818467043172214,4.654707865652808
series_1,2023-12-23 21:00:00,1.17125988,5.047715057600984,2.950780975301508,4.0954021705481365
series_1,2023-12-23 22:00:00,1.193569592,4.978907376186136,2.8445607791309855,4.086317735378691
series_1,2023-12-23 23:00:00,1.330708704,5.240442748871033,2.5529841290880757,4.576517479571053
series_1,2023-12-24 00:00:00,1.609908188,4.678219402702562,1.9761920032211355,4.2403304053136655
series_1,2023-12-24 01:00:00,1.8454725,5.113399254769319,1.858490318599725,4.763702937248135
series_1,2023-12-24 02:00:00,1.889107672,5.680898820480241,3.1042674306316833,4.757744752259536
series_1,2023-12-24 03:00:00,2.18667986,5.427182611504922,3.1477180348362923,4.421106453342618
series_1,2023-12-24 04:00:00,2.46227042,5.631471810794823,3.5735505836229597,4.352379921613545
series_1,2023-12-24 05:00:00,2.208989572,5.270986590230033,3.7427928178231227,3.711441978158419
series_1,2023-12-24 06:00:00,2.54593184,5.646807901267345,3.8633723968839466,4.118348357874854
series_1,2023-12-24 07:00:00,2.4855643840000003,5.833052201646492,3.8400670771861414,4.390715525952926
series_1,2023-12-24 08:00:00,2.7670604560000003,5.462668815043469,3.180138545306429,4.441561596500124
series_1,2023-12-24 09:00:00,2.941601144,4.951491550073519,3.9626039562262405,2.9690130441865037
series_1,2023-12-24 10:00:00,2.618766488,4.8319855804183796,3.9411700551628797,2.7955792325846476
series_1,2023-12-24 11:00:00,2.787401664,4.450783628793074,3.296485023850631,2.9904282967262312
series_1,2023-12-24 12:00:00,2.593832104,4.486538696018394,3.5972505928757523,2.6811970541020447
series_1,2023-12-24 13:00:00,2.579396408,4.34951831041579,3.693197192251115,2.2975212799429525
series_1,2023-12-24 14:00:00,2.36548564,5.121728022899146,4.388348362805905,2.6409272211117676
series_1,2023-12-24 15:00:00,2.438976456,3.9159011432241795,3.497380565630495,1.7614229879999161
series_1,2023-12-24 16:00:00,2.14238852,4.035796429753611,3.459641360279397,2.0781083900162933
series_1,2023-12-24 17:00:00,2.142716604,3.6077623600961104,3.2237198850216444,1.6197466931104665
series_1,2023-12-24 18:00:00,1.973097176,3.1136530592587857,2.9785019686772287,0.9073926360828979
series_1,2023-12-24 19:00:00,1.75196856,3.4654301600506523,2.93920920318722,1.8358255511045263
series_1,2023-12-24 20:00:00,1.574475116,3.3647731233070637,3.0434746239378017,1.4349077966114159
series_1,2023-12-24 21:00:00,1.541010548,1.9149057931601516,1.6949798443217823,0.8910148842871346
series_1,2023-12-24 22:00:00,1.615157532,0.7313559457995904,0.2210905837257967,0.6971373417370497
series_1,2023-12-24 23:00:00,1.685367508,1.2016764934782571,0.4084593891564469,1.1301271266490962
series_1,2023-12-25 00:00:00,1.6791339120000002,1.0682508715689607,-0.0642708393574753,1.0663157055094565
series_1,2023-12-25 01:00:00,1.948162792,1.376129911215384,0.4294754174562121,1.3073960372979845
series_1,2023-12-25 02:00:00,1.86679796,1.0729573723741148,-0.37549388974381853,1.0051078856008553
series_1,2023-12-25 03:00:00,1.759514492,1.9040077158073765,-0.3254357276789441,1.8759895972537
series_1,2023-12-25 04:00:00,1.616469868,1.9135233473082907,-0.3633218223849076,1.8787146813906668
series_1,2023-12-25 05:00:00,1.572178528,1.8710649752536894,-0.36017033404970267,1.836072294897893
series_1,2023-12-25 06:00:00,1.638123412,2.3371864417463875,-0.597192466422169,2.25960209362882
series_1,2023-12-25 07:00:00,1.775590608,2.2517157329469826,-0.43699321651191114,2.2089048577798778
series_1,2023-12-25 08:00:00,1.5469160599999998,1.4281049477081005,-0.21082953508367974,1.4124569546732233
series_1,2023-12-25 09:00:00,1.5898950639999998,1.8168934468060816,-1.2599798684268897,1.3090273214130566
series_1,2023-12-25 10:00:00,1.46653548,2.13829836846393,-1.5383944754222543,1.485147248782353
series_1,2023-12-25 11:00:00,1.568569604,2.7033729653226963,0.028944620499538,2.703218007964168
series_1,2023-12-25 12:00:00,1.7011155399999998,2.2925340986711356,-0.7238220242472009,2.1752687812738363
series_1,2023-12-25 13:00:00,1.7142388999999998,2.8115329473929886,-0.37676977839145276,2.7861733701202374
series_1,2023-12-25 14:00:00,2.000656232,3.1861494091800173,-0.765711795909209,3.0927711689072095
series_1,2023-12-25 15:00:00,1.987860956,3.1671175242160916,-0.9192765110603716,3.0307695571272544
series_1,2023-12-25 16:00:00,1.833661476,3.8409136179959753,-1.591695748961362,3.495586082997422
series_1,2023-12-25 17:00:00,1.841863576,3.5778298591004134,-1.8334576336707946,3.072344317651388
series_1,2023-12-25 18:00:00,1.875656228,4.131733885421779,-3.5801938793349617,2.062386163237872
series_1,2023-12-25 19:00:00,1.72900268,4.275321193999226,-3.7770663052831543,2.003033059475961
series_1,2023-12-25 20:00:00,1.658792704,5.0610432549875615,-4.542171623685367,2.232226639443792
series_1,2023-12-25 21:00:00,1.503608972,5.741040236942488,-4.984494791815253,2.848570636750874
series_1,2023-12-25 22:00:00,1.699147036,6.204427519318578,-4.678227531908806,4.075427339821939
series_1,2023-12-25 23:00:00,1.971128672,6.5979627014918805,-4.733382300787835,4.5965425925217405
series_1,2023-12-26 00:00:00,2.05708668,6.883205024672489,-4.264547787462368,5.4029754376756545
series_1,2023-12-26 01:00:00,2.385826848,5.7755250372434475,-3.6665421693052207,4.462416159047976
series_1,2023-12-26 02:00:00,2.412073568,5.7931369619822455,-2.9008072594070784,5.014554128141013
series_1,2023-12-26 03:00:00,2.4593176640000003,5.468692478407833,-1.295784073608448,5.312959726741499
series_1,2023-12-26 04:00:00,2.344488264,4.310112578411284,-0.68447499426785,4.255415892812499
series_1,2023-12-26 05:00:00,2.341535508,3.5304303008182787,-0.29108698873218297,3.5184096512382794
series_1,2023-12-26 06:00:00,2.353346532,3.9928774029890777,2.5632652577002477,-3.061493291511135
series_1,2023-12-26 07:00:00,2.203412144,4.154888989610279,2.576479762589832,-3.2595788913523425
series_1,2023-12-26 08:00:00,2.095144424,3.6527342105468246,2.577114352853969,-2.5886190962003663
series_1,2023-12-26 09:00:00,1.822178536,1.4196983177776614,1.2512809536719494,-0.6707005952573317
series_1,2023-12-26 10:00:00,2.047900328,1.3463330909718036,-0.502013040567265,1.2492380473497036
series_1,2023-12-26 11:00:00,1.994422636,1.9278266190131155,-0.4605764005569252,1.8720002276243362
series_1,2023-12-26 12:00:00,2.134514504,3.0398929385894093,-0.13402247419358623,3.0369371173102655
series_1,2023-12-26 13:00:00,2.354330784,4.157109956029527,1.7143836190514576,3.787142985582646
series_1,2023-12-26 14:00:00,2.564304544,3.820884476539325,3.743329324377647,0.7659267277707303
series_1,2023-12-26 15:00:00,2.287073564,3.793546621992219,3.256837797895798,1.945251534230426
series_1,2023-12-26 16:00:00,2.506233676,4.140201032475917,3.727060854722805,1.8028538416931004
series_1,2023-12-26 17:00:00,2.581036828,3.8586778194354245,2.102248598334784,3.2357294919387747
series_1,2023-12-26 18:00:00,2.237860964,3.881704267580142,2.6898653180849217,2.7986161922481956
series_1,2023-12-26 19:00:00,1.97506568,3.77785073163676,1.8333351347772813,3.3031861034642858
series_1,2023-12-26 20:00:00,2.086286156,3.5389383154862992,2.333495617514381,2.660616959251779
series_1,2023-12-26 21:00:00,1.711942312,3.886823660458651,1.3254168190106668,3.653856650634345
series_1,2023-12-26 22:00:00,1.94717854,4.436935741822063,1.4484315910076735,4.193857973659704
series_1,2023-12-26 23:00:00,1.92585308,3.6845244357153537,3.374477695334361,-1.4793987295771365
series_1,2023-12-27 00:00:00,1.7752625240000002,2.6483042601403777,2.6369601631541597,0.24486027079879602
series_1,2023-12-27 01:00:00,2.06200794,2.959233557779103,2.4882815771710893,1.601723459963337
series_1,2023-12-27 02:00:00,2.302165428,3.0104141933602846,1.1343601127066625,2.7885158687526204
series_1,2023-12-27 03:00:00,2.196194296,2.6298741459817507,1.3758474365314395,2.2412679123864487
series_1,2023-12-27 04:00:00,2.049540748,3.297183694031811,1.6223812334995196,2.8704179914043593
series_1,2023-12-27 05:00:00,2.067585368,2.3694612425959454,1.6550748006205565,1.6956043124842386
series_1,2023-12-27 06:00:00,2.190944952,2.25420301891287,1.5405085053143865,1.645680648099725
series_1,2023-12-27 07:00:00,2.052493504,2.5356915648217044,0.5516658368593991,2.4749538412564713
series_1,2023-12-27 08:00:00,2.079396392,2.856310924386381,0.3143018720229225,2.838965732447623
series_1,2023-12-27 09:00:00,1.919619484,3.7066187843662135,0.9949385052506945,3.5705910131777876
series_1,2023-12-27 10:00:00,1.659448872,3.419255957018292,0.4713526302908331,3.3866115805511248
series_1,2023-12-27 11:00:00,1.79954074,2.4000193632071722,0.9024172530180959,2.223901087104513
series_1,2023-12-27 12:00:00,1.6683071399999998,1.5361118625975947,-1.480929669735977,0.4080281457310775
series_1,2023-12-27 13:00:00,1.867454128,4.833088348915115,-2.7670418316004284,3.9626029943198167
series_1,2023-12-27 14:00:00,1.905183788,5.130353041527335,-1.8933990320930845,4.7681822989455585
series_1,2023-12-27 15:00:00,2.10958012,4.896018294563691,-1.2495470632871726,4.733880784022001
series_1,2023-12-27 16:00:00,1.839895072,4.380854027749547,-0.4927897631323792,4.353049535877275
series_1,2023-12-27 17:00:00,2.12106306,4.404114289657917,-0.7355969239587591,4.342248247375024
series_1,2023-12-27 18:00:00,2.254921332,3.2882817625146457,-0.011557064111006446,3.2882614531018604
series_1,2023-12-27 19:00:00,2.108595868,2.7289642649307324,-0.19930573088581838,2.7216765393604363
series_1,2023-12-27 20:00:00,2.049540748,3.042094908707424,-1.248282873537795,2.7741902063874164
series_1,2023-12-27 21:00:00,2.033136548,2.534726337639159,-1.207101695225226,2.2288434454007775
series_1,2023-12-27 22:00:00,2.000000064,2.537664996256452,-2.3580528001521763,0.9377263059761829
series_1,2023-12-27 23:00:00,1.817257276,4.448718545409804,-3.649895939453719,2.5434929383492255
series_1,2023-12-28 00:00:00,1.749671972,4.315843781492283,-3.453921559141859,2.587843389685837
series_1,2023-12-28 01:00:00,1.897309772,3.0034273750239073,-2.647632980530762,1.4179617757361416
series_1,2023-12-28 02:00:00,1.87992132,1.1654765469906525,-1.1275296978225362,-0.29497857907562475
series_1,2023-12-28 03:00:00,1.793635228,1.234915945350208,-1.024345840459638,-0.6897340003314584
series_1,2023-12-28 04:00:00,1.87992132,1.5330299246732846,-1.0844262600293912,-1.0836052955308237
series_1,2023-12-28 05:00:00,1.85695544,2.4145861774361257,-0.875617613616704,-2.250226700354831
series_1,2023-12-28 06:00:00,2.014107676,2.8956630201561078,-0.8835005076868812,-2.75758792773986
series_1,2023-12-28 07:00:00,2.263451516,4.083652896580394,-1.7701659296639263,-3.6800453205370296
series_1,2023-12-28 08:00:00,2.26706044,6.394463309616959,-2.24774076216708,-5.986386429569179
series_1,2023-12-28 09:00:00,2.159120804,5.9822198790366565,-3.1318735459211036,-5.096893443412459
series_1,2023-12-28 10:00:00,2.0357612200000004,5.781467250704756,-4.976693022670053,-2.9424292904127385
series_1,2023-12-28 11:00:00,2.131561748,6.691966031708828,-6.250535925891462,-2.3902322081096985
series_1,2023-12-28 12:00:00,2.16371398,6.787253219659609,-6.254232533786966,-2.6365473030272777
series_1,2023-12-28 13:00:00,2.274606372,8.017609871371658,-5.613434460363944,-5.724632879819876
series_1,2023-12-28 14:00:00,2.646653628,9.710757527193618,-7.007097957483411,-6.72304915690636
series_1,2023-12-28 15:00:00,3.4822835759999995,10.764398302292172,-8.199082466357684,-6.974762900648062
series_1,2023-12-28 16:00:00,3.725065736,10.274560173222824,-8.480692824979938,-5.800382397869162
series_1,2023-12-28 17:00:00,4.14862218,10.501759184766268,-8.531468376393857,-6.123805460448124
series_1,2023-12-28 18:00:00,4.360564444,10.320948979837265,-8.42948659857035,-5.9553122108691126
series_1,2023-12-28 19:00:00,3.860892512,10.48590343052289,-8.679334669367199,-5.884158431872165
series_1,2023-12-28 20:00:00,4.064304592,11.257706883923388,-9.53792161933321,-5.980302288997791
series_1,2023-12-28 21:00:00,4.3038059120000005,11.425686670046609,-9.60267391527885,-6.19152400939413
series_1,2023-12-28 22:00:00,4.607611696,11.118021350389856,-10.400008587163562,-3.9306768036368567
series_1,2023-12-28 23:00:00,5.608267896,11.910208909889404,-10.673633554183558,-5.2845646015746475
series_1,2023-12-29 00:00:00,6.038057936,11.14783300013356,-9.787984575812306,-5.3356853863891915
series_1,2023-12-29 01:00:00,6.5944884,10.330505344887722,-8.830854106826798,-5.360536953020107
series_1,2023-12-29 02:00:00,6.955708884,10.101357827916763,-8.32149440893268,-5.726269358816212
series_1,2023-12-29 03:00:00,8.46128636,10.915848646843958,-9.19769949746486,-5.878611709846103
series_1,2023-12-29 04:00:00,8.47440972,11.377762743355143,-7.851142100247904,-8.234868108585303
series_1,2023-12-29 05:00:00,9.72440976,12.758151220799212,-8.048809525863458,-9.898842749996087
series_1,2023-12-29 06:00:00,9.008858556,12.904191599020628,-6.604181417694292,-11.086160229151297
series_1,2023-12-29 07:00:00,8.947834932000001,12.520059742837077,-6.515545428580044,-10.691097405426596
series_1,2023-12-29 08:00:00,8.76968532,12.54729858615413,-4.081804317840006,-11.864804057419917
series_1,2023-12-29 09:00:00,9.231299508,11.65148741346453,-4.132714545215245,-10.89393544289155
series_1,2023-12-29 10:00:00,9.952100056,10.94818931918703,-2.9972956640436483,-10.529913013461513
series_1,2023-12-29 11:00:00,10.30675886,10.803994980026843,-3.482303242806002,-10.227407865807837
series_1,2023-12-29 12:00:00,9.64895044,10.008665834631612,-3.20765434010474,-9.480735489598333
series_1,2023-12-29 13:00:00,10.194554132,9.14341204690663,-4.575444631876131,-7.916267446224463
series_1,2023-12-29 14:00:00,10.115157804,9.398409587796062,-4.617029308401673,-8.186155577884952
series_1,2023-12-29 15:00:00,9.767716848,9.905170487791649,-4.54622622414099,-8.80024030985242
series_1,2023-12-29 16:00:00,8.916338867999999,8.279987774497412,-3.2791706879195104,-7.6029755454898105
series_1,2023-12-29 17:00:00,9.200131528,6.10214232262461,-1.668408471378703,-5.869629809297879
series_1,2023-12-29 18:00:00,9.028215512,6.670104493445182,-1.0727843667238162,-6.583268766805027
series_1,2023-12-29 19:00:00,8.751312616,7.95011350730525,-1.0588667395293645,-7.8792833434872644
series_1,2023-12-29 20:00:00,7.730315207999999,6.792234557927275,0.4737319507682839,-6.775693937060822
series_1,2023-12-29 21:00:00,8.366142,5.878028226341393,1.1643341019919577,-5.761557248574793
series_1,2023-12-29 22:00:00,7.003609148,4.545613756148128,1.2147241029720643,-4.380302475142762
series_1,2023-12-29 23:00:00,6.5698821,3.7154377866867856,1.8402989200487885,-3.2276582581815045
series_1,2023-12-30 00:00:00,3.0604211840325286,2.9948770466825922,2.1028106343785353,-2.132481174756483
series_1,2023-12-30 01:00:00,6.486548764,2.6226132575220813,2.0716462718044433,-1.6082232503758096
series_1,2023-12-30 02:00:00,6.753937224,1.6274616669548994,0.9718400183626741,1.305434202139831
series_1,2023-12-30 03:00:00,6.335630124,1.9037189100290057,1.3568624843520185,1.3353163995698152
series_1,2023-12-30 04:00:00,5.66437026,2.642213747114976,1.6021695108206122,2.1010345889680644
series_1,2023-12-30 05:00:00,5.4750657920000005,2.60227978509928,1.474623412827263,2.1441422224931888
series_1,2023-12-30 06:00:00,5.882874203999999,2.3190144943668596,0.819069091949059,2.1695515775609775
series_1,2023-12-30 07:00:00,4.593176,2.8869891245535433,-1.94426075943746,2.13414064780232
series_1,2023-12-30 08:00:00,4.727362356,4.674552374902583,-3.2400163574697203,3.369530220822485
series_1,2023-12-30 09:00:00,4.251312472,5.472359537876404,-3.6544967273332363,4.073250861621158
series_1,2023-12-30 10:00:00,4.600721932,5.077372364144174,-4.884157376596372,1.3873416467526105
series_1,2023-12-30 11:00:00,5.57086632,5.49265794209354,-5.47295189178487,0.4648535888337948
series_1,2023-12-30 12:00:00,4.822178632,7.03661659586782,-6.090582671652036,3.5240283536053436
series_1,2023-12-30 13:00:00,5.41666684,6.787751467161765,-5.847191611634576,3.447306229041299
series_1,2023-12-30 14:00:00,5.198162896,5.360639842465624,-4.787617626708045,2.4114678063503776
series_1,2023-12-30 15:00:00,4.04691614,5.634394643925277,-4.610148282340526,3.2392801389084203
series_1,2023-12-30 16:00:00,4.357611688,5.012155026910422,-4.2978379285366675,2.5788150677811434
series_1,2023-12-30 17:00:00,4.09448832,4.14103440295046,-3.5776336424268913,2.085354513504734
series_1,2023-12-30 18:00:00,3.719816392,3.634050507689121,1.5733346841567883,3.275811512292003
series_1,2023-12-30 19:00:00,3.788714032,2.93711630330261,0.7600532364154291,2.8370708938869367
series_1,2023-12-30 20:00:00,4.299212736,2.8013513444623057,2.5289452604203273,1.2049917945439843
series_1,2023-12-30 21:00:00,3.794619544,2.656997340041015,2.082408278428351,1.6502153274400584
series_1,2023-12-30 22:00:00,3.902887264,2.835204302729093,2.308073693673961,1.6465658999213484
series_1,2023-12-30 23:00:00,3.807742904,10.084571533644167,-4.45976111824322,-9.044839069070951
series_1,2023-12-31 00:00:00,4.023294092,11.408439132459344,-2.0199710374393685,-11.228187763256182
series_1,2023-12-31 01:00:00,4.994750816,12.107539625524998,-1.564716037157952,-12.006005976456898
series_1,2023-12-31 02:00:00,6.27132566,11.638952393140423,3.9345979193520724,-10.953727768336199
series_1,2023-12-31 03:00:00,6.844160324,10.146706698527037,1.25372680206131,-10.068953566867144
series_1,2023-12-31 04:00:00,5.691929316,9.795946978534198,2.8092906617162825,-9.384479910162682
series_1,2023-12-31 05:00:00,5.28379282,10.75335484203289,5.411854943386691,-9.292279937152841
series_1,2023-12-31 06:00:00,4.97211302,10.595727990313922,3.4220176925697054,-10.02792334217119
series_1,2023-12-31 07:00:00,4.890420104,10.763162124981456,3.631567972070302,-10.131997482869236
series_1,2023-12-31 08:00:00,5.22309728,11.346196093547814,4.6330124648142395,-10.357188870254108
series_1,2023-12-31 09:00:00,5.137467356,10.799454252876128,6.0243578418445,-8.962997531706174
series_1,2023-12-31 10:00:00,4.784120888,10.655995983123862,3.6997038135701,-9.993119737309604
series_1,2023-12-31 11:00:00,4.802493592,10.679593271743848,6.154113116085964,-8.728150102071755
series_1,2023-12-31 12:00:00,6.597441156,10.218773213615185,5.445592865781839,-8.646897960045854
series_1,2023-12-31 13:00:00,5.929462131999999,9.07765306791848,2.8431317082639858,-8.620927288346287
series_1,2023-12-31 14:00:00,5.517060544,7.892808303291277,3.013869703498573,-7.294724965537573
series_1,2023-12-31 15:00:00,5.354002796,6.654441285013583,5.4461090495589985,-3.8238050468093703
series_1,2023-12-31 16:00:00,5.075131396,6.239618484813713,5.030362258444424,-3.691651985879342
series_1,2023-12-31 17:00:00,4.592191747999999,5.913097840917432,5.103886522206582,-2.9858111870479007
series_1,2023-12-31 18:00:00,4.600393848,7.80262595444262,7.53056144606908,-2.0424534491438413
series_1,2023-12-31 19:00:00,4.4701445,7.083099031663138,6.5423266769220545,-2.71445271551768
series_1,2023-12-31 20:00:00,4.599409596,7.34657917749723,6.735107139194401,-2.9343751353241285
series_1,2023-12-31 21:00:00,4.211942392,6.9337573082904385,6.625458189744992,-2.0445767743501517
series_1,2023-12-31 22:00:00,4.465879408,6.457456720704125,6.230096791370508,-1.6984231716276654
series_1,2023-12-31 23:00:00,3.874015872,6.404635612024433,5.483040743260636,-3.309927722859735
series_1,2024-01-01 00:00:00,3.898294088,5.837599112680843,5.100223025212287,-2.839945156770918
series_1,2024-01-01 01:00:00,4.034448948,5.395172481343793,5.158614208196646,-1.5800587186687194
series_1,2024-01-01 02:00:00,3.510826884,4.607355328044798,4.143784248253451,-2.0141437939703732
series_1,2024-01-01 03:00:00,3.466535544,5.026492310878525,0.9962118921416137,-4.92678260300539
series_1,2024-01-01 04:00:00,3.5826772800000004,5.025150215883273,1.8416460917158892,-4.675518619902962
series_1,2024-01-01 05:00:00,3.32841218,6.494160386138772,2.4412719562982144,-6.017832695936799
series_1,2024-01-01 06:00:00,3.29232294,7.192506817205555,-0.8995758993962977,-7.136029534466188
series_1,2024-01-01 07:00:00,3.258202204,7.855971854535543,0.39428466211047647,-7.846071206946764
series_1,2024-01-01 08:00:00,3.623031612,7.89457288872009,0.7056220421024045,-7.8629751766753975
series_1,2024-01-01 09:00:00,4.263779664,7.611811760740937,-0.40679816320124995,-7.600933727863317
series_1,2024-01-01 10:00:00,3.810039492,8.749845183716285,0.6575992732648344,-8.725099078795877
series_1,2024-01-01 11:00:00,3.654199592,7.5996005572783485,1.2740594758535282,-7.492042517376234
series_1,2024-01-01 12:00:00,3.5826772800000004,8.596433526805434,1.0130264161434215,-8.536535998927208
series_1,2024-01-01 13:00:00,3.778543428,8.357663660841798,0.1288456174385601,-8.35667042993933
series_1,2024-01-01 14:00:00,3.8221786,7.565126831671707,1.761633016380554,-7.357159308787404
series_1,2024-01-01 15:00:00,3.692913504,7.121399800524737,1.8703431973787454,-6.871400981090598
series_1,2024-01-01 16:00:00,3.3044620480000004,7.058401311919936,5.224227753977607,-4.746416906960782
series_1,2024-01-01 17:00:00,3.607939748,5.441943318119664,3.2731559662790892,-4.3475507010314285
series_1,2024-01-01 18:00:00,3.580708776,4.472367059025988,2.824427990776874,-3.4676611189066433
series_1,2024-01-01 19:00:00,3.03641742,5.082250894110279,2.535497982440178,-4.404602607696468
series_1,2024-01-01 20:00:00,3.136154956,6.102933660870963,2.855584765587702,-5.393647644733133
series_1,2024-01-01 21:00:00,3.05282162,5.578369582689894,2.4289858773311996,-5.021776061196418
series_1,2024-01-01 22:00:00,2.947178572,5.637946098227816,2.3013935707472934,-5.1468460088723536
series_1,2024-01-01 23:00:00,2.758202188,5.849185464405508,4.3730047314165645,-3.8845592048546544
series_1,2024-01-02 00:00:00,2.579724492,5.839607149383029,2.614338761313626,-5.22170896356916
series_1,2024-01-02 01:00:00,2.5715223920000003,6.518441222429711,5.140598142315431,-4.008032773006489
series_1,2024-01-02 02:00:00,2.52296596,7.384530367403693,5.633350383071493,-4.774583982783797
series_1,2024-01-02 03:00:00,2.66076124,7.275102613868553,4.532506437520938,-5.690650528379712
series_1,2024-01-02 04:00:00,2.718504024,6.023673177722619,5.141808842896742,-3.137903818654069
series_1,2024-01-02 05:00:00,2.542651,4.4152898093960316,3.691361607856796,-2.4225262807650476
series_1,2024-01-02 06:00:00,2.46063,4.80519533295661,4.397361894282723,-1.9372946493959688
series_1,2024-01-02 07:00:00,2.47375336,5.619567419021007,5.570883509169973,-0.7381022315238408
series_1,2024-01-02 08:00:00,2.253280912,4.683829738899988,4.439299866988439,-1.493612303765724
series_1,2024-01-02 09:00:00,2.091207416,5.138384295682205,5.110842504596872,-0.5313022334975547
series_1,2024-01-02 10:00:00,2.229658864,4.514498363155239,4.420915134557828,-0.9144423677678499
series_1,2024-01-02 11:00:00,2.174540752,3.917931711827891,3.478179721984988,1.8034563260913918
series_1,2024-01-02 12:00:00,1.890748092,4.7158530114094654,4.707360088826768,0.2828968351547321
series_1,2024-01-02 13:00:00,1.74212604,3.5772965543226625,3.061602335318959,-1.8503085628992506
series_1,2024-01-02 14:00:00,1.739173284,2.7974979852579143,2.3894426607234585,-1.4548397673410252
series_1,2024-01-02 15:00:00,1.890748092,3.5008053041358393,3.2360400150495816,-1.3355458803289133
series_1,2024-01-02 16:00:00,1.711942312,4.280250367520649,3.7389390325811496,-2.0834774103171343
series_1,2024-01-02 17:00:00,1.526902936,4.624754683729501,4.4472623881460995,-1.2689417384809314
series_1,2024-01-02 18:00:00,1.6709318119999998,4.52193335223978,4.33120522285325,1.2994393251041843
series_1,2024-01-02 19:00:00,1.745734964,5.284406878143328,4.855943411917138,2.084411100053697
series_1,2024-01-02 20:00:00,1.613517112,5.961170585698902,5.477977230578894,2.3510253535555465
series_1,2024-01-02 21:00:00,1.616141784,5.207107395708391,4.260064471536039,2.9942976019089
series_1,2024-01-02 22:00:00,1.7647638360000002,5.036066040259917,4.557974215088203,2.1416891035933023
series_1,2024-01-02 23:00:00,1.7411417879999995,5.364983527916006,5.242054406131862,1.1418904754675885
series_1,2024-01-03 00:00:00,1.856299272,5.1661106332269915,5.104478160372492,0.7956140930257922
series_1,2024-01-03 01:00:00,2.054462008,4.770618760559392,4.4002854654850445,1.8429029222512763
series_1,2024-01-03 02:00:00,2.013123424,4.569282943819797,4.032553112449674,2.148688440876191
series_1,2024-01-03 03:00:00,2.046587992,4.0763137917106524,4.00648180892399,0.7512906516466394
series_1,2024-01-03 04:00:00,2.118766472,4.167761849502165,4.086449974338208,-0.8192468745115654
series_1,2024-01-03 05:00:00,2.085629988,3.4691212104830456,3.298375146749091,-1.074952726556504
series_1,2024-01-03 06:00:00,1.878937068,1.6361862081129337,1.612990762553615,-0.27452888288063215
series_1,2024-01-03 07:00:00,1.933070928,2.6139235941934866,0.7943247092215806,-2.490310184013519
series_1,2024-01-03 08:00:00,1.7972441519999998,2.8651835320388765,-0.017383170989530433,-2.86513079939348
series_1,2024-01-03 09:00:00,1.809055176,6.453454694879761,-3.4425425342808245,-5.45856926296012
series_1,2024-01-03 10:00:00,1.760498744,6.140594891035602,-4.029461301591354,-4.633610604570721
series_1,2024-01-03 11:00:00,1.83398956,6.193120860886148,-4.3294195491876994,-4.428416462422494
series_1,2024-01-03 12:00:00,1.944553868,5.549293092396508,-3.3880666049745565,-4.394958305328479
series_1,2024-01-03 13:00:00,1.805118168,4.085934878887359,-2.843693894884189,-2.9339851510712616
series_1,2024-01-03 14:00:00,1.772309768,4.1071839517292466,-3.128542591029231,-2.6610489039960123
series_1,2024-01-03 15:00:00,1.4107612,3.9437928919684935,-3.1487259377306565,-2.374663627506728
series_1,2024-01-03 16:00:00,1.231627336,3.2606957568194535,-3.123804346853203,-0.9348706975413356
series_1,2024-01-03 17:00:00,1.178149644,1.698566189708428,-1.6539799871948337,-0.38662294652488627
series_1,2024-01-03 18:00:00,1.173556468,1.4979109060627922,-0.8354201166668658,1.2433062016937644
series_1,2024-01-03 19:00:00,1.058398984,1.2897516108561784,0.9911536199370039,-0.8252719063386807
series_1,2024-01-03 20:00:00,1.17782156,2.101736925435742,1.4901158749886638,-1.482178391033567
series_1,2024-01-03 21:00:00,1.134514472,2.3811745831644906,1.7986244897012307,-1.5604301780456482
series_1,2024-01-03 22:00:00,1.08431762,2.5508474776032912,1.9517129448148736,-1.6424492184043709
series_1,2024-01-03 23:00:00,1.020997408,1.710259180644019,0.7401733859017182,-1.5417943519743278
series_1,2024-01-04 00:00:00,1.025918668,1.6956230910063315,0.6258436514692852,-1.5758989151177996
series_1,2024-01-04 01:00:00,0.99081368,1.9416382932596719,-0.15677310816902879,-1.935298802357753
series_1,2024-01-04 02:00:00,0.95308402,1.4838970491387515,1.232707501071564,0.8260645672370861
series_1,2024-01-04 03:00:00,0.8759842800000001,1.5721464607506164,0.5853009672690999,1.4591323695143446
series_1,2024-01-04 04:00:00,0.903543336,2.9620199390339006,0.4900874759760822,2.921194342238425
series_1,2024-01-04 05:00:00,0.916338612,3.3299520298148844,0.7660949228201965,3.2406294280737167
series_1,2024-01-04 06:00:00,0.8461286360000001,4.681847614634065,-0.19819271148051382,4.67765077103568
series_1,2024-01-04 07:00:00,0.902559084,5.863495411175753,0.3337638114217127,5.853988397243743
series_1,2024-01-04 08:00:00,1.018372736,5.906277301804995,0.203142065715591,5.902782807028707
series_1,2024-01-04 09:00:00,0.89895016,4.571357107544257,0.09753883706516372,4.570316398233208
series_1,2024-01-04 10:00:00,1.063976412,5.403213839639928,0.797279062979969,5.344068290414171
series_1,2024-01-04 11:00:00,1.412073536,5.951897351402409,1.824481856371424,5.665363892761214
series_1,2024-01-04 12:00:00,1.4271654,5.475421263891185,1.664302202425175,5.216352767602519
series_1,2024-01-04 13:00:00,1.90452762,5.205666737262785,3.0266437785174474,4.2353740823457136
series_1,2024-01-04 14:00:00,2.12926516,4.7025501317738385,3.329387222306442,3.321017685256846
series_1,2024-01-04 15:00:00,2.239829468,4.4144600813613915,3.790223778160759,2.263108817842837
series_1,2024-01-04 16:00:00,2.504593256,5.974242765340926,5.969389963726556,-0.2407489983137353
series_1,2024-01-04 17:00:00,2.295603748,5.9235542637732905,5.923237679909905,-0.061241351734473926
series_1,2024-01-04 18:00:00,2.3950132,6.2395497122596035,6.229186241564278,-0.35947097193681465
series_1,2024-01-04 19:00:00,2.480971208,7.025789684234732,6.410639761069886,-2.874964093843435
series_1,2024-01-04 20:00:00,2.698162816,4.880303760302238,4.879305353475937,-0.09871200717858075
series_1,2024-01-04 21:00:00,2.6246720000000003,5.605683787117194,5.063235532493167,-2.405688397038819
series_1,2024-01-04 22:00:00,2.822178568,10.835347748336348,7.97622577648754,-7.333797324024798
series_1,2024-01-04 23:00:00,3.52526258,14.198324502124935,8.238397750962823,-11.563789221728834
series_1,2024-01-05 00:00:00,4.878937164,14.65085852885209,7.258235134720584,-12.726573708643881
series_1,2024-01-05 01:00:00,6.681102576,15.559451947861517,6.612412762616009,-14.084478775396853
series_1,2024-01-05 02:00:00,9.008858556,15.847378789532815,7.142896408861765,-14.146322680866723
series_1,2024-01-05 03:00:00,9.050525224,15.139805698017708,6.694058085682734,-13.579517771969485
series_1,2024-01-05 04:00:00,9.684383512,13.409868916599267,6.537520954973397,-11.708347625675406
series_1,2024-01-05 05:00:00,9.526247024,13.306962242698495,5.188322904963564,-12.253838156366918
series_1,2024-01-05 06:00:00,9.842848084,11.254635149447079,5.359339115412982,-9.896681089798443
series_1,2024-01-05 07:00:00,8.954068528,11.494541207371947,6.578002481136932,-9.426259116220395
series_1,2024-01-05 08:00:00,8.663386104,10.295002274927937,4.940157155439117,-9.032270983553088
series_1,2024-01-05 09:00:00,7.703740404,10.557774590677907,5.794151204571775,-8.825781332331063
series_1,2024-01-05 10:00:00,8.895013407999999,11.047543573150822,6.502192038399265,-8.931389460573492
series_1,2024-01-05 11:00:00,9.062992416,12.060812989738817,7.030108679899664,-9.800039893911249
series_1,2024-01-05 12:00:00,9.37828114,13.182744232672528,6.750263728172147,-11.3233689820735
series_1,2024-01-05 13:00:00,8.780512092,13.467716080055396,7.725565898685842,-11.031546036619034
series_1,2024-01-05 14:00:00,8.463911032,12.93437606564692,7.662939402601509,-10.420050091992701
series_1,2024-01-05 15:00:00,8.896325743999999,11.078548439636924,7.139689526829899,-8.47107248167888
series_1,2024-01-05 16:00:00,7.598753524,10.375073266308963,5.9953689517413435,-8.467449227115262
series_1,2024-01-05 17:00:00,6.517716744,10.517203711332144,6.518378277195814,-8.253624569911109
series_1,2024-01-05 18:00:00,6.375656372,10.487823362329737,6.911055853728915,-7.888710025477469
series_1,2024-01-05 19:00:00,6.544291548,11.05722300601897,6.366989043870666,-9.040112340013597
series_1,2024-01-05 20:00:00,6.498359787999999,11.257535886340275,7.000195532427743,-8.816426528929835
series_1,2024-01-05 21:00:00,5.66272984,10.665196325054188,6.633604460946924,-8.351149891341576
series_1,2024-01-05 22:00:00,5.500000176,9.986835833628918,6.916837399713277,-7.203766400556189
series_1,2024-01-05 23:00:00,5.163057908,10.309989650559787,6.52378413143879,-7.983490915698304
series_1,2024-01-06 00:00:00,5.717847952,10.671436324443672,9.150518473842808,-5.490679820069402
series_1,2024-01-06 01:00:00,6.622047456000001,10.984156495197821,9.345169783909506,-5.772304186449396
series_1,2024-01-06 02:00:00,6.157152428,9.77766077214015,9.12861881405768,-3.502994251020188
series_1,2024-01-06 03:00:00,6.831365047999999,10.640575136981095,9.747382467189205,-4.267361513168617
series_1,2024-01-06 04:00:00,6.665354544,11.597200930775504,10.453591561542346,-5.02170219081447
series_1,2024-01-06 05:00:00,6.483267924,11.64951308549859,9.818730697971922,-6.269264917827823
series_1,2024-01-06 06:00:00,7.175525164,9.783507188364537,8.749676332801954,-4.377233941199158
series_1,2024-01-06 07:00:00,6.588254804000001,9.29421552590927,8.88676849529938,-2.721725179551991
series_1,2024-01-06 08:00:00,5.597441124,9.01965065972333,8.381527865359697,-3.332279800023768
series_1,2024-01-06 09:00:00,5.997703604,8.651543995246127,8.046488837630056,-3.178557988707182
series_1,2024-01-06 10:00:00,5.900262656,8.699094637306736,6.581114967996119,-5.688863971553217
series_1,2024-01-06 11:00:00,5.185695704,8.536482035601699,0.9150871145165742,-8.487292920419105
series_1,2024-01-06 12:00:00,4.62106314,11.826151792448501,-3.61646912879144,-11.259618877143728
series_1,2024-01-06 13:00:00,4.791010652,11.310704040649265,-2.9441480337643005,-10.920806666654318
series_1,2024-01-06 14:00:00,5.743438503999999,10.283112620843564,-3.3691439714666904,-9.715517179876832
series_1,2024-01-06 15:00:00,6.142060564,9.305735375324023,-2.879517508249492,-8.849016317944134
series_1,2024-01-06 16:00:00,5.69061698,8.981946364118722,-5.172114821206433,-7.343336351016632
series_1,2024-01-06 17:00:00,5.04757234,7.682723140550816,-5.038101547720882,-5.80015238155063
series_1,2024-01-06 18:00:00,4.593176,7.050314047216058,-5.106421970492232,-4.8612120735107105
series_1,2024-01-06 19:00:00,4.316929272,7.13177571969193,-4.685255974437691,-5.376857945862367
series_1,2024-01-06 20:00:00,4.53740172,6.7324200799948075,-6.318664244478481,-2.3237818957609764
series_1,2024-01-06 21:00:00,4.010170732,7.3910732237288,-7.053469308742689,-2.208287596565669
series_1,2024-01-06 22:00:00,3.852034244,8.085885531101088,-7.447558890995874,-3.1488746223402115
series_1,2024-01-06 23:00:00,3.419619532,7.7034057150141235,-7.184786922989439,-2.7787220950199742
series_1,2024-01-07 00:00:00,3.324803256,7.282343641478985,-7.103151225622869,-1.605544013262086
series_1,2024-01-07 01:00:00,3.051509284,8.256251471353513,-8.045691870110817,-1.852709013703923
series_1,2024-01-07 02:00:00,2.762139196,8.13558891421771,-8.032268224156102,-1.2924682419132354
series_1,2024-01-07 03:00:00,2.930774372,9.276613043650581,-9.141502494226767,-1.5774922217475045
series_1,2024-01-07 04:00:00,3.225721888,10.160984717949011,-10.144745371750682,0.5742401768741595
series_1,2024-01-07 05:00:00,3.33989512,12.426615272388442,-12.420008668027165,-0.4051565303531135
series_1,2024-01-07 06:00:00,3.917979128,12.274363296938585,-12.270521436293688,0.30707983764839386
series_1,2024-01-07 07:00:00,4.228018508,11.657612411909989,-11.654845339461207,0.25398279382121697
series_1,2024-01-07 08:00:00,5.040682576,12.782768614340915,-12.742796225664847,-1.0101078155132241
series_1,2024-01-07 09:00:00,6.382546136,12.33484634197953,-12.321823692149334,-0.566652609482321
series_1,2024-01-07 10:00:00,6.433399156,12.986153601502698,-12.774276912171871,-2.3362437229394977
series_1,2024-01-07 11:00:00,7.346785012,12.264647394903001,-12.064341656654792,-2.207540738651244
series_1,2024-01-07 12:00:00,8.169291600000001,12.564605281817535,-11.712828285437823,-4.5474123898899625
series_1,2024-01-07 13:00:00,8.62696878,13.478209124578076,-12.714764679908354,-4.471787152852279
series_1,2024-01-07 14:00:00,9.14698192,13.231922014289095,-12.312626771477424,-4.845924285265483
series_1,2024-01-07 15:00:00,10.145013448,14.102349791495962,-13.15643341431111,-5.0778469311810035
series_1,2024-01-07 16:00:00,10.463254928,13.417434819641581,-12.37267796156109,-5.19079928323479
series_1,2024-01-07 17:00:00,10.586942596,13.83016436441112,-13.47000221897952,-3.1356796021459274
series_1,2024-01-07 18:00:00,11.963254976,14.033580321962479,-12.915818417797343,-5.488443427007284
series_1,2024-01-07 19:00:00,11.54527596,14.651470999476293,-12.424991153784362,-7.764354273014288
series_1,2024-01-07 20:00:00,12.396325856,17.603920258147287,-13.121896002866457,-11.735154611046493
series_1,2024-01-07 21:00:00,12.726050276,16.71334525761064,-12.061114176059625,-11.570023099896975
series_1,2024-01-07 22:00:00,12.994422988,16.587908621700045,-9.610404571241562,-13.520311994141627
series_1,2024-01-07 23:00:00,14.58169338,16.287270273272767,-10.741074380173789,-12.243549081626988
series_1,2024-01-08 00:00:00,14.061024072,17.083644756574955,-9.59145323298082,-14.137006155774026
series_1,2024-01-08 01:00:00,13.696522748,17.127826486965247,-7.335002223246217,-15.47773182842245
series_1,2024-01-08 02:00:00,14.6735569,16.713188398497714,-7.4087057860071015,-14.981379943785665
series_1,2024-01-08 03:00:00,13.002953172,15.917686015374597,0.11343934418952475,-15.917281790533265
series_1,2024-01-08 04:00:00,13.280184152,15.338221932748372,1.2007752651957007,-15.291147465796588
series_1,2024-01-08 05:00:00,14.710302308,15.118280045290076,0.5315323900012541,-15.108933279559999
series_1,2024-01-08 06:00:00,15.164370564,12.724405270086285,1.147425943151716,-12.672564980396906
series_1,2024-01-08 07:00:00,12.799541092,10.709727984845244,0.6002726273354675,-10.692892325383678
series_1,2024-01-08 08:00:00,11.750000376,9.741236012562782,-0.1399174619542195,-9.740231114110708
series_1,2024-01-08 09:00:00,11.963254976,9.715636242967706,1.2934789538056153,-9.629148446344026
series_1,2024-01-08 10:00:00,10.731299556,9.654403821670357,1.7649465516442353,-9.491705685582666
series_1,2024-01-08 11:00:00,10.50853052,10.258471556388221,3.2880182132667337,-9.717261697744505
series_1,2024-01-08 12:00:00,9.6292654,11.035579299137488,4.586732084224647,-10.037225675210061
series_1,2024-01-08 13:00:00,8.989829684,10.780470053173751,4.5116375741622665,-9.790998976957523
series_1,2024-01-08 14:00:00,7.966863772,11.37085965326446,3.8527119863917108,-10.698273674016345
series_1,2024-01-08 15:00:00,7.38681126,11.943154152578584,5.254189118832407,-10.725317142900634
series_1,2024-01-08 16:00:00,7.843504187999999,13.14901455917988,8.171319032672816,-10.301753692639107
series_1,2024-01-08 17:00:00,6.818897856,12.107939469242684,6.416977710732807,-10.267647990207063
series_1,2024-01-08 18:00:00,7.593176096,12.157212367610699,7.630997351895664,-9.463915255672353
series_1,2024-01-08 19:00:00,7.478346695999999,12.09061608259689,6.249969162088446,-10.349921870704822
series_1,2024-01-08 20:00:00,7.56725746,10.58903705101473,5.83607732335744,-8.835604514890635
series_1,2024-01-08 21:00:00,7.933399204,12.037934208518374,6.998878728869893,-9.79426140896747
series_1,2024-01-08 22:00:00,7.91830734,11.745034753572865,6.790171326240665,-9.583288304279147
series_1,2024-01-08 23:00:00,7.555118352,11.151803432627824,6.713243306162495,-8.904778723372871
series_1,2024-01-09 00:00:00,8.140092124,11.774191357777154,6.934896973911854,-9.515187128521562
series_1,2024-01-09 01:00:00,7.003937231999999,11.56624495814561,6.365830452598482,-9.656822721816868
series_1,2024-01-09 02:00:00,6.822178696000001,12.00721322340444,5.7053780902986,-10.56512329502307
series_1,2024-01-09 03:00:00,7.376640656,11.13079954052648,4.641776210997346,-10.11674908349533
series_1,2024-01-09 04:00:00,6.840223316,10.269078458674322,4.387522048018287,-9.284590603174832
series_1,2024-01-09 05:00:00,6.780183944000001,11.051610948194458,2.314072867385828,-10.806626268853769
series_1,2024-01-09 06:00:00,5.970800716,9.818618040346697,2.7936986388957132,-9.412784292506329
series_1,2024-01-09 07:00:00,5.317257388,9.081606960889134,3.0968068723394095,-8.537293024577602
series_1,2024-01-09 08:00:00,4.988845304,7.52553981598612,2.2966898105866207,-7.166516966835424
series_1,2024-01-09 09:00:00,4.664698312,6.4535179057857635,0.5522142063079344,-6.429848585359469
series_1,2024-01-09 10:00:00,4.028543436,5.185356478986164,1.8336612869191573,-4.85032041199525
series_1,2024-01-09 11:00:00,3.762795396,3.740543698156508,1.6963533953994834,-3.333774484834721
series_1,2024-01-09 12:00:00,3.5570867280000003,3.6265554880335498,1.0745322173826803,-3.4637097484623216
series_1,2024-01-09 13:00:00,3.412401684,3.4420413292638767,0.992851081974192,-3.295738952250817
series_1,2024-01-09 14:00:00,3.342191708,3.8977977420025183,-0.5902332442251969,-3.8528498484850573
series_1,2024-01-09 15:00:00,3.019685136,4.699512242718274,-1.909265657797933,-4.29419607929265
series_1,2024-01-09 16:00:00,3.051509284,3.7656685922742312,-2.5165080381676033,-2.8013295487461716
series_1,2024-01-09 17:00:00,2.503937088,2.202097453769074,-1.8020396270018673,-1.2656565010346252
series_1,2024-01-09 18:00:00,2.432086692,2.7432855957437283,-2.5495707878837135,-1.0125732849453633
series_1,2024-01-09 19:00:00,2.28674548,3.3657495441443745,-3.2236906236312217,-0.9675167993477983
series_1,2024-01-09 20:00:00,2.156496132,4.7973232516465085,-4.79545784369556,-0.13377013914531266
series_1,2024-01-09 21:00:00,1.869750716,5.9142708261390835,-5.913455878491518,0.09817829726569444
series_1,2024-01-09 22:00:00,2.094160172,8.978355243980198,-7.707659025712277,4.604655821064458
series_1,2024-01-09 23:00:00,2.527231052,10.027738947627036,-9.14578289001725,4.112201810517557
series_1,2024-01-10 00:00:00,3.66141744,10.527495214547448,-6.95808877114281,7.900199753500907
series_1,2024-01-10 01:00:00,4.39796602,10.157807958700644,-8.027868891845856,6.223695331647891
series_1,2024-01-10 02:00:00,5.064960792,11.477073064960077,-9.436139281555914,6.533183113728677
series_1,2024-01-10 03:00:00,6.434383408,10.666049397331452,-8.548687500816712,6.378444305604207
series_1,2024-01-10 04:00:00,6.940288936000001,12.54357640130318,-12.16881802781877,3.0432181553682565
series_1,2024-01-10 05:00:00,7.983596056,15.092910380684318,-14.52353902303188,4.106428862873262
series_1,2024-01-10 06:00:00,9.053149896,14.542393267043147,-14.09035476498342,3.5976526416888692
series_1,2024-01-10 07:00:00,10.443241804,17.997512784329032,-16.95737609080419,6.029748132145273
series_1,2024-01-10 08:00:00,12.40649646,19.175105674194782,-18.18148095344025,6.092489471162531
series_1,2024-01-10 09:00:00,14.723097583999998,18.686171951725104,-17.406636504234775,6.795736002735783
series_1,2024-01-10 10:00:00,16.157808916,19.41950005127387,-17.385064406925093,8.653121853325091
series_1,2024-01-10 11:00:00,16.898294504,18.40822008044091,-15.676436364077649,9.649451251391028
series_1,2024-01-10 12:00:00,19.483596424,16.975585288129576,-15.1652203453191,7.62801335555208
series_1,2024-01-10 13:00:00,18.856955984000003,14.810809008872775,-10.64602464834023,10.296709313379651
series_1,2024-01-10 14:00:00,20.710958668,13.268361312121389,-9.835046337662817,8.906249235510133
series_1,2024-01-10 15:00:00,19.951444208,12.228353407699856,-10.126995362779429,6.853947182890211
series_1,2024-01-10 16:00:00,16.515420476,10.905158913908265,-1.640616241254612,10.78104212432752
series_1,2024-01-10 17:00:00,18.259186936000003,10.220700701019107,4.453959657219717,9.199182908914883
series_1,2024-01-10 18:00:00,21.685696232,10.915139470408455,6.5569615536513,8.72619761651129
series_1,2024-01-10 19:00:00,18.045276168,11.635741830754682,8.164103148292412,8.290832752867244
series_1,2024-01-10 20:00:00,17.266076668,11.81518532087679,11.26110136178696,3.5757796752907254
series_1,2024-01-10 21:00:00,16.020669804,11.030796669865897,10.602310935486413,3.044581744540581
series_1,2024-01-10 22:00:00,16.179134376,10.032560778829566,9.964692002235857,1.1649845842267874
series_1,2024-01-10 23:00:00,17.208333883999998,9.872558945258714,9.734421323921158,1.6457404461204979
series_1,2024-01-11 00:00:00,16.732284,9.579997890949652,9.540476522010346,0.8692912765978669
series_1,2024-01-11 01:00:00,17.787402143999998,9.300562917019676,9.216404676519621,1.248341064000058
series_1,2024-01-11 02:00:00,15.091207832,9.005279506653451,8.272440227615997,3.5583411406824443
series_1,2024-01-11 03:00:00,16.633858800000002,10.173899596871724,9.212330812811238,4.317544904521002
series_1,2024-01-11 04:00:00,16.914698704,10.542243804002288,9.914068074051302,3.5847117940081814
series_1,2024-01-11 05:00:00,17.004265636,11.649186745139811,11.376577899013066,2.5053995950403882
series_1,2024-01-11 06:00:00,15.834646175999998,12.21997473991366,12.043844249142676,2.0672683295887846
series_1,2024-01-11 07:00:00,14.514108076,11.46485112781872,11.162337903139537,2.61629966157943
series_1,2024-01-11 08:00:00,16.03346508,11.942320109232686,11.941670595158284,0.12455114658397659
series_1,2024-01-11 09:00:00,15.000984732,13.022244584774109,13.021939325551497,0.08916404731756222
series_1,2024-01-11 10:00:00,15.249672404000002,12.924666101602982,12.92460860803417,0.038550837270484806
series_1,2024-01-11 11:00:00,14.33563038,12.354878334888085,12.277682298163215,1.3789619484440463
series_1,2024-01-11 12:00:00,13.952428268,11.939804535936668,11.866794218324976,1.3183805733940137
series_1,2024-01-11 13:00:00,13.817913828000002,12.184260265446397,12.097002899554138,1.4555820362709602
series_1,2024-01-11 14:00:00,14.192257672,11.338743834971014,11.286881990179012,1.083238983265391
series_1,2024-01-11 15:00:00,11.852034499999998,10.878665990794808,10.877662976982004,-0.14772236956735263
series_1,2024-01-11 16:00:00,12.035433456,10.21303253184143,10.139101782765682,-1.226641159903389
series_1,2024-01-11 17:00:00,12.728674948,10.195676336868488,10.123127193362144,-1.2141300561273884
series_1,2024-01-11 18:00:00,12.131890152,9.426329822330784,9.402718951519372,0.6667610052343775
series_1,2024-01-11 19:00:00,11.220800884,9.362201826469288,9.263501348533516,1.355863490644469
series_1,2024-01-11 20:00:00,11.013123712,10.503393359371936,9.83609033542378,3.684100836714622
series_1,2024-01-11 21:00:00,10.053806096,9.499907418787735,9.006968929664326,3.020389323514388
series_1,2024-01-11 22:00:00,9.73917354,10.218728828029668,9.985733489818834,2.1696878879495936
series_1,2024-01-11 23:00:00,9.704068552,10.522911112482573,10.480323506996639,-0.9457681903632087
series_1,2024-01-12 00:00:00,8.63189004,10.662061542025905,10.630182159442091,-0.8238832338547075
series_1,2024-01-12 01:00:00,8.6778218,11.446437581159929,11.068085407321249,-2.91863302174713
series_1,2024-01-12 02:00:00,8.270013388,10.664358885572925,10.21267436801433,-3.0708032651411092
series_1,2024-01-12 03:00:00,8.54822862,10.830247471669624,9.890192938065809,-4.413427686667077
series_1,2024-01-12 04:00:00,8.447834916,11.439069557712312,10.923282185682645,-3.396206506991101
series_1,2024-01-12 05:00:00,8.841863799999999,11.98624785443248,11.69981261451229,-2.6047115796545226
series_1,2024-01-12 06:00:00,9.08628638,10.892648786223695,10.413510981228,-3.1950878898497255
series_1,2024-01-12 07:00:00,7.184383432,10.074335657716542,9.607092243153165,-3.032493623387408
series_1,2024-01-12 08:00:00,6.831365047999999,10.128667940730423,9.535871634003444,-3.4142446358438905
series_1,2024-01-12 09:00:00,6.519685248,10.418747819214142,9.942516592424637,-3.1139476440268252
series_1,2024-01-12 10:00:00,6.1496064960000005,10.437798944470028,9.336306556798188,-4.667014750637371
series_1,2024-01-12 11:00:00,6.744750872,9.909775680519084,8.349160239269088,-5.338087423152194
series_1,2024-01-12 12:00:00,6.068569748,11.021750946756336,8.926981973913563,-6.46436282782352
series_1,2024-01-12 13:00:00,6.058399144,11.235936124178469,8.548620311216085,-7.291594569179123
series_1,2024-01-12 14:00:00,6.049540876,10.787034592392402,9.290600861194914,-5.481318357424118
series_1,2024-01-12 15:00:00,6.55511832,8.677046903873832,7.1083880630501195,-4.976139278307331
series_1,2024-01-12 16:00:00,6.774278432,8.638727755370182,7.408847334768361,-4.442589155154785
series_1,2024-01-12 17:00:00,6.214239043999999,6.4590266620303645,3.8398475218106,-5.193707387797671
series_1,2024-01-12 18:00:00,5.983924076,6.181477616284448,3.9042739799758177,-4.792422165242692
series_1,2024-01-12 19:00:00,5.51509204,6.6740429400294525,5.816159398418676,-3.273398695170372
series_1,2024-01-12 20:00:00,3.7088255019446383,6.054177473561186,5.493829304023722,-2.5437972520674546
series_1,2024-01-12 21:00:00,4.645013272,3.983428410124649,3.463636107755594,-1.9674671056055468
series_1,2024-01-12 22:00:00,4.52099752,3.3566051093658267,2.8114852939420985,-1.833670718032026
series_1,2024-01-12 23:00:00,4.041666796,3.0276189696016638,2.264872884003049,-2.009185766523233
series_1,2024-01-13 00:00:00,3.912073616,2.483191611412903,-1.608052258636286,-1.8921967425418926
series_1,2024-01-13 01:00:00,3.713582796,3.7803930706701667,-3.644667904693429,1.003876303768855
series_1,2024-01-13 02:00:00,3.084973852,4.804762583950306,-4.625033084479455,1.301849628643525
series_1,2024-01-13 03:00:00,3.382874124,6.4455847683137675,-5.710935465991824,2.9884409160622862
series_1,2024-01-13 04:00:00,3.7319555,7.887278628651811,-6.181576067017869,4.898702021317431
series_1,2024-01-13 05:00:00,3.460958116,9.19534718127703,-8.75533399840798,2.810433482675006
series_1,2024-01-13 06:00:00,3.894685164,9.141028867897896,-7.776871652008072,4.804027068193511
series_1,2024-01-13 07:00:00,4.306430584,9.128694075244828,-6.737350785298052,6.159639592967576
series_1,2024-01-13 08:00:00,4.211942392,10.656101795263112,-10.030101210347938,3.598551817215715
series_1,2024-01-13 09:00:00,5.100721948,12.364289658816016,-11.894726189544155,3.375077427686222
series_1,2024-01-13 10:00:00,5.589239024,15.136674328092795,-14.600612191168524,3.9926223660452163
series_1,2024-01-13 11:00:00,6.209973952,16.77454347372212,-16.630340850540286,2.1947828928266007
series_1,2024-01-13 12:00:00,7.921260096,17.540391634438038,-17.24978149927767,3.179681889221258
series_1,2024-01-13 13:00:00,11.350394064,19.17701973240238,-18.849342226080445,3.5299268350846598
series_1,2024-01-13 14:00:00,12.167323224,20.287172547833883,-19.96916253028489,3.577976778103875
series_1,2024-01-13 15:00:00,15.80380628,19.908506246821585,-19.105705229375786,5.596485385305391
series_1,2024-01-13 16:00:00,16.062008388,17.14108590475574,-16.229518309415177,5.515393135450404
series_1,2024-01-13 17:00:00,18.269029456,17.22302682270176,-15.619292737206505,7.257433935279909
series_1,2024-01-13 18:00:00,20.43635236,17.056363034497828,-15.019290410059368,8.083343091993727
series_1,2024-01-13 19:00:00,22.712599152,15.42519009501857,-11.848040876353224,9.877267681890684
series_1,2024-01-13 20:00:00,19.15354392,12.208442799304203,-9.686812514152136,7.430460207789839
series_1,2024-01-13 21:00:00,18.485236812,9.91222113716345,-6.095248651000857,7.816653488194426
series_1,2024-01-13 22:00:00,17.81332078,9.755326987515778,-3.6558918314530464,9.044382762249093
series_1,2024-01-13 23:00:00,16.52231024,11.413379849488905,-0.7471678959128002,11.388897212813742
series_1,2024-01-14 00:00:00,16.906496604,12.632878460776919,2.682052458102139,12.344886099788432
series_1,2024-01-14 01:00:00,18.660105584,13.144742803304188,8.587849674492233,9.951537636633892
series_1,2024-01-14 02:00:00,17.147310259999998,10.909637700914026,9.381139401830884,5.569059012851339
series_1,2024-01-14 03:00:00,15.893373211999998,11.195513199997514,9.66910048323922,5.6434042612896045
series_1,2024-01-14 04:00:00,14.822507036,13.307868236370492,11.829355183303695,6.096368832661345
series_1,2024-01-14 05:00:00,19.314633164,13.161562982453894,12.714168950076415,3.4024473618284627
series_1,2024-01-14 06:00:00,16.353346979999998,14.49275316661128,13.682684723174532,4.777450482687138
series_1,2024-01-14 07:00:00,17.363517616,15.152440049717834,15.15115867575749,0.19705390712064608
series_1,2024-01-14 08:00:00,16.937336499999997,14.684429777007677,14.668397384862425,-0.6860000259700604
series_1,2024-01-14 09:00:00,14.624672384,14.959949131719394,14.959171803525225,-0.1525023811214654
series_1,2024-01-14 10:00:00,17.269029424,15.840017375584715,15.763285332577858,1.5572366495049632
series_1,2024-01-14 11:00:00,16.06627348,15.354929291047826,15.312504511522718,1.1406397843644307
series_1,2024-01-14 12:00:00,17.184383752,13.013373554086453,12.633641633932427,3.1207355420743133
series_1,2024-01-14 13:00:00,14.843504412,13.333505708283573,13.043209777114496,2.767138085281508
series_1,2024-01-14 14:00:00,13.566601484,13.22512304271473,12.365403889254853,4.690486771172587
series_1,2024-01-14 15:00:00,12.203412464,11.554848133199048,9.17316829497952,7.0262008805097524
series_1,2024-01-14 16:00:00,12.8690949,11.004551544105299,8.352431136185238,7.164987704256978
series_1,2024-01-14 17:00:00,12.852362616,11.57409574849006,6.11023091622477,9.829789954298448
series_1,2024-01-14 18:00:00,13.037073908,12.743040124103612,8.677153092351109,9.3323140654618
series_1,2024-01-14 19:00:00,12.8198823,13.094975574868537,9.62330999492258,8.880894664842428
series_1,2024-01-14 20:00:00,13.61712642,12.885199488532312,10.256909684709658,7.798985163403155
series_1,2024-01-14 21:00:00,14.185367907999998,13.63757831267576,11.858566032195194,6.734831393170179
series_1,2024-01-14 22:00:00,13.731299652,13.163733705724237,12.249926066736094,4.819045178738201
series_1,2024-01-14 23:00:00,13.995735356,14.020414504605165,10.868446189019954,8.857138381967424
series_1,2024-01-15 00:00:00,12.413386224,15.81817402033098,15.738890496723767,1.581757019776499
series_1,2024-01-15 01:00:00,12.471129008,19.246472828033166,19.223562241957012,0.9388136395598397
series_1,2024-01-15 02:00:00,13.259186776000002,17.81206093814488,17.51586388591837,-3.234814862425254
series_1,2024-01-15 03:00:00,12.643701192,16.247921876295955,15.837537608928212,-3.628686785050634
series_1,2024-01-15 04:00:00,11.590879636,14.347599975256928,13.639873176228242,-4.45056005311712
series_1,2024-01-15 05:00:00,11.881890144,14.772183975739889,14.522561858931413,-2.7041849911973372
series_1,2024-01-15 06:00:00,12.534777304,14.331347245460607,13.946150616375654,-3.3003631399190456
series_1,2024-01-15 07:00:00,11.495079108,13.506087645078297,12.989420596316855,-3.6999129785058655
series_1,2024-01-15 08:00:00,10.530840232,12.524769482123348,12.279183105464519,-2.4680990342373046
series_1,2024-01-15 09:00:00,10.294947836,11.367320441398563,11.179688949762594,-2.0568249813714696
series_1,2024-01-15 10:00:00,10.154855968,10.611077331557773,10.14590118995254,-3.107354369881055
series_1,2024-01-15 11:00:00,9.943241788,9.254223025140805,8.775113304761279,-2.9390526173663187
series_1,2024-01-15 12:00:00,9.864829712,8.581283862245842,8.499819164527446,-1.1796215048789418
series_1,2024-01-15 13:00:00,8.69586642,7.573054669892371,7.394471086041952,-1.634917242819408
series_1,2024-01-15 14:00:00,7.713582924000001,6.397098559776592,5.611020714027194,-3.0723470719066723
series_1,2024-01-15 15:00:00,6.166994948,4.937256213590544,4.579945000039306,1.8440723183360779
series_1,2024-01-15 16:00:00,5.868438508,6.508967307258022,5.929458823562649,2.6848041765888233
series_1,2024-01-15 17:00:00,5.65452774,6.687677394228942,5.650871993235996,3.5766848680505587
series_1,2024-01-15 18:00:00,5.1916012160000005,8.754478081331516,7.167035055207828,5.027374562725167
series_1,2024-01-15 19:00:00,5.451443744,8.930030779959433,7.927367265239152,4.111240442133929
series_1,2024-01-15 20:00:00,5.286089408,9.33097938956662,8.209562498949497,4.435116677648868
series_1,2024-01-15 21:00:00,5.407152404,9.164146721404002,7.96226451384797,4.53695150326043
series_1,2024-01-15 22:00:00,5.623687844,8.314604645898164,7.177214827496316,4.197646690415758
series_1,2024-01-15 23:00:00,5.494750832,7.694256446191831,6.918175333162653,3.3675558376045336
series_1,2024-01-16 00:00:00,5.370078912,7.499742950254155,6.26017410618253,4.129935166581753
series_1,2024-01-16 01:00:00,5.443241644,7.204998702707747,6.258171560910571,3.570335421249725
series_1,2024-01-16 02:00:00,4.778215376,6.499036157823278,5.2861955688299505,3.7806887452919153
series_1,2024-01-16 03:00:00,4.621719308,6.161885653838578,5.494115003071652,2.7898987694905086
series_1,2024-01-16 04:00:00,5.1263125,5.538748370808877,4.863594457685613,2.6501287640995432
series_1,2024-01-16 05:00:00,4.527231115999999,5.064796087168922,4.48740004727253,2.348488922762916
series_1,2024-01-16 06:00:00,4.553805919999999,4.664629907633647,4.3700861140179565,1.6312938212528478
series_1,2024-01-16 07:00:00,4.55052508,5.138198154876871,3.234123196046526,3.9926842389016803
series_1,2024-01-16 08:00:00,4.19783478,4.333384637588335,3.128251421980236,2.9987106326161603
series_1,2024-01-16 09:00:00,4.201443704,3.5337693500019633,2.9188002820726036,1.9920167500265122
series_1,2024-01-16 10:00:00,4.01246732,1.988361360275855,1.5731366409696528,1.216068257901984
series_1,2024-01-16 11:00:00,3.75492138,2.4365247058704473,-2.433923178346961,0.1125637784657999
series_1,2024-01-16 12:00:00,3.579068356,3.0878019325355477,-3.07966739254777,-0.2239855483023031
series_1,2024-01-16 13:00:00,3.622703528,6.533442181191504,-6.279917247602121,1.802361256308458
series_1,2024-01-16 14:00:00,3.356627404,6.705466818571176,-6.541773954278608,1.4725755620955656
series_1,2024-01-16 15:00:00,3.851049992,7.457089303256282,-7.130472566687065,2.18278305208338
series_1,2024-01-16 16:00:00,3.849737656,8.372799740008462,-7.833543183869418,2.956243676143552
series_1,2024-01-16 17:00:00,3.854330832,8.955271309735911,-8.498509798268765,2.8235111899386784
series_1,2024-01-16 18:00:00,3.863845268,11.234551817436872,-10.499720884271195,3.9963753441178977
series_1,2024-01-16 19:00:00,4.427821664,11.073604287785868,-10.353805314464166,3.92726717102913
series_1,2024-01-16 20:00:00,4.67027574,11.632562307897722,-11.555770274361564,1.3344209280824684
series_1,2024-01-16 21:00:00,5.109252132,12.185565144105187,-12.17970682373911,-0.37780890539294454
series_1,2024-01-16 22:00:00,5.5446196,12.730652729799422,-12.72940149030738,0.1784842438696943
series_1,2024-01-16 23:00:00,6.058399144,8.534546633981403,-7.5642499001218555,3.95229170179907
series_1,2024-01-17 00:00:00,5.260826939999999,10.376650107048773,-1.0356607973200833,10.324837730299185
series_1,2024-01-17 01:00:00,4.837926663999999,12.166054976838623,4.0178502582013405,11.48345649193357
series_1,2024-01-17 02:00:00,5.08694242,11.73588125280109,8.60795958517765,7.97708847636757
series_1,2024-01-17 03:00:00,5.828740344,9.871534808824974,8.996159687216675,-4.064026373430748
series_1,2024-01-17 04:00:00,5.940616988,11.23311504326243,10.190054550682103,-4.727119823877079
series_1,2024-01-17 05:00:00,6.62237554,11.425470941086736,7.521404234307713,-8.600573502375028
series_1,2024-01-17 06:00:00,7.180774508,11.379859243862338,8.1914347336701,-7.8994679196856135
series_1,2024-01-17 07:00:00,8.225722048,11.757612034926648,9.142605658012092,-7.392848067283489
series_1,2024-01-17 08:00:00,8.029527816,12.281132884460503,8.907468361273162,-8.454775710726732
series_1,2024-01-17 09:00:00,8.703412352,12.61323897557655,8.613021717912916,-9.214643473394064
series_1,2024-01-17 10:00:00,8.349081631999999,12.430036303997838,8.139031433783376,-9.39478418265105
series_1,2024-01-17 11:00:00,7.625328327999999,13.140911656584077,9.947816865905084,-8.586297151191637
series_1,2024-01-17 12:00:00,8.014435952,13.262997359083183,10.65376806744551,-7.89964080905745
series_1,2024-01-17 13:00:00,8.826115768,11.472628856347425,9.089355182438723,-7.0003453659780215
series_1,2024-01-17 14:00:00,8.845144640000001,12.38971030083283,10.170986280021722,-7.075023634601724
series_1,2024-01-17 15:00:00,9.9573494,12.13570892614512,11.379492703603674,-4.216939286822742
series_1,2024-01-17 16:00:00,8.631561956,12.925690490987634,12.740462207401212,-2.1803892795988418
series_1,2024-01-17 17:00:00,9.045932048,12.94599711120481,12.87095078485791,-1.39192927158272
series_1,2024-01-17 18:00:00,8.91076144,12.683368735982032,12.658131451518019,-0.7997191062972098
series_1,2024-01-17 19:00:00,8.860236504,12.389271465736522,12.171907851153197,2.3105641550816878
series_1,2024-01-17 20:00:00,8.10859606,12.289458684032159,12.26833679428256,0.72021319662039
series_1,2024-01-17 21:00:00,8.279855908,11.728473225415115,11.443272737118479,2.570718433278955
series_1,2024-01-17 22:00:00,7.435367692000001,12.484600599272643,12.435268399076485,1.1087614559897807
series_1,2024-01-17 23:00:00,6.682414912,13.814275412914613,13.045768903603705,4.543359868822172
series_1,2024-01-18 00:00:00,7.165354560000001,12.762167924714229,12.4790200648426,2.6733851873346746
series_1,2024-01-18 01:00:00,7.947834899999999,10.498082135916091,9.913859371362541,-3.4532768347306964
series_1,2024-01-18 02:00:00,7.509842760000001,11.019073109891874,10.986351065084854,-0.8485649508735702
series_1,2024-01-18 03:00:00,8.400918904,9.632363178581146,9.549566574528376,-1.2602375342514913
series_1,2024-01-18 04:00:00,7.67552518,10.421462828758123,9.512479546396122,-4.256714739160085
series_1,2024-01-18 05:00:00,8.504265364,9.20327639168121,8.482739020610644,-3.5697948190177935
series_1,2024-01-18 06:00:00,8.570538332,8.170879387785947,7.93405957088339,-1.952938477120802
series_1,2024-01-18 07:00:00,8.343504204,7.795380441708258,7.785358953278505,0.39514832604210115
series_1,2024-01-18 08:00:00,8.369750924,9.020483836794977,8.938913534857042,1.2103526206147595
series_1,2024-01-18 09:00:00,8.638123636,8.915188238881697,8.781745296322988,1.5367273294907022
series_1,2024-01-18 10:00:00,9.17979032,8.566414283017648,8.537604649147653,0.7019690328932884
series_1,2024-01-18 11:00:00,8.565945156,8.781786197391517,8.78047612207816,-0.15168350705151745
series_1,2024-01-18 12:00:00,8.297900528,9.105453797916544,8.93714909612338,1.7426000400705473
series_1,2024-01-18 13:00:00,8.955380864,8.274228988119766,7.957844251822954,2.266181857567883
series_1,2024-01-18 14:00:00,8.36942284,8.455839936574087,8.159549028153815,2.2187809017826408
series_1,2024-01-18 15:00:00,8.3579399,8.187963386832804,7.864452070719483,2.2788457717604667
series_1,2024-01-18 16:00:00,7.992782408,8.221663635339501,7.9530040973826335,2.0845811952713658
series_1,2024-01-18 17:00:00,7.774606547999999,8.029776067353069,7.649502180269753,2.441806725743138
series_1,2024-01-18 18:00:00,7.264435928,9.175986965598666,9.17530264678444,0.11206307485993794
series_1,2024-01-18 19:00:00,8.550853292,9.960322123253386,9.59614676029916,2.668704583458196
series_1,2024-01-18 20:00:00,8.976706324,8.865340173426548,8.74890976116177,1.4320734553852144
series_1,2024-01-18 21:00:00,8.467191871999999,8.267805972116605,8.245624915087086,-0.605215128910438
series_1,2024-01-18 22:00:00,7.246391308,8.490382662733307,8.416005509748969,1.1213603432961863
series_1,2024-01-18 23:00:00,7.493766644,7.972296993803984,7.862677668453658,1.3175049295604881
series_1,2024-01-19 00:00:00,6.829396544,7.768660334565712,7.694548753255142,1.070515239328419
series_1,2024-01-19 01:00:00,6.8270999560000005,8.386253024514724,8.377769785759384,0.3771116651597135
series_1,2024-01-19 02:00:00,7.07513146,8.410367641895856,8.140240461458701,-2.1144193296220815
series_1,2024-01-19 03:00:00,7.0935041640000005,7.768880751824475,7.042603345000329,-3.279824120445942
series_1,2024-01-19 04:00:00,6.40255926,7.011170147018493,6.618721007065599,-2.3127989668520432
series_1,2024-01-19 05:00:00,5.592519864,6.792690698567608,6.781284895281538,-0.39347438980618776
series_1,2024-01-19 06:00:00,5.253609092,6.728746619654462,6.48308964392066,-1.8015492611638588
series_1,2024-01-19 07:00:00,5.007546092,7.104480062939072,7.058658754911258,-0.8055889438252075
series_1,2024-01-19 08:00:00,5.066929296,5.89678860271756,3.9522784474647,-4.376255351193042
series_1,2024-01-19 09:00:00,5.173556596,4.974612470638909,3.7371492420072254,-3.2833648557540736
series_1,2024-01-19 10:00:00,4.988517219999999,4.643134709479339,2.437831872717125,-3.951667457002968
series_1,2024-01-19 11:00:00,4.569882036,4.982043750758931,1.0405110089796676,-4.872175774196599
series_1,2024-01-19 12:00:00,4.311679928,5.4760143136702935,1.4486608005298658,-5.2809198676490166
series_1,2024-01-19 13:00:00,4.021653672,5.244063688142103,1.0946726840032053,-5.128537382157585
series_1,2024-01-19 14:00:00,4.08300538,6.111087864693999,-0.47224942248804935,-6.092813420167235
series_1,2024-01-19 15:00:00,4.06332034,4.93138887892446,0.1421907617337177,-4.929338501508841
series_1,2024-01-19 16:00:00,4.234908272,4.4500783954155265,0.2363410382134079,-4.443797997096654
series_1,2024-01-19 17:00:00,3.6335303,4.181959900555116,0.7502029553237813,-4.114120092519714
series_1,2024-01-19 18:00:00,3.5830053640000004,3.9587474798071,1.4034324162532592,-3.7016292442502405
series_1,2024-01-19 19:00:00,3.472441056,6.329083594475973,2.1909656137964344,-5.937757895454017
series_1,2024-01-19 20:00:00,3.520997488,7.688811474065927,1.3855260856142582,-7.562945150522401
series_1,2024-01-19 21:00:00,3.721128728000001,8.128230249952521,1.6768758180014836,-7.953377552162671
series_1,2024-01-19 22:00:00,3.530511924,8.273439026738219,3.3068378577092306,-7.583839180255344
series_1,2024-01-19 23:00:00,4.083333464,10.182912580047926,1.997029180439076,-9.985168154085995
series_1,2024-01-20 00:00:00,4.42257232,10.632478428439827,1.7179313558460527,-10.492774151188007
series_1,2024-01-20 01:00:00,5.0770999,10.697287744106108,0.8917732250672641,-10.660051857062228
series_1,2024-01-20 02:00:00,5.4872049,10.160011610099621,-1.0588353678792175,-10.104687208473461
series_1,2024-01-20 03:00:00,5.002624832,9.395229848386085,0.006309811014312938,-9.39522772955982
series_1,2024-01-20 04:00:00,4.873031652,10.509483736983974,1.6448105794200991,-10.379973341765304
series_1,2024-01-20 05:00:00,5.313976547999999,9.300241125389784,3.473328160682755,-8.627309921325393
series_1,2024-01-20 06:00:00,5.512139284,10.063089582599282,2.80270685074708,-9.66491625707091
series_1,2024-01-20 07:00:00,5.134842684,10.226100845255191,4.104619640743486,-9.366175105247164
series_1,2024-01-20 08:00:00,5.278543476,10.124756035466898,3.5621817423401763,-9.47742296261287
series_1,2024-01-20 09:00:00,5.661417504,9.704384925734228,4.8326426166605465,-8.415500705629704
series_1,2024-01-20 10:00:00,6.053805968,8.652066467881298,4.817160083781439,-7.187017663249392
series_1,2024-01-20 11:00:00,5.76279546,7.50098986011854,3.984858046458471,-6.354978775037438
series_1,2024-01-20 12:00:00,5.282480484000001,6.9456821462631035,3.3175344932333726,-6.1021689064729125
series_1,2024-01-20 13:00:00,5.296260012,6.539915632025313,2.368099948337763,-6.096113442898822
series_1,2024-01-20 14:00:00,4.783792804,6.884379953729345,2.3857353016375757,-6.457782469070224
series_1,2024-01-20 15:00:00,4.230315096,7.574779887186585,0.545883325972135,-7.555084495474025
series_1,2024-01-20 16:00:00,4.429462084,7.593815288724246,1.4639361881657487,-7.4513704428273355
series_1,2024-01-20 17:00:00,4.08300538,5.9923328740451485,1.5361187492740418,-5.792097414710058
series_1,2024-01-20 18:00:00,3.81561692,5.082541192294397,2.0705836194685845,-4.641649323910385
series_1,2024-01-20 19:00:00,3.458333444,4.942820104450359,1.519626907305466,-4.703424778557842
series_1,2024-01-20 20:00:00,3.524606412,5.638760210736774,1.6296494337487082,-5.398134810957462
series_1,2024-01-20 21:00:00,3.341863624,5.288207758441406,0.9062149179796563,-5.209982324237866
series_1,2024-01-20 22:00:00,3.01509196,6.896213569060459,2.5550664589439545,-6.405419344623207
series_1,2024-01-20 23:00:00,3.12828094,7.970950114486712,2.715973180044008,-7.493966600734044
series_1,2024-01-21 00:00:00,3.409777012,8.841363593687662,2.101894933759765,-8.587883783751423
series_1,2024-01-21 01:00:00,3.574147096,8.47390843862732,0.8136051210571709,-8.434759684379207
series_1,2024-01-21 02:00:00,4.158792784,8.2086956818109,0.9014768638180112,-8.15904554838259
series_1,2024-01-21 03:00:00,4.815945036,9.152980475460456,3.067656779342722,-8.623603276375425
series_1,2024-01-21 04:00:00,5.219488356,8.979662844356849,2.0077798960044113,-8.752323387965246
series_1,2024-01-21 05:00:00,5.772309896,8.083767741835592,1.7288148666632404,-7.896739837473808
series_1,2024-01-21 06:00:00,5.681430628,8.957080056723566,1.177767770812585,-8.879310008136342
series_1,2024-01-21 07:00:00,6.305446396,8.536015310380481,0.23124721082431654,-8.532882403182173
series_1,2024-01-21 08:00:00,6.772309928,9.101982755775671,1.445236862380459,-8.986511030319518
series_1,2024-01-21 09:00:00,7.295931992000001,10.183331498764591,4.280200882375285,-9.240136407015045
series_1,2024-01-21 10:00:00,8.004593432,9.880096979392363,2.979737812376542,-9.420057265839286
series_1,2024-01-21 11:00:00,8.44652258,10.397985808942162,3.2830452066466904,-9.866089552303729
series_1,2024-01-21 12:00:00,9.869422888,12.102126070417807,3.1946992893351673,-11.672846776815316
series_1,2024-01-21 13:00:00,10.003937328,11.802191805707732,2.803997040783369,-11.464263256485035
series_1,2024-01-21 14:00:00,9.507218152,11.231713560129787,3.777097365940927,-10.577567063602359
series_1,2024-01-21 15:00:00,9.853674856,10.493128193371609,5.309795256528353,-9.050514549807604
series_1,2024-01-21 16:00:00,7.290354564,9.263634109716321,5.076650193392645,-7.74871213380818
series_1,2024-01-21 17:00:00,7.0456039,8.519836673402818,4.6605569706260495,-7.132098265237835
series_1,2024-01-21 18:00:00,6.472769236,8.270661256563821,6.759250184673264,-4.766169799935823
series_1,2024-01-21 19:00:00,5.967519876,9.723376693140809,8.659540913860326,-4.42226248405643
series_1,2024-01-21 20:00:00,5.708333516,7.836760287572775,6.177596384760272,-4.822044660916626
series_1,2024-01-21 21:00:00,5.388123532,7.826802825879454,5.1714079657674255,-5.874979329903368
series_1,2024-01-21 22:00:00,5.605643224,8.267116600620414,5.272335717573875,-6.367707041741824
series_1,2024-01-21 23:00:00,5.923228536,9.771824430597189,6.071079315404945,-7.6570587465735365
series_1,2024-01-22 00:00:00,6.190616996,9.35635800967634,4.719435155434729,-8.078884020635607
series_1,2024-01-22 01:00:00,6.225065816,10.537989973367015,4.198487465223732,-9.66550235027352
series_1,2024-01-22 02:00:00,6.833005468,10.048510687306589,4.098459631002237,-9.174704119804613
series_1,2024-01-22 03:00:00,6.0203414,8.825555775909365,4.1595882375293165,-7.783846121802185
series_1,2024-01-22 04:00:00,5.4012468920000005,9.221389083448113,3.6791862013129,-8.455625673148308
series_1,2024-01-22 05:00:00,4.995406984,9.467221836578428,4.884082723631464,-8.110118695291215
series_1,2024-01-22 06:00:00,5.302821692,9.329280503746093,4.4661207459474905,-8.190802170739712
series_1,2024-01-22 07:00:00,5.14435712,9.058693898876383,4.870628313697683,-7.6378606286935256
series_1,2024-01-22 08:00:00,4.706693064,9.294783503147091,4.607876780009338,-8.072203661369434
series_1,2024-01-22 09:00:00,5.181430612,7.831326428367605,4.2410726142357635,-6.583538312216945
series_1,2024-01-22 10:00:00,5.124343996,7.432786230651358,3.893972308215036,-6.331136613074692
series_1,2024-01-22 11:00:00,5.280183896,7.598000944970543,4.088523973728272,-6.404185356157521
series_1,2024-01-22 12:00:00,4.716535584,7.045691504234838,3.8501691983876776,-5.900675039064069
series_1,2024-01-22 13:00:00,3.906824272,7.086938764382778,4.848168767421904,-5.169135387345362
series_1,2024-01-22 14:00:00,3.625656284,5.519055386809265,5.237327521809492,-1.7407965969535926
series_1,2024-01-22 15:00:00,3.3585959080000003,6.719598950770911,5.901659209242296,3.213009280591503
series_1,2024-01-22 16:00:00,2.844816364,6.434672451749126,6.115469467328063,2.001510118754667
series_1,2024-01-22 17:00:00,2.580052576,6.655861179928895,6.107476152601356,2.6456044851583913
series_1,2024-01-22 18:00:00,2.387139184,8.414832199346115,5.756583888865271,6.137682206958012
series_1,2024-01-22 19:00:00,2.799540772,9.372013744659448,6.0728478514970385,7.138288352445103
series_1,2024-01-22 20:00:00,3.638123476,11.944121852488374,9.401018685037831,7.36769261781868
series_1,2024-01-22 21:00:00,4.755249496,11.718052978012238,10.163715762677477,5.831950573436206
series_1,2024-01-22 22:00:00,5.428805948,11.705710715619173,10.369104850795477,5.431880701098953
series_1,2024-01-22 23:00:00,7.02263802,11.187283682490675,9.191143528585572,6.377946129394764
series_1,2024-01-23 00:00:00,6.43536766,11.720113995676563,9.717561292419832,6.552104593160696
series_1,2024-01-23 01:00:00,7.7181761,11.230457934140265,10.230030361494448,4.633536901050406
series_1,2024-01-23 02:00:00,8.121391336,11.674710482090388,9.105793478114144,7.306393773577024
series_1,2024-01-23 03:00:00,7.714239092000001,11.936767618926376,9.8418008489519,6.754655967391599
series_1,2024-01-23 04:00:00,7.849081615999999,11.205077453440285,9.196889669186733,6.400857844883151
series_1,2024-01-23 05:00:00,7.546260084,11.37321846370279,11.018050620321793,2.8200458774879196
series_1,2024-01-23 06:00:00,8.280183992,10.939774685919605,10.267575862246206,3.775653068239518
series_1,2024-01-23 07:00:00,8.337926776,10.346897042166768,9.862794902093405,3.1278675036580053
series_1,2024-01-23 08:00:00,9.562992432,9.847353956153007,9.800709449269858,0.9573266050595424
series_1,2024-01-23 09:00:00,9.228346752,8.04829652586291,7.953793019994476,-1.2297371927790595
series_1,2024-01-23 10:00:00,8.590551456,7.563843946866911,7.332368147701694,-1.8569094213571242
series_1,2024-01-23 11:00:00,9.244094784,6.614941296743404,5.527159134308548,-3.6342757550013842
series_1,2024-01-23 12:00:00,8.54330736,7.781522488520864,5.627714052991699,-5.37409776400799
series_1,2024-01-23 13:00:00,8.099081624,8.747700915973866,6.219680996597427,-6.151246996820632
series_1,2024-01-23 14:00:00,7.473425435999999,8.089022542442828,5.67784321371836,-5.76145659816861
series_1,2024-01-23 15:00:00,6.8448164920000005,8.240951267652438,5.052680438069319,-6.510276352550171
series_1,2024-01-23 16:00:00,6.289698364,8.443966253042841,3.761494932979625,-7.559875789435628
series_1,2024-01-23 17:00:00,6.001312528,8.930394839434038,4.786112445834646,-7.539567603252644
series_1,2024-01-23 18:00:00,5.893372892,8.511687242492613,5.007495570637442,-6.882863344862942
series_1,2024-01-23 19:00:00,6.049540876,8.166491567765666,5.657680414395997,-5.889162661613929
series_1,2024-01-23 20:00:00,5.717191784,8.035699148495144,4.148953151237947,-6.881762023926597
series_1,2024-01-23 21:00:00,5.314960800000001,6.528868736212961,2.842533416713011,-5.8775956606055235
series_1,2024-01-23 22:00:00,5.035433232,7.244820701072554,3.8687147530015578,-6.125395754610269
series_1,2024-01-23 23:00:00,4.575459464000001,6.757556492685096,2.825413840711419,-6.138534546660697
series_1,2024-01-24 00:00:00,4.000000128,5.69163780071357,-2.5620288251919963,-5.082396005172848
series_1,2024-01-24 01:00:00,3.962598552,6.263394786317384,-2.768944524014657,-5.618101144710465
series_1,2024-01-24 02:00:00,4.180118244,7.271219355396168,-5.493382331376968,-4.763757075628774
series_1,2024-01-24 03:00:00,4.511483084,7.502472549217462,-5.661543646110544,-4.922805896533692
series_1,2024-01-24 04:00:00,4.868438476,7.912346651908665,-6.217505468604249,-4.893654594252288
series_1,2024-01-24 05:00:00,4.975065776,7.520478118535393,-5.855643563886515,-4.719007266797126
series_1,2024-01-24 06:00:00,5.168635336,6.752865064374278,-5.943906928149499,-3.204864584837089
series_1,2024-01-24 07:00:00,5.96456712,6.203049551026914,-5.479702868501518,-2.9070053672863128
series_1,2024-01-24 08:00:00,5.28543324,7.073430678751607,-6.859990732022177,-1.7245140543568391
series_1,2024-01-24 09:00:00,4.935695696,5.715637052288453,-5.557991834151834,-1.3331292829257666
series_1,2024-01-24 10:00:00,4.496719304,5.391184314937461,-5.389507069772863,-0.13446881607283578
series_1,2024-01-24 11:00:00,4.041666796,4.628943039421204,-4.414797286296156,1.3916459977731783
series_1,2024-01-24 12:00:00,3.768372824,5.264761616633455,-5.0239918109054615,1.5739190461811488
series_1,2024-01-24 13:00:00,3.306430552,5.828035330623338,-5.311610769781416,2.3984967886857707
series_1,2024-01-24 14:00:00,3.027231068,6.261134947923203,-4.4649972039637404,4.389260849471272
series_1,2024-01-24 15:00:00,2.794947596,6.832305455655907,-4.215361198558337,5.376906899424081
series_1,2024-01-24 16:00:00,2.761154944,6.9953202185036805,-4.728784494069721,5.1549104907895495
series_1,2024-01-24 17:00:00,2.449475144,6.781320347948196,-3.8490572360477837,5.583105234108025
series_1,2024-01-24 18:00:00,2.440616876,7.567974920829825,-3.831308758630176,6.526508836916785
series_1,2024-01-24 19:00:00,2.42618118,7.87565979379241,-3.320805186188127,7.141307310496051
series_1,2024-01-24 20:00:00,2.60170612,8.963552537375996,-3.801148066427272,8.117668844403292
series_1,2024-01-24 21:00:00,2.978346552,9.430422736608113,-4.153798357102219,8.466335228401375
series_1,2024-01-24 22:00:00,3.292651024,10.935851111422053,-2.913753563614742,10.54053507663218
series_1,2024-01-24 23:00:00,3.918307212,11.320355555060358,-3.0312955107123543,10.906956377455675
series_1,2024-01-25 00:00:00,4.488517204,11.708688748407837,-2.4641498913721143,11.446456111825315
series_1,2024-01-25 01:00:00,4.615157628,11.810241021578491,-1.2245351948009895,11.746587016851707
series_1,2024-01-25 02:00:00,5.281824316000001,10.778726574702286,-2.324930440173417,10.52500095109489
series_1,2024-01-25 03:00:00,5.180774444,10.39001838136392,-1.0800940761339126,10.333725308511958
series_1,2024-01-25 04:00:00,5.601378132,10.64098633977741,-0.7443126805883697,10.61492293504031
series_1,2024-01-25 05:00:00,5.9517718440000005,10.083307983757894,-1.5789644825227827,9.958914150561156
series_1,2024-01-25 06:00:00,5.726050052000001,9.145555565758567,-2.1379614091766497,8.892148650312189
series_1,2024-01-25 07:00:00,5.272966048,9.003382416151856,-1.7944777097577327,8.822740202491236
series_1,2024-01-25 08:00:00,5.05085318,8.483594868870854,-0.8219149658920439,8.443686261815664
series_1,2024-01-25 09:00:00,5.167651084,8.10114653035682,0.7478601454776493,8.066553186406104
series_1,2024-01-25 10:00:00,4.52099752,8.425823359624479,6.801294182036709,4.97362008370032
series_1,2024-01-25 11:00:00,4.585630068,8.921619158314725,7.480984134701672,4.861086790250737
series_1,2024-01-25 12:00:00,4.225065752,6.637624067171817,6.608253134862867,-0.6237337273818263
series_1,2024-01-25 13:00:00,4.323819036000001,7.718140814422998,6.821904243746725,-3.6098919818205815
series_1,2024-01-25 14:00:00,3.622375444,8.097466494131089,6.3817192241851455,-4.984237491055312
series_1,2024-01-25 15:00:00,4.020997504,8.719295686621955,4.166976741090462,-7.6591397761077165
series_1,2024-01-25 16:00:00,3.765420068,9.103107698416132,3.704401387795947,-8.315285931767981
series_1,2024-01-25 17:00:00,3.648950248,9.485012473653633,3.1836208677840285,-8.934764674885123
series_1,2024-01-25 18:00:00,3.682414816,8.784306346750917,2.1254435326165275,-8.52329324752041
series_1,2024-01-25 19:00:00,3.713254712,7.927157975467361,1.0213499783668814,-7.861086298324537
series_1,2024-01-25 20:00:00,3.314960736,6.16970272394775,0.32153846987667234,-6.1613184233796625
series_1,2024-01-25 21:00:00,3.662401692,6.245910709749883,0.20568827244333543,-6.2425229618118
series_1,2024-01-25 22:00:00,3.308399056,7.077764489040858,-1.4273370081360899,-6.9323487525897685
series_1,2024-01-25 23:00:00,3.4977035240000003,7.50957172579134,-0.9956851392482138,-7.443270692933651
series_1,2024-01-26 00:00:00,3.3431759599999995,7.989157650000383,-3.002917409295289,-7.403318647033296
series_1,2024-01-26 01:00:00,3.900262592,7.992212302140616,-2.66213485701191,-7.535814188630846
series_1,2024-01-26 02:00:00,4.274606436,7.797415582280616,-4.419363472174979,-6.424088749666996
series_1,2024-01-26 03:00:00,4.780840048,7.184614318474518,-4.42897527358506,-5.657107116822273
series_1,2024-01-26 04:00:00,4.59645684,7.178420750305036,-4.736886072397101,-5.3936661748332435
series_1,2024-01-26 05:00:00,4.220472576,7.786869457190397,-7.6061884528375705,-1.6677029601356104
series_1,2024-01-26 06:00:00,4.315288852,7.648890918239669,-7.548828684867401,-1.2331738586478371
series_1,2024-01-26 07:00:00,4.405511952,6.4174032062907544,-5.973995537254875,-2.3440224471983404
series_1,2024-01-26 08:00:00,4.407480456,6.222945766098386,-6.1970936201698965,-0.5666433363689951
series_1,2024-01-26 09:00:00,4.178477824,7.46325391521464,-7.395568745862229,1.0028568832053897
series_1,2024-01-26 10:00:00,4.16010512,8.287874770669287,-7.976339879292805,2.2509709781113836
series_1,2024-01-26 11:00:00,4.43569568,9.94037956553687,-9.786259247153776,1.7436386823078347
series_1,2024-01-26 12:00:00,4.813976532,8.690739519567222,-8.052074187510163,3.270023650648424
series_1,2024-01-26 13:00:00,5.107283628,7.879415836832226,-7.526501622895992,2.3317305269405564
series_1,2024-01-26 14:00:00,5.05905528,9.2897158076353,-8.82309790089696,2.9071916376146985
series_1,2024-01-26 15:00:00,4.959645828,7.318049455265508,-7.046791322865234,1.9739756537766744
series_1,2024-01-26 16:00:00,4.633530332,8.985543494341595,-8.601774849827018,2.5979725405761966
series_1,2024-01-26 17:00:00,4.277887276,9.616370717626975,-8.979005545094983,3.442679944459995
series_1,2024-01-26 18:00:00,4.482611692,8.307516239598861,-8.159015064682889,1.5637452623354255
series_1,2024-01-26 19:00:00,4.73425212,9.210093144543295,-9.19204652821879,0.576278018168556
series_1,2024-01-26 20:00:00,4.850393856,9.90001905424262,-9.780998800640463,1.5305030990614736
series_1,2024-01-26 21:00:00,5.35925214,9.803890967089895,-9.767322135048385,0.8459884188218487
series_1,2024-01-26 22:00:00,5.425853192,8.635920129965545,-8.069543473932123,-3.07596889019762
series_1,2024-01-26 23:00:00,5.4872049,9.128662713728888,-8.55053144510478,-3.197013441838874
series_1,2024-01-27 00:00:00,5.496063168,10.197553375335424,-9.144649362724383,-4.512813188648454
series_1,2024-01-27 01:00:00,5.421260016000001,10.93068117251857,-10.090986187345706,-4.201403177755037
series_1,2024-01-27 02:00:00,5.777887324,10.087629005267816,-8.828556999711754,-4.880250019288061
series_1,2024-01-27 03:00:00,5.366469988,8.41160479865227,-7.1203094611366895,-4.478424775114265
series_1,2024-01-27 04:00:00,5.009842679999999,8.140155785884936,-6.2946636650254835,-5.16133176250897
series_1,2024-01-27 05:00:00,4.840223252,7.689150786548205,-5.545796190660818,-5.326085281886391
series_1,2024-01-27 06:00:00,4.606955527999999,9.714668552049941,-5.22923944680624,-8.187175329999576
series_1,2024-01-27 07:00:00,5.20997392,10.469871041756544,-5.126809320018265,-9.128747221124382
series_1,2024-01-27 08:00:00,4.69488204,10.481551647601497,-5.53319327176014,-8.902061399399916
series_1,2024-01-27 09:00:00,5.36745424,9.556525984516448,-4.100441503740091,-8.632124209436734
series_1,2024-01-27 10:00:00,5.482611724,10.24966023758398,-4.622685525368535,-9.148022382977553
series_1,2024-01-27 11:00:00,5.716207531999999,9.451556102975426,-4.288765376600489,-8.42249394847897
series_1,2024-01-27 12:00:00,6.446194432,10.166632264380787,-4.714528182919196,-9.007421141015282
series_1,2024-01-27 13:00:00,6.616798112,9.637775805800823,-5.24813201555219,-8.083553230493123
series_1,2024-01-27 14:00:00,6.176837468,9.006540510613707,-3.456244304941845,-8.316979456141688
series_1,2024-01-27 15:00:00,6.12368786,8.964550489636242,-1.292083049620775,-8.870946222028406
series_1,2024-01-27 16:00:00,5.48884532,9.206215473900123,-0.27872874130016057,-9.201995090231861
series_1,2024-01-27 17:00:00,5.396653716,9.083616233242847,-1.3432223986417404,-8.983754085048192
series_1,2024-01-27 18:00:00,5.085958168,8.20298108716057,0.012566674884199047,-8.202971461305735
series_1,2024-01-27 19:00:00,4.644685188,8.346669203954,-0.5662026889918448,-8.32744266358001
series_1,2024-01-27 20:00:00,4.526574948,7.371265518994789,0.6556336363809017,-7.3420501146728405
series_1,2024-01-27 21:00:00,4.065945012,8.123024163831799,4.015113245786563,-7.061330412160627
series_1,2024-01-27 22:00:00,3.841535556,6.648337716668194,0.6351837632143368,-6.617925353297794
series_1,2024-01-27 23:00:00,4.152231104,5.856143820033538,0.5162205696530852,-5.83334696074081
series_1,2024-01-28 00:00:00,4.152231104,5.208564961685954,3.0624559766982653,-4.213135691013011
series_1,2024-01-28 01:00:00,4.313976515999999,3.8940544447868266,0.05059075163615179,-3.893725798616658
series_1,2024-01-28 02:00:00,3.7073492,3.774719576818247,3.569609097021556,-1.2273543816175816
series_1,2024-01-28 03:00:00,3.98458018,5.266351618752074,4.790686084995,-2.1871868249804045
series_1,2024-01-28 04:00:00,3.702099856,5.2221285290429496,4.161713675146537,-3.1544834220427576
series_1,2024-01-28 05:00:00,3.818241592,5.851303365668914,4.681492019009954,-3.510182837550556
series_1,2024-01-28 06:00:00,4.453084132,5.804824099490682,5.408995405938975,-2.106834479630253
series_1,2024-01-28 07:00:00,3.943897764,5.206127468380626,3.396673029306826,-3.945424634815226
series_1,2024-01-28 08:00:00,3.79101062,3.86197198521056,-0.5819064532677051,-3.817880628594429
series_1,2024-01-28 09:00:00,3.43175864,1.6504379766690414,-1.4527863030612225,-0.783171419594143
series_1,2024-01-28 10:00:00,2.988189072,2.692207195246982,-1.5250697394800514,2.2185900639509475
series_1,2024-01-28 11:00:00,3.027231068,2.554820805900543,-1.2243163748898673,2.2423556284494293
series_1,2024-01-28 12:00:00,3.273950236,2.3154621796770516,0.04270843715525441,2.315068270032346
series_1,2024-01-28 13:00:00,2.95603684,1.9031601808177963,-1.148288954620022,1.5177124729500262
series_1,2024-01-28 14:00:00,3.4530841,2.2604639956790655,-2.2412192617960174,0.2943360261943524
series_1,2024-01-28 15:00:00,3.993110364,2.2664064892439324,-2.1924594890933764,0.5742122979973666
series_1,2024-01-28 16:00:00,4.109908268,2.8224750218115653,-2.3974795762449217,1.4894485322557023
series_1,2024-01-28 17:00:00,4.53084004,3.5489367324859358,-3.5057971031936344,0.5516689246523413
series_1,2024-01-28 18:00:00,5.186351872,4.387712863724573,-3.5738659833743767,2.545487400749333
series_1,2024-01-28 19:00:00,4.314960768,5.522348325864091,-4.402213774008025,3.3341932937530703
series_1,2024-01-28 20:00:00,3.956036872,5.954332936028061,-4.840397916268062,3.46765464330812
series_1,2024-01-28 21:00:00,2.91830718,5.54824411522517,-5.453290875573352,1.0220721053424544
series_1,2024-01-28 22:00:00,2.99704734,6.055561192682074,-6.042511457022226,-0.39733694778144624
series_1,2024-01-28 23:00:00,3.28084,7.121379141346694,-6.986564830473103,-1.3791130281467563
series_1,2024-01-29 00:00:00,3.40715234,8.014702566356544,-7.2543909409611445,-3.4072377819669493
series_1,2024-01-29 01:00:00,3.273294068,9.221957244369518,-7.866483914590361,-4.812787782405383
series_1,2024-01-29 02:00:00,4.12073504,10.48541663012675,-8.908154876439326,-5.530708689192448
series_1,2024-01-29 03:00:00,4.59645684,11.449340881329933,-9.374875395743686,-6.57260358847029
series_1,2024-01-29 04:00:00,5.097113024,12.561283070889177,-8.891874447163062,-8.872451814627997
series_1,2024-01-29 05:00:00,6.16305794,12.07402772363427,-7.893518918691459,-9.136438285861125
series_1,2024-01-29 06:00:00,7.102690515999999,10.402185645642664,-8.324790773069946,-6.237252984369302
series_1,2024-01-29 07:00:00,7.147966108,10.142083795391152,-8.008593077090689,-6.222885234223019
series_1,2024-01-29 08:00:00,7.112204952000001,11.706926515069748,-6.149790578172844,-9.96153624065383
series_1,2024-01-29 09:00:00,8.065617056,11.070170312490811,-5.464032747745491,-9.627721271366228
series_1,2024-01-29 10:00:00,9.794291652,11.864595913657457,-5.908925045640432,-10.288500425201937
series_1,2024-01-29 11:00:00,9.728674852,12.138643085538037,-4.2548964214281275,-11.368487691905134
series_1,2024-01-29 12:00:00,10.236876968,13.139975958411267,-3.880031376684618,-12.554056105640477
series_1,2024-01-29 13:00:00,10.184055444,12.769431646950016,-4.733402040764911,-11.859733964411308
series_1,2024-01-29 14:00:00,10.622703752,11.553244827804804,-4.519451882383779,-10.632592380695133
series_1,2024-01-29 15:00:00,10.884842868,12.248094859334465,-5.509260542863735,-10.939098498235591
series_1,2024-01-29 16:00:00,11.513451812,13.473410064983101,-6.692071543569182,-11.693970978027075
series_1,2024-01-29 17:00:00,12.3359584,14.574746152726732,-9.626141877001393,-10.943519451267164
series_1,2024-01-29 18:00:00,13.796260284,14.673339874240602,-5.196046698605766,-13.72253627325821
series_1,2024-01-29 19:00:00,13.19225764,15.48522886420061,-7.9454058130469285,-13.29145738595553
series_1,2024-01-29 20:00:00,12.8198823,15.324627083886337,-9.933772866006127,-11.66894819196585
series_1,2024-01-29 21:00:00,14.175525388,15.466002618996994,-6.497072842760766,-14.035144512497276
series_1,2024-01-29 22:00:00,14.225066072,15.699063498030688,-6.616353035660568,-14.236729512872845
series_1,2024-01-29 23:00:00,13.533793084,15.83480358033766,-6.514596467626717,-14.432637918684854
series_1,2024-01-30 00:00:00,13.311680216,15.190815858488017,-4.153753863095948,-14.611886096302095
series_1,2024-01-30 01:00:00,14.065289164,15.415417418635352,-6.066905549788631,-14.171370831387842
series_1,2024-01-30 02:00:00,13.842520128,13.347554391559159,-4.866408050980597,-12.428808507535283
series_1,2024-01-30 03:00:00,13.382874444,13.368572712821079,-3.960590262269651,-12.768416548358655
series_1,2024-01-30 04:00:00,12.731627704,14.476170733816796,-4.135394255196369,-13.872924474266512
series_1,2024-01-30 05:00:00,12.48195578,13.010770491502223,-3.200995568396798,-12.610859453409551
series_1,2024-01-30 06:00:00,11.223425556,12.174654943448457,-1.8526577348301583,-12.03286675358819
series_1,2024-01-30 07:00:00,11.348753644,10.881254977549858,-4.9949559303251085,-9.667063935888889
series_1,2024-01-30 08:00:00,10.617454408,12.034416406558554,-4.828454479013045,-11.023302844000275
series_1,2024-01-30 09:00:00,10.221128936,11.118703532712908,-4.848881425632348,-10.005694237209138
series_1,2024-01-30 10:00:00,9.35203442,11.24234339376093,-7.271084372219469,-8.574474738157775
series_1,2024-01-30 11:00:00,9.344488488,11.444605638635196,-5.1857791634893085,-10.202288600671942
series_1,2024-01-30 12:00:00,8.977362492,10.793841218872913,-6.181203479282797,-8.848713567855055
series_1,2024-01-30 13:00:00,8.554134132,9.729228537678495,-5.805667934170325,-7.80718308844644
series_1,2024-01-30 14:00:00,8.153215484,9.455343682079524,-5.743019121063682,-7.511408358046987
series_1,2024-01-30 15:00:00,8.00032834,9.151189392426081,-7.274505319876876,-5.5521022727553095
series_1,2024-01-30 16:00:00,8.898622332,7.6206406893192975,-3.6422315115586725,-6.693901263980365
series_1,2024-01-30 17:00:00,8.855643328,7.520382018233893,-1.7609268018743904,-7.31131195467791
series_1,2024-01-30 18:00:00,4.99002586425329,8.06660391142985,-2.2657422650605477,-7.741867387924804
series_1,2024-01-30 19:00:00,7.862204975999999,7.7840455747932396,-2.629904281009203,-7.3263202894214015
series_1,2024-01-30 20:00:00,6.983596024,7.720294127144834,-3.52775560067392,-6.867159662592738
series_1,2024-01-30 21:00:00,6.326771856,7.061198218495323,-3.8575379829458525,-5.914382553657784
series_1,2024-01-30 22:00:00,6.166010696,7.6636263196331,-4.4064043641864625,-6.270149037004757
series_1,2024-01-30 23:00:00,5.67093194,7.3533278280163605,-5.014251629227538,-5.378541693160775
series_1,2024-01-31 00:00:00,5.666338764,6.776222188423506,-2.9400978252226713,-6.105162727151829
series_1,2024-01-31 01:00:00,5.1837272,5.883462629167848,-3.6538518637752873,-4.611344605036638
series_1,2024-01-31 02:00:00,5.362204896000001,5.319630255541227,-1.2628399405467448,-5.167562417642337
series_1,2024-01-31 03:00:00,5.76115504,4.780091546089555,-2.088377993432468,-4.299761917309354
series_1,2024-01-31 04:00:00,6.23851726,6.275739358580594,1.500901024153633,-6.093619664249824
series_1,2024-01-31 05:00:00,6.09251988,6.2234406221112835,1.5670108178201723,-6.022930372649134
series_1,2024-01-31 06:00:00,6.518372911999999,5.08943128375748,0.8475385467240601,-5.01836519236157
series_1,2024-01-31 07:00:00,5.951115676000001,4.079287881960214,2.0197034254475623,-3.544204804627243
series_1,2024-01-31 08:00:00,5.378281012,4.194929233019625,3.685687091562994,-2.003282789106055
series_1,2024-01-31 09:00:00,4.415026387999999,3.7739850623411115,1.5175155167890695,-3.4554464121265496
series_1,2024-01-31 10:00:00,4.548228492000001,3.931338706339242,3.6993407738558037,-1.3305269117342373
series_1,2024-01-31 11:00:00,4.177493572,4.084434951659133,3.241607793893602,-2.484871784399146
series_1,2024-01-31 12:00:00,3.796259964,3.4370602000092014,3.2400730489357024,-1.1468694154295827
series_1,2024-01-31 13:00:00,3.600065732,2.765576637405955,2.763369216620082,0.11047492929232366
series_1,2024-01-31 14:00:00,3.402887248,2.577030359991926,2.3603631950955597,-1.0342973767531258
series_1,2024-01-31 15:00:00,3.324147088,3.0870163704892835,3.0500257599707705,-0.4764587444717058
series_1,2024-01-31 16:00:00,3.424540792,3.578793245767948,3.52261045665198,0.6316459978820519
series_1,2024-01-31 17:00:00,3.815945004,3.8385080502236764,3.2291410648627155,2.075281194163639
series_1,2024-01-31 18:00:00,3.897966004,4.298360828695278,3.4783161587516775,2.5253163194793906
series_1,2024-01-31 19:00:00,3.899606424,4.43519571281538,4.147841826877459,1.5704678252615678
series_1,2024-01-31 20:00:00,3.752296708,5.095240457354249,4.694433806238336,1.9808499582518089
series_1,2024-01-31 21:00:00,3.3585959080000003,5.834695901609834,4.108710768727974,4.142725200058697
series_1,2024-01-31 22:00:00,3.445210084,6.990759197461561,5.759821516521015,3.9617130454785534
series_1,2024-01-31 23:00:00,3.521653656,7.279441870210761,5.453089965071168,4.822248829604053
series_1,2024-02-01 00:00:00,3.116141832,8.14275524465489,5.979864088440548,5.5268153993175675
series_1,2024-02-01 01:00:00,3.135498788,8.992980237684248,6.912536759083349,5.752436797540751
series_1,2024-02-01 02:00:00,3.406496172,8.430614402625372,8.399157693931608,-0.7276051389481796
series_1,2024-02-01 03:00:00,3.785105108,8.478439818383595,8.452573853716494,0.661768087339313
series_1,2024-02-01 04:00:00,3.428149716,7.6277402418759435,7.306210692453963,-2.1912796523960734
series_1,2024-02-01 05:00:00,3.701115604,6.206374521287388,5.983724575943247,-1.6474601354017802
series_1,2024-02-01 06:00:00,3.5826772800000004,7.169360303614162,6.942119359798469,1.790727773099487
series_1,2024-02-01 07:00:00,3.677165472,5.460919640084721,5.2473179246068895,1.512381537034317
series_1,2024-02-01 08:00:00,3.753937128000001,5.349572478407325,5.099129252552975,1.6176546502550018
series_1,2024-02-01 09:00:00,3.3320211040000003,6.949229156970912,6.916121533640457,0.6775314073970438
series_1,2024-02-01 10:00:00,3.16765102,7.729681999814835,7.450075166308551,2.060185388409034
series_1,2024-02-01 11:00:00,3.371719268,6.998161171050212,5.59019426827653,4.20998667681064
series_1,2024-02-01 12:00:00,3.250328188,5.974130319759682,3.5316326675767957,4.818485631272166
series_1,2024-02-01 13:00:00,3.102690388,6.439822749309451,5.670816282860999,3.051746996158447
series_1,2024-02-01 14:00:00,3.05446204,7.280260611543948,4.505065784924877,5.718966414090702
series_1,2024-02-01 15:00:00,2.958005344,7.7004383856165015,5.555470141794517,5.332307458718568
series_1,2024-02-01 16:00:00,3.3257875080000003,7.958502998218837,4.7033598692908996,6.419982547686723
series_1,2024-02-01 17:00:00,3.378609032,8.648388121130127,4.421168934562093,7.432891923455351
series_1,2024-02-01 18:00:00,3.975721912,8.881368145975463,5.3709030850164705,7.073337274279249
series_1,2024-02-01 19:00:00,3.84186364,9.119107041131157,5.09539130014646,7.562744258931383
series_1,2024-02-01 20:00:00,4.18799226,8.99804144531528,6.887991389555137,5.7896739518755105
series_1,2024-02-01 21:00:00,4.083333464,8.363541670098705,4.895158420080837,6.781316487953436
series_1,2024-02-01 22:00:00,4.107939764,7.7699985907683145,5.030816375935256,5.921466430890515
series_1,2024-02-01 23:00:00,3.700459436,7.147921331831348,-0.04047823136316431,7.1478067180664135
series_1,2024-02-02 00:00:00,4.093832152,8.06800342485308,1.512753494906847,7.924913635307842
series_1,2024-02-02 01:00:00,4.331036884,7.558928969808482,2.6865917322075665,7.065382653122467
series_1,2024-02-02 02:00:00,4.539042139999999,7.653750866660384,1.862818021751568,7.423598274876015
series_1,2024-02-02 03:00:00,4.489829540000001,8.281537059592303,1.816617697955028,8.079836397407888
series_1,2024-02-02 04:00:00,4.724737684,8.077092917747315,2.315731140704813,7.738011326296557
series_1,2024-02-02 05:00:00,4.708333484,7.823173632684369,3.0229678581028976,7.215518762778233
series_1,2024-02-02 06:00:00,4.795931912,6.823698086963491,2.4750956661203167,6.358990252043294
series_1,2024-02-02 07:00:00,4.654199624,7.0318084824951335,2.7636546552207273,6.465952635240017
series_1,2024-02-02 08:00:00,4.702756056,6.532381583596963,2.9706481205070396,5.817839710566522
series_1,2024-02-02 09:00:00,4.885498844000001,5.6592192794158525,4.859981798402858,2.8995413036728754
series_1,2024-02-02 10:00:00,4.530183872,5.077629356746127,4.496977355607695,2.3578622834342364
series_1,2024-02-02 11:00:00,4.601050016,4.167608389957425,3.684010055390538,1.9485968294711262
series_1,2024-02-02 12:00:00,4.014763908,2.772197988641474,2.672599704880192,0.7364051233540849
series_1,2024-02-02 13:00:00,3.908136608,2.00805649336261,1.9216867502706394,-0.58258983373383
series_1,2024-02-02 14:00:00,3.561679904,2.0070306645973446,0.33985350784441276,-1.9780474417566192
series_1,2024-02-02 15:00:00,3.501640532,4.275817587310174,0.49876208429620317,-4.246628359442289
series_1,2024-02-02 16:00:00,3.232611652,4.734386862901414,-0.015996917784344422,-4.734359837003827
series_1,2024-02-02 17:00:00,3.08070876,4.898352075800446,-0.02854395248569086,-4.89826890863242
series_1,2024-02-02 18:00:00,2.9855644,5.811290126779211,-0.2469600887074399,-5.806040273042131
series_1,2024-02-02 19:00:00,3.167979104,8.371287263889142,-0.2378656376021303,-8.367907169238954
series_1,2024-02-02 20:00:00,3.406168088,8.933751345494754,-0.9478220146091133,-8.883329698471831
series_1,2024-02-02 21:00:00,4.373687804,9.266862053108605,-0.15693767356638078,-9.265533059568662
series_1,2024-02-02 22:00:00,4.92126,9.626637164066368,-1.0367500415853415,-9.570647440996694
series_1,2024-02-02 23:00:00,5.529527736,11.744982340768903,1.1936085595628216,-11.684173432105146
series_1,2024-02-03 00:00:00,6.7093178,11.925848934972315,-0.9493232438649675,-11.888004803096187
series_1,2024-02-03 01:00:00,7.021325684,12.087553478806186,-1.3859682248750098,-12.007832493112
series_1,2024-02-03 02:00:00,7.305774511999999,12.437207599292375,0.19951665646596495,-12.435607181464388
series_1,2024-02-03 03:00:00,7.906168232000001,12.357688789486039,-0.9260983005039045,-12.322938535738654
series_1,2024-02-03 04:00:00,7.595800768,12.757193046208961,-0.9180197952876152,-12.724119383034031
series_1,2024-02-03 05:00:00,8.43832048,13.773051435198218,-1.4486789800703235,-13.696651964962754
series_1,2024-02-03 06:00:00,8.524606572,13.665275438063269,-2.8073206235767203,-13.373806627679947
series_1,2024-02-03 07:00:00,9.350722084,12.940252654416852,-1.881611677770371,-12.802721439374542
series_1,2024-02-03 08:00:00,9.972769348,13.770405051974551,-2.531439288537017,-13.53572570732347
series_1,2024-02-03 09:00:00,9.912729976,13.194099601210391,-1.9175755927449234,-13.05400965729569
series_1,2024-02-03 10:00:00,10.58563026,14.623084847787334,-2.8737169527052995,-14.337934347085067
series_1,2024-02-03 11:00:00,9.720800836,14.792108703472806,-3.229829155578024,-14.435189071194532
series_1,2024-02-03 12:00:00,10.200459644,14.0245902938355,-3.040224487067193,-13.69109812901003
series_1,2024-02-03 13:00:00,10.908136832,14.346356652391117,-2.4978271240604872,-14.12723641962272
series_1,2024-02-03 14:00:00,10.62500034,13.736896778412419,-1.9448508641474052,-13.598525222132825
series_1,2024-02-03 15:00:00,11.2204728,13.208567381763391,-2.845085427884352,-12.898517015014708
series_1,2024-02-03 16:00:00,11.266732644,12.974398824955893,-3.0936287199443626,-12.600178023034129
series_1,2024-02-03 17:00:00,11.401903252,12.764827003088433,0.2789135003731073,-12.761779487128168
series_1,2024-02-03 18:00:00,10.317257548,11.693118436605317,1.470950075085852,-11.600229508465947
series_1,2024-02-03 19:00:00,10.430446528,12.293667889101076,1.1295368938389234,-12.241667230119091
series_1,2024-02-03 20:00:00,9.700787712,13.208702530992127,1.4778868738325333,-13.125763708843435
series_1,2024-02-03 21:00:00,9.715551492,12.665207931233441,-0.6230656723169185,-12.649872770481082
series_1,2024-02-03 22:00:00,9.696194536,13.877513509017838,0.4235051647730851,-13.87104987260817
series_1,2024-02-03 23:00:00,9.322834944,14.867812212976979,-1.3018153156503862,-14.810709533451984
series_1,2024-02-04 00:00:00,9.848753596,14.448581934609631,-1.0161732292046304,-14.412803748382048
series_1,2024-02-04 01:00:00,10.06233628,14.502796205637127,-1.5424802336031334,-14.42053579140478
series_1,2024-02-04 02:00:00,11.051181456,15.439102868022161,-0.8894375955512657,-15.413461588267253
series_1,2024-02-04 03:00:00,11.118110592,14.230889270242894,-2.025296588091491,-14.086035040144523
series_1,2024-02-04 04:00:00,11.073163084,14.07849028992075,-0.537163276996186,-14.068238854143738
series_1,2024-02-04 05:00:00,11.423228711999998,14.056859713648588,-0.885153770164127,-14.028963176669931
series_1,2024-02-04 06:00:00,10.875656516,14.436365705565759,-0.07938700453225167,-14.436147425416053
series_1,2024-02-04 07:00:00,10.525590888,14.057794353866035,-1.1221485672782652,-14.012935619938567
series_1,2024-02-04 08:00:00,11.214895372,13.406174083834607,-1.2159205504945956,-13.350919098734872
series_1,2024-02-04 09:00:00,10.557415036,14.445170115148848,0.06218135480852305,-14.44503628014494
series_1,2024-02-04 10:00:00,11.643373076,15.66083402573883,-0.020271653043090594,-15.660820905745075
series_1,2024-02-04 11:00:00,11.032808752,16.594301698336995,-1.2540801766479734,-16.546846580722523
series_1,2024-02-04 12:00:00,11.772966256,16.259310329015047,-0.3710361175022795,-16.25507627095992
series_1,2024-02-04 13:00:00,10.70045966,16.017599205479748,-0.7519678629931799,-15.99993839489424
series_1,2024-02-04 14:00:00,10.261811352,15.810628372999947,-0.2994983704425126,-15.8077914420457
series_1,2024-02-04 15:00:00,10.869094836,15.661323820653537,0.26773709692315895,-15.659035112748839
series_1,2024-02-04 16:00:00,9.672572488,14.492028649847704,1.1088028766877716,-14.449548455528138
series_1,2024-02-04 17:00:00,9.809383516,15.168565540786268,1.0163628134716467,-15.134476773133606
series_1,2024-02-04 18:00:00,10.098097436,16.062002380419173,2.4061487097122476,-15.880754668948867
series_1,2024-02-04 19:00:00,10.032152552,15.785182134300344,3.1887769435920035,-15.459743743576437
series_1,2024-02-04 20:00:00,9.255577724,15.87745004206655,2.8655985955539904,-15.616714267971933
series_1,2024-02-04 21:00:00,9.735564616,16.722470966771972,2.4308444609836677,-16.54484906069066
series_1,2024-02-04 22:00:00,10.360564636,17.918621618224527,0.5291130253116231,-17.910807913200035
series_1,2024-02-04 23:00:00,12.242782544,18.09932266046112,1.2012917837041124,-18.059412471558602
series_1,2024-02-05 00:00:00,11.585958376,18.52436529390752,-0.7354162617989686,-18.509761545303792
series_1,2024-02-05 01:00:00,11.436680156,18.358047198486457,0.46176099865850917,-18.352238929405164
series_1,2024-02-05 02:00:00,11.663714284,17.65466754784564,1.6773291879296925,-17.57480733949232
series_1,2024-02-05 03:00:00,13.29396368,17.31688027448774,1.1718748727941368,-17.27718297997264
series_1,2024-02-05 04:00:00,11.5813652,17.200435781473182,1.5807944562653184,-17.127640817100986
series_1,2024-02-05 05:00:00,12.300525328,16.278580206324346,1.712956831725533,-16.188204113686595
series_1,2024-02-05 06:00:00,11.523294332,16.529336751512897,0.7908063986084464,-16.510408798234977
series_1,2024-02-05 07:00:00,12.257546324,14.657187023268387,-0.8867412340506,-14.630339073955245
series_1,2024-02-05 08:00:00,12.060695924,14.089408447588765,-0.08519841733021394,-14.089150848531295
series_1,2024-02-05 09:00:00,11.506233964,13.467734777993169,-0.9482187927406123,-13.434312828405487
series_1,2024-02-05 10:00:00,11.749344208,13.671627445746056,0.24732711813055586,-13.669390122163975
series_1,2024-02-05 11:00:00,11.248688024,13.399841925053027,-0.07514616744902813,-13.399631213952365
series_1,2024-02-05 12:00:00,10.972441296,14.472990254641399,-2.692588961759472,-14.22031685982967
series_1,2024-02-05 13:00:00,10.323819228,15.427848863076074,-1.448269127245132,-15.359721256487253
series_1,2024-02-05 14:00:00,9.909121052,14.793789491798854,-2.3658023510337536,-14.603396411913955
series_1,2024-02-05 15:00:00,10.557415036,14.2624061035653,-1.951347646069515,-14.12828617445144
series_1,2024-02-05 16:00:00,10.169947832,13.820808398305973,-1.4840998626026694,-13.740894890090225
series_1,2024-02-05 17:00:00,9.011811312,13.95894991862491,-2.8055294055332096,-13.674110120419789
series_1,2024-02-05 18:00:00,10.269357284,14.165048860691625,-1.3684207948512381,-14.098795471741543
series_1,2024-02-05 19:00:00,9.349737832,13.625680204072772,-0.9526384342917569,-13.592337585462287
series_1,2024-02-05 20:00:00,10.012467512,13.859655370961669,-0.01326268629265459,-13.859649025245153
series_1,2024-02-05 21:00:00,10.037073812,13.288148728701133,-0.2497791630997183,-13.285800954619287
series_1,2024-02-05 22:00:00,10.299869096,13.608078595769635,-1.6768337470704808,-13.504370835152939
series_1,2024-02-05 23:00:00,9.56036776,13.738207332554326,-2.6097895874678545,-13.488044299356146
series_1,2024-02-06 00:00:00,9.612205032,13.645115142015676,-3.232553269872575,-13.256687617813947
series_1,2024-02-06 01:00:00,9.763123672,13.898037587080072,-5.179242132830072,-12.896933732535354
series_1,2024-02-06 02:00:00,9.87040714,13.789429913740953,-4.39948950231965,-13.068774596914318
series_1,2024-02-06 03:00:00,10.01640452,13.150956089890244,-3.1367058007195325,-12.771402538404063
series_1,2024-02-06 04:00:00,9.017716824,11.737824173095989,-4.7735587817025324,-10.72332284677409
series_1,2024-02-06 05:00:00,8.327428088,11.796187970811062,-4.575299613432842,-10.87274961038048
series_1,2024-02-06 06:00:00,9.436023924,10.21267550864144,-3.5601784522643025,-9.572035856223984
series_1,2024-02-06 07:00:00,8.573491087999999,10.656686347847112,-3.881166201998778,-9.92479283556354
series_1,2024-02-06 08:00:00,9.473097416,10.775736911073645,-4.815434166373037,-9.639922186719259
series_1,2024-02-06 09:00:00,8.459317855999998,11.112201604541275,-5.151973575925082,-9.845719515248208
series_1,2024-02-06 10:00:00,8.60072206,10.205686755983322,-4.364323199956807,-9.225439023026068
series_1,2024-02-06 11:00:00,8.817585584000001,10.499803587732288,-4.336358751754942,-9.562524151971285
series_1,2024-02-06 12:00:00,7.602034364,11.082385768203949,-4.7376594108569545,-10.018675442492784
series_1,2024-02-06 13:00:00,7.479330948,10.189815848441167,-4.8147516791294365,-8.980563083318499
series_1,2024-02-06 14:00:00,7.771653791999999,11.056621369061197,-5.773049018993987,-9.429781605269195
series_1,2024-02-06 15:00:00,7.468176092,11.3317661748276,-6.436677099607084,-9.32620568915144
series_1,2024-02-06 16:00:00,7.602690532,10.950649579540258,-6.2811198722176576,-8.970187253603887
series_1,2024-02-06 17:00:00,7.517388692,11.380037360118495,-4.86361674098059,-10.288366367628344
series_1,2024-02-06 18:00:00,7.271653776000001,11.503019819447312,-3.699418955374944,-10.891912796162584
series_1,2024-02-06 19:00:00,7.275918867999999,10.767727758439216,-3.7084338956013974,-10.108980122733305
series_1,2024-02-06 20:00:00,7.100065844,9.685335083053747,-4.786717863224389,-8.419800934043527
series_1,2024-02-06 21:00:00,6.616798112,9.17437631524166,-4.777028617983728,-7.832571631120372
series_1,2024-02-06 22:00:00,6.580052703999999,9.19885451528168,-6.044246685153138,-6.9344074297904825
series_1,2024-02-06 23:00:00,6.9881892,9.603729641793835,-3.6905599552607637,-8.866306460375437
series_1,2024-02-07 00:00:00,6.181102559999999,8.800202977903687,-4.92928217975761,-7.2901131434723965
series_1,2024-02-07 01:00:00,6.367126188,8.24489448464471,-5.378882354804231,-6.248672633135813
series_1,2024-02-07 02:00:00,6.406824352,7.664910018388658,-5.413148308412811,-5.426662969184869
series_1,2024-02-07 03:00:00,5.526903064,6.953086019632031,-3.3009133693289754,-6.11958953889782
series_1,2024-02-07 04:00:00,4.915026404,7.143733295941387,-4.398644114399911,-5.628930214383246
series_1,2024-02-07 05:00:00,4.933071024,7.693766149382839,-3.685217754259397,-6.7537550788491405
series_1,2024-02-07 06:00:00,4.854987032,7.896170861072528,-2.2476275863941875,-7.569523399800723
series_1,2024-02-07 07:00:00,4.660761304,7.267222386879462,-4.964606071678188,-5.307090330248592
series_1,2024-02-07 08:00:00,4.661089388000001,7.112967797857878,-4.615826809003586,-5.411880797157946
series_1,2024-02-07 09:00:00,4.964895172,7.766042689087046,-4.464604062576232,-6.354425986125746
series_1,2024-02-07 10:00:00,4.7982285,6.863138151469187,-5.083955505903794,-4.610429665458783
series_1,2024-02-07 11:00:00,5.072506724,7.205526131118064,-5.819975511481265,-4.248233970955889
series_1,2024-02-07 12:00:00,5.112532972,7.031968347218857,-4.539171567270463,-5.370707618105022
series_1,2024-02-07 13:00:00,5.414042168,7.401378849454558,-4.742192456583339,-5.682606759039143
series_1,2024-02-07 14:00:00,5.172900428,7.801358589152105,-3.551998757268846,-6.945826132642387
series_1,2024-02-07 15:00:00,4.918635328000001,7.748144116571921,-3.955001278692405,-6.662709819338488
series_1,2024-02-07 16:00:00,4.349737672,7.336977158101069,-2.1645835412007006,-7.010407399834897
series_1,2024-02-07 17:00:00,3.575459432,7.318971891454138,-2.8695924214663306,-6.7329628606252365
series_1,2024-02-07 18:00:00,4.00098438,7.571372873666665,-3.1641217954534526,-6.878518769010653
series_1,2024-02-07 19:00:00,4.251640556,7.677732402650483,-3.2713876995731126,-6.94590507895054
series_1,2024-02-07 20:00:00,4.103018504,8.017980804408172,-4.779279321986728,-6.437896033820986
series_1,2024-02-07 21:00:00,4.021325588,7.519436049974716,-3.9946509355037145,-6.370610835166331
series_1,2024-02-07 22:00:00,3.5419948639999994,6.761907637680919,-3.0505960322895804,-6.0346713869362105
series_1,2024-02-07 23:00:00,3.398294072,6.46513982095142,-3.287999136593129,-5.5666053014574866
series_1,2024-02-08 00:00:00,3.33497386,6.834867139414881,-5.035936187679464,-4.621120592137126
series_1,2024-02-08 01:00:00,3.126968604,6.845675876541179,-5.44660033893896,-4.147025796221655
series_1,2024-02-08 02:00:00,3.198819,6.916858190799961,-5.117997853205494,-4.652851298528728
series_1,2024-02-08 03:00:00,3.593832136,6.563432375458833,-4.47073271678737,-4.8053296996427
series_1,2024-02-08 04:00:00,3.221128712,6.134054112250535,-3.857837530830027,-4.769036531390484
series_1,2024-02-08 05:00:00,3.599737648,6.30770223487987,-3.8652498883552813,-4.984671582409216
series_1,2024-02-08 06:00:00,3.797900384,5.874829016160507,-3.642607874017494,-4.609232457282577
series_1,2024-02-08 07:00:00,3.4612862,5.410941774943371,-3.622807334229723,-4.01914890379526
series_1,2024-02-08 08:00:00,3.491798012,4.249504877619758,-2.3271502446062735,-3.5556523232654627
series_1,2024-02-08 09:00:00,3.217519788,4.440431216058428,-1.2379380308346999,-4.264380238247902
series_1,2024-02-08 10:00:00,3.160105088,5.245268097832818,-1.017203429402215,-5.145690876972215
series_1,2024-02-08 11:00:00,3.029527656,6.182180175765135,-0.896360081805682,-6.116852975948396
series_1,2024-02-08 12:00:00,3.09383212,6.012313447983175,-1.1909055777461466,-5.89318732959444
series_1,2024-02-08 13:00:00,3.17585312,6.751400223914335,-1.799886907926146,-6.507058636753368
series_1,2024-02-08 14:00:00,3.483923996,6.92406528356761,-2.152663836377369,-6.580935986518884
series_1,2024-02-08 15:00:00,4.003609052,6.929591109228851,-2.208487829195044,-6.568242873813429
series_1,2024-02-08 16:00:00,3.736220592,6.779064379887496,-1.8340633298229962,-6.5262489662024095
series_1,2024-02-08 17:00:00,3.908136608,6.575140426736723,-2.3300222149964602,-6.14845249708661
series_1,2024-02-08 18:00:00,3.439632656,6.291455801777909,-1.5864274112803094,-6.088157699539604
series_1,2024-02-08 19:00:00,3.237860996,6.68043144637407,-3.6842740116801256,-5.572637554745686
series_1,2024-02-08 20:00:00,3.274606404,6.667498940811788,-3.8232236840441405,-5.462463069668321
series_1,2024-02-08 21:00:00,3.32677176,5.938800793166715,-3.8835569717207,-4.493032395645189
series_1,2024-02-08 22:00:00,3.019685136,4.773563378912262,-1.9863646045884984,-4.340652369187174
series_1,2024-02-08 23:00:00,3.014435792,3.8742857221204443,-0.6679017313996051,-3.816280536572193
series_1,2024-02-09 00:00:00,2.97408146,3.479617954313708,-0.31184151913125224,-3.4656162474988808
series_1,2024-02-09 01:00:00,2.930118204,3.274462209284147,-0.8536969984616049,-3.1612187831353373
series_1,2024-02-09 02:00:00,3.164042096,3.4463525525127405,-0.9948729863205614,-3.299632351838715
series_1,2024-02-09 03:00:00,3.122703512,3.4253485301245505,-0.5648122374671831,-3.378461142182004
series_1,2024-02-09 04:00:00,3.086286188,2.8742755168273306,-0.23834130303599535,-2.864376576133125
series_1,2024-02-09 05:00:00,3.20866152,2.4421628482115647,0.1008871886503174,-2.440078103739931
series_1,2024-02-09 06:00:00,3.356627404,1.9920792815033406,-0.4565961529687191,-1.9390461100471623
series_1,2024-02-09 07:00:00,2.802165444,1.8475573455327965,0.5297062754219036,-1.7699941827053691
series_1,2024-02-09 08:00:00,2.698162816,2.0769962545993432,1.6054746867131708,-1.317711831905195
series_1,2024-02-09 09:00:00,2.647965964,3.0169733552596063,2.734089842385686,-1.2754924382801418
series_1,2024-02-09 10:00:00,2.626968588,1.6672373545827943,1.5262028777146783,0.6711074225276227
series_1,2024-02-09 11:00:00,2.465879344,2.736585765196815,2.4748430253859492,1.1679270739118777
series_1,2024-02-09 12:00:00,2.625656252,2.944221546056306,2.509847384883324,1.539190247128835
series_1,2024-02-09 13:00:00,2.813976468,3.268201721006066,2.689140647742362,1.8573273986690664
series_1,2024-02-09 14:00:00,2.848097204,3.756157617200541,3.0675686885056193,2.1676582725497946
series_1,2024-02-09 15:00:00,3.080052592,3.9219005280940986,1.9324942135135623,3.4127364192098644
series_1,2024-02-09 16:00:00,3.563320324,4.7625908515149655,3.1746299288737494,3.550210759044186
series_1,2024-02-09 17:00:00,3.563648408,4.4029628992846686,2.4673469429957633,3.6466808683193976
series_1,2024-02-09 18:00:00,3.151574904,5.455763046746906,1.908054660453543,5.111230559754725
series_1,2024-02-09 19:00:00,3.303149712,6.581906355241386,2.49890993085578,6.089083709938409
series_1,2024-02-09 20:00:00,3.4179791120000003,6.840852250068552,0.5405938042813984,6.819458764890402
series_1,2024-02-09 21:00:00,3.315944988,7.948371603567508,0.5030527157551004,7.9324365180926435
series_1,2024-02-09 22:00:00,3.736548676,8.761194517054838,0.3845144815292998,8.752752594422283
series_1,2024-02-09 23:00:00,3.842519808,9.342003655235121,0.38372541646291036,9.334119513868822
series_1,2024-02-10 00:00:00,3.913057868,8.676778886557113,0.9891676813982837,8.620211084670748
series_1,2024-02-10 01:00:00,4.354987016,8.310387896308946,0.6596019686613859,8.284169978341598
series_1,2024-02-10 02:00:00,5.058727196,8.783800353881674,1.4910199761499836,8.65632763286912
series_1,2024-02-10 03:00:00,5.659449,8.122109154634895,1.9116982278098662,7.893925956429576
series_1,2024-02-10 04:00:00,5.596784956,7.569970345899955,1.4028391864538277,7.438850264305248
series_1,2024-02-10 05:00:00,5.57086632,7.3767566655524925,2.85485546866352,6.801936426916612
series_1,2024-02-10 06:00:00,4.972769188,8.44669245369054,3.1576376038776823,7.834279684170736
series_1,2024-02-10 07:00:00,5.621063172,8.203512370680164,2.476039612815034,7.820923414256992
series_1,2024-02-10 08:00:00,5.107283628,8.945044605937433,1.9183340440161025,8.73692265604882
series_1,2024-02-10 09:00:00,5.464895188,8.502092597393304,1.4379913929045736,8.379603766800814
series_1,2024-02-10 10:00:00,5.828084176,8.18229753025512,1.1114577790977194,8.106457578924484
series_1,2024-02-10 11:00:00,5.069882052,7.73540148520511,0.3735397215803024,7.726377172628523
series_1,2024-02-10 12:00:00,5.105971292,7.8029366203851644,2.0223722603398686,7.5363008394275015
series_1,2024-02-10 13:00:00,5.638779708,7.578582473338167,0.5244394098412656,7.560415042217841
series_1,2024-02-10 14:00:00,6.011155048,6.93926205093631,-0.02959188020461065,6.939198954648206
series_1,2024-02-10 15:00:00,5.979987068,6.7196074965945245,0.4724578581898483,6.7029775831733165
series_1,2024-02-10 16:00:00,5.506561855999999,5.878425257796812,3.1260965199289554,4.978293287823809
series_1,2024-02-10 17:00:00,5.516076292,4.118217024759981,1.58175334046227,3.802337154035581
series_1,2024-02-10 18:00:00,4.678805924,4.160585427622445,1.3284966154519473,3.9427868117965708
series_1,2024-02-10 19:00:00,2.9779984595965296,4.422533032980717,1.6027312814748476,4.121898939468023
series_1,2024-02-10 20:00:00,4.660105136,4.456042226365399,1.7151492511704838,4.112733320963181
series_1,2024-02-10 21:00:00,4.518700932,3.4301329597550363,0.07703903030409726,3.42926772203741
series_1,2024-02-10 22:00:00,4.297244232000001,4.6148861763203355,0.9267694703990428,4.5208707976593185
series_1,2024-02-10 23:00:00,4.235892524,5.197675851322718,0.19189671336365846,5.194132257348052
series_1,2024-02-11 00:00:00,3.96817598,6.730770938082523,3.2842873270846717,5.8750943970363
series_1,2024-02-11 01:00:00,3.937992252,5.118275961574259,3.581090009588623,3.656848802186585
series_1,2024-02-11 02:00:00,5.059711448,3.7179534552143885,2.724564768150184,2.5298072494352892
series_1,2024-02-11 03:00:00,4.016732412,3.4846813537937162,3.301794389377822,1.1140726851290914
series_1,2024-02-11 04:00:00,4.709317736,3.891124802313454,3.405607879381302,1.8822027518508486
series_1,2024-02-11 05:00:00,5.019029032,4.27571193840726,3.7254937085410496,2.0981918901424197
series_1,2024-02-11 06:00:00,4.37664056,5.817875254691772,5.816413207488079,-0.1304219265042533
series_1,2024-02-11 07:00:00,4.595144504,7.247460442705141,6.989589642565837,-1.9160687610605682
series_1,2024-02-11 08:00:00,3.76312348,5.951752484355095,4.790445949967671,-3.531994512377587
series_1,2024-02-11 09:00:00,3.901903012,7.791107828266028,5.108348435426008,-5.88269814404486
series_1,2024-02-11 10:00:00,3.621391192,6.959758017665875,4.437773114371414,-5.361380554467914
series_1,2024-02-11 11:00:00,3.962598552,4.58887241133479,3.1917312287929303,-3.297059564317506
series_1,2024-02-11 12:00:00,3.789698284,4.260551921964218,4.256044991871306,-0.19591760237448852
series_1,2024-02-11 13:00:00,3.734908256,5.063784646282289,4.92894844706087,-1.160767913986463
series_1,2024-02-11 14:00:00,4.029527688,4.910711733862573,4.8739188155203435,-0.6000042606618143
series_1,2024-02-11 15:00:00,4.319553944,4.5178580997979605,3.9719024611891776,-2.1529125966256486
series_1,2024-02-11 16:00:00,4.361876779999999,5.155311255485396,4.602188710342438,-2.323164483055605
series_1,2024-02-11 17:00:00,4.225393836,5.463756485725609,5.449717044742027,0.39143207272385155
series_1,2024-02-11 18:00:00,3.913385952,5.979922092865339,5.930071313420853,-0.7705338762715425
series_1,2024-02-11 19:00:00,4.02230984,6.417819300685833,6.300336781378486,-1.222358792443923
series_1,2024-02-11 20:00:00,3.76148306,5.680834369825748,5.50598991059272,-1.398554339968479
series_1,2024-02-11 21:00:00,3.532480428,4.9694534518156885,4.891505195222228,-0.8767237506060892
series_1,2024-02-11 22:00:00,3.501312448,5.788850652327414,5.7828312853335255,0.26392082206475
series_1,2024-02-11 23:00:00,3.665026364,6.209763445001734,6.123743669053763,1.0300123875972356
series_1,2024-02-12 00:00:00,3.697178596,6.46145726791192,6.428034192125581,-0.6563584766849658
series_1,2024-02-12 01:00:00,3.660105104,5.709682997596092,5.682919010764431,0.5521878757543512
series_1,2024-02-12 02:00:00,4.008858396,5.511997899169005,4.452272101832568,-3.2495221143557296
series_1,2024-02-12 03:00:00,3.79429146,6.523613076759004,4.3572669306555625,-4.855074919120871
series_1,2024-02-12 04:00:00,3.935039496,5.2431523635059865,2.6561751154545514,-4.520550902597869
series_1,2024-02-12 05:00:00,3.89107624,6.463266442555096,3.184720120859594,-5.624177349555298
series_1,2024-02-12 06:00:00,3.771653664,5.607032170912845,2.8456537859350997,-4.831259079809822
series_1,2024-02-12 07:00:00,3.868438444,5.514263352301517,2.0247062936741465,-5.129099798492117
series_1,2024-02-12 08:00:00,3.1574804160000003,5.482443348265715,2.1961621688543382,-5.0233511518742135
series_1,2024-02-12 09:00:00,2.952099832,6.155654737234839,2.357284325711135,-5.686413267763636
series_1,2024-02-12 10:00:00,3.13812346,6.021549184040322,2.1545056344894435,-5.6229138395292795
series_1,2024-02-12 11:00:00,3.163714012,5.153434010806017,2.7161691980485747,-4.379532736640332
series_1,2024-02-12 12:00:00,3.24146992,4.130212211350856,2.7440418086606786,-3.086889609803687
series_1,2024-02-12 13:00:00,3.500984364,4.503815972446303,2.551266718036994,-3.711522119979779
series_1,2024-02-12 14:00:00,3.37762478,5.099141774444059,2.4914026084821046,-4.449062808988997
series_1,2024-02-12 15:00:00,3.573490928,4.252769108800277,2.965895667904915,-3.0478694164725564
series_1,2024-02-12 16:00:00,3.27755916,4.31244750635628,3.242127642982641,-2.843556196329927
series_1,2024-02-12 17:00:00,3.30872714,3.647586929977395,3.243258827934771,-1.669180213986822
series_1,2024-02-12 18:00:00,3.4501313440000003,2.7451336724863604,2.701787812809924,-0.4859027622582722
series_1,2024-02-12 19:00:00,3.037073588,3.0960570611663263,2.5155982886709416,-1.8048087366903172
series_1,2024-02-12 20:00:00,2.93143054,2.2307696571443953,1.9498502068474297,-1.0837054185031831
series_1,2024-02-12 21:00:00,2.734252056,2.727868429623012,2.4801929208841305,1.1357417155894922
series_1,2024-02-12 22:00:00,2.822506652,2.6644742151966168,2.1856411685894517,1.5239407880933444
series_1,2024-02-12 23:00:00,2.665026332,2.145306404156521,1.3026015827477129,1.7045728744580373
series_1,2024-02-13 00:00:00,2.640420032,3.896669591183075,2.866860696640677,2.6391558591541737
series_1,2024-02-13 01:00:00,3.029199572,3.3504255211874017,2.7038074060146577,1.9785794611802068
series_1,2024-02-13 02:00:00,2.618766488,1.7592908346204101,1.5906368816666923,-0.7516505514273509
series_1,2024-02-13 03:00:00,2.848097204,1.836376526207173,1.1306220305712227,-1.4470565192803386
series_1,2024-02-13 04:00:00,2.853346548,2.1354528672888318,0.9263244690907718,-1.9240795010538916
series_1,2024-02-13 05:00:00,2.991141828,2.3590710748496093,-1.720551663300074,-1.6139759323197602
series_1,2024-02-13 06:00:00,2.807414788,3.1636939413860796,-2.303029272798511,-2.169104774646939
series_1,2024-02-13 07:00:00,2.708661504,4.162533457347886,-3.0330046522097107,-2.8508889075540624
series_1,2024-02-13 08:00:00,2.500656248,5.027518719446217,-4.751291404101881,-1.6435250127971
series_1,2024-02-13 09:00:00,2.416994828,7.890600323636308,-6.988526411881916,-3.6636146164407446
series_1,2024-02-13 10:00:00,2.397309788,9.98417868480459,-7.505247612418858,-6.584457630388956
series_1,2024-02-13 11:00:00,2.813976468,11.462665317521997,-8.553773673341997,-7.630573512309741
series_1,2024-02-13 12:00:00,4.499015892,10.805893175072617,-9.162092677689133,-5.729169667283047
series_1,2024-02-13 13:00:00,4.8228348,11.762516105528114,-9.870158126550114,-6.398184405728317
series_1,2024-02-13 14:00:00,5.695210156,12.447940322535842,-10.571447256974647,-6.57234518010253
series_1,2024-02-13 15:00:00,6.465223303999999,12.546455540322148,-9.18651103934631,-8.545265446388935
series_1,2024-02-13 16:00:00,6.737204940000001,13.512322429406195,-8.768257332203016,-10.281075857735015
series_1,2024-02-13 17:00:00,7.539042235999999,13.910549329229926,-8.430715903422898,-11.06464694406068
series_1,2024-02-13 18:00:00,8.105971388,14.130602619797532,-6.969262406951772,-12.292408710325153
series_1,2024-02-13 19:00:00,8.971785064,15.641097469815957,-6.822524481500005,-14.07469679103661
series_1,2024-02-13 20:00:00,9.687336268,16.003213758707336,-6.0378692854471385,-14.82049206668705
series_1,2024-02-13 21:00:00,9.941929452,15.80550853445175,-6.178181813272159,-14.547995377878708
series_1,2024-02-13 22:00:00,11.601706408,15.009546611343293,-5.40497422696391,-14.002597726277179
series_1,2024-02-13 23:00:00,11.58628646,13.247589462041548,-1.1736735713884108,-13.195496083990879
series_1,2024-02-14 00:00:00,10.689960972,13.43254704188308,3.083733402585592,-13.07378706932998
series_1,2024-02-14 01:00:00,10.597441284,15.111977046070956,5.083793064004032,-14.231194550119817
series_1,2024-02-14 02:00:00,10.225394027999998,16.000588787844247,4.873682085411568,-15.240277703769882
series_1,2024-02-14 03:00:00,10.916667016,15.937237208092858,4.064782753218176,-15.410161290400548
series_1,2024-02-14 04:00:00,10.206037072,14.415053879584539,3.4135510901601687,-14.005050778422461
series_1,2024-02-14 05:00:00,10.5068901,13.412773232711148,4.978119419920599,-12.454750613044888
series_1,2024-02-14 06:00:00,9.047244384,11.791116545416596,5.498441101306112,-10.430607597022554
series_1,2024-02-14 07:00:00,8.12664068,10.869204352018858,5.321631334244106,-9.477333126377747
series_1,2024-02-14 08:00:00,7.602034364,9.038028046788215,6.731508152162181,-6.0309824217870585
series_1,2024-02-14 09:00:00,7.038057968,10.830463634186115,8.731927709443678,-6.407213201422096
series_1,2024-02-14 10:00:00,6.600393912,10.636409289886425,8.156053870888153,-6.827297257125445
series_1,2024-02-14 11:00:00,6.17782172,11.134056928729443,9.196682910396433,-6.276005667445681
series_1,2024-02-14 12:00:00,6.946850616,13.153191208445113,10.023974574484981,-8.51624170018656
series_1,2024-02-14 13:00:00,6.785433288,13.429335261080897,7.683529632719013,-11.014100868325093
series_1,2024-02-14 14:00:00,7.007218072000001,13.767245953984673,8.076519332680618,-11.149300275189631
series_1,2024-02-14 15:00:00,7.384514672,13.744402093736642,9.345002806627615,-10.078666154726735
series_1,2024-02-14 16:00:00,7.584645911999999,14.364537983582153,9.816414947303228,-10.487037191892485
series_1,2024-02-14 17:00:00,8.732939911999999,13.564212567939405,11.875326995828644,-6.554728928826023
series_1,2024-02-14 18:00:00,9.205052788,14.541970045950807,13.065978739418398,-6.383501578162018
series_1,2024-02-14 19:00:00,10.00984284,14.861193474111234,13.013550192951081,-7.176530000669488
series_1,2024-02-14 20:00:00,9.903543624,14.091601761140364,11.180958465548354,-8.57667814402854
series_1,2024-02-14 21:00:00,10.781496408,12.758536601511,11.25147094574124,-6.015368464960117
series_1,2024-02-14 22:00:00,11.161089596,13.63313409319342,9.685142203820343,-9.594809309974366
series_1,2024-02-14 23:00:00,11.590879636,14.204987810041676,8.275252423926185,-11.545643161112176
series_1,2024-02-15 00:00:00,11.855643424,14.108573557692129,10.693047401851267,-9.20383534699374
series_1,2024-02-15 01:00:00,12.244751048,13.742932695206905,9.556358262149192,-9.876447530890841
series_1,2024-02-15 02:00:00,12.583005652,15.028699407995754,11.102849317231351,-10.128600245579209
series_1,2024-02-15 03:00:00,13.892060812,14.49056907973711,10.216839618499968,-10.275834781879407
series_1,2024-02-15 04:00:00,14.048228796,14.13939682816606,10.924085662307167,-8.977020391361902
series_1,2024-02-15 05:00:00,12.04724448,13.94183291732505,10.156165384662877,-9.551283148037433
series_1,2024-02-15 06:00:00,13.02165396,13.139233616445107,8.423139130612523,-10.084155255343171
series_1,2024-02-15 07:00:00,13.523294396,13.193866188693407,7.763204988913912,-10.668212282535873
series_1,2024-02-15 08:00:00,10.388123692,12.017262206238964,5.752020962090452,-10.551248541531537
series_1,2024-02-15 09:00:00,11.9094492,11.043685200347634,6.879934111118159,-8.638836115533742
series_1,2024-02-15 10:00:00,10.14763812,11.94677432452075,5.523556047831286,-10.593193349858891
series_1,2024-02-15 11:00:00,9.934711604,11.46720374110748,5.956534776862547,-9.798798655554489
series_1,2024-02-15 12:00:00,9.103346748,11.015960956165143,4.201740309088213,-10.183161304955261
series_1,2024-02-15 13:00:00,8.416010768,9.186331583696623,3.7812941767858246,-8.37200706606413
series_1,2024-02-15 14:00:00,8.045603932,8.656936875477207,4.232188464423275,-7.551896243169634
series_1,2024-02-15 15:00:00,7.755577676000001,7.5167569020468985,5.256600452787362,-5.373061139073833
series_1,2024-02-15 16:00:00,6.595144568,7.501460882683641,5.34414501057276,-5.264221640508984
series_1,2024-02-15 17:00:00,6.22375348,8.521364359421685,7.046855590930983,-4.7911874130101495
series_1,2024-02-15 18:00:00,6.527559264,9.841061399995983,9.009377192289863,-3.9594964434304183
series_1,2024-02-15 19:00:00,6.278543507999999,10.014909509317667,8.301605018124418,-5.601943109571257
series_1,2024-02-15 20:00:00,6.584973964,9.908902797239902,8.886056801289673,-4.384558035811855
series_1,2024-02-15 21:00:00,6.490485772,8.621993320839204,7.459135150969914,-4.324357943575078
series_1,2024-02-15 22:00:00,6.600721995999999,7.616283365311014,6.87504295665245,-3.2774314096402986
series_1,2024-02-15 23:00:00,5.531168156,6.7892765789966605,5.722000712910363,-3.6541735464487584
series_1,2024-02-16 00:00:00,4.4484909560000006,4.881828997409498,4.318424047228786,-2.276723107508767
series_1,2024-02-16 01:00:00,4.02887152,3.1612190888793235,1.9950026195267367,-2.4521971119745816
series_1,2024-02-16 02:00:00,3.560695652,4.7711546109923795,4.3531870444045575,1.9528642754738885
series_1,2024-02-16 03:00:00,2.9324147920000003,4.508058233251253,3.5608196589260928,2.764625180922338
series_1,2024-02-16 04:00:00,2.914698256,6.479538474795969,4.920272068093457,4.2160813111585735
series_1,2024-02-16 05:00:00,2.600393784,11.434584351541218,7.699362222316101,8.453965972375507
series_1,2024-02-16 06:00:00,3.06922582,9.721327626602275,6.372126086898936,7.34167691719015
series_1,2024-02-16 07:00:00,2.91010508,8.794839503783319,1.6913671671738373,8.63067083158163
series_1,2024-02-16 08:00:00,3.16108934,7.375285362261497,1.2909169350836205,7.261430137480014
series_1,2024-02-16 09:00:00,3.070210072,7.09459486455964,0.40385123249982324,7.083091166591348
series_1,2024-02-16 10:00:00,3.066273064,5.953533240075322,-1.9293604310310468,5.632239906809142
series_1,2024-02-16 11:00:00,3.069881988,6.3479371702295175,0.38757852375983703,6.336094160056468
series_1,2024-02-16 12:00:00,2.930118204,9.968880966953874,9.404511948261117,-3.306621046976674
series_1,2024-02-16 13:00:00,3.327427928,11.1682241263386,7.686887104180933,-8.101913155774287
series_1,2024-02-16 14:00:00,3.752296708,12.192372932626096,9.02967915636277,-8.192609600205614
series_1,2024-02-16 15:00:00,4.526903032,13.615129124582225,9.266476665064161,-9.97517675506898
series_1,2024-02-16 16:00:00,5.386811196,13.575303573049432,8.822448680757738,-10.317619220335898
series_1,2024-02-16 17:00:00,6.690617012,13.623667880820978,6.213560390618205,-12.124190438914002
series_1,2024-02-16 18:00:00,8.703740435999999,14.557245829641568,7.0255533961702,-12.749706099443163
series_1,2024-02-16 19:00:00,7.833333584,14.093120315214819,8.569619291161315,-11.188282505535712
series_1,2024-02-16 20:00:00,8.428806044,12.361775792073795,8.902201892030636,-8.576963460749257
series_1,2024-02-16 21:00:00,9.123359872,12.413518962619255,7.578871077927552,-9.83138679024791
series_1,2024-02-16 22:00:00,8.67618138,12.755130434131962,7.41735543875516,-10.37671386744805
series_1,2024-02-16 23:00:00,8.575787676000001,13.151170726991873,8.240576563820495,-10.249204329424815
series_1,2024-02-17 00:00:00,8.492782424,12.685403966250652,9.010129310891465,-8.929560100474284
series_1,2024-02-17 01:00:00,7.698819144,13.123366330138486,8.540121802290923,-9.964389767419163
series_1,2024-02-17 02:00:00,8.760827052,12.829034119453551,9.242158486292633,-8.897562753493366
series_1,2024-02-17 03:00:00,9.022638084,12.91860785559308,9.583538548031255,-8.662922014250748
series_1,2024-02-17 04:00:00,8.874016032,11.821332039360898,8.107843865333537,-8.602718119303562
series_1,2024-02-17 05:00:00,7.852362456000001,11.68586101639326,7.56078867694756,-8.910321109645896
series_1,2024-02-17 06:00:00,7.316273199999999,11.148400600869003,6.5426693147184025,-9.026644680926493
series_1,2024-02-17 07:00:00,6.421916216,9.928679721166791,5.070004383935454,-8.536611538097768
series_1,2024-02-17 08:00:00,6.301837472,8.199133008589346,5.392504072259504,-6.176300018878944
series_1,2024-02-17 09:00:00,4.960958164,5.536419010247048,3.3794026420097,-4.385381766756774
series_1,2024-02-17 10:00:00,4.4537403,4.1021666940743104,3.640537243438594,-1.8905713858802269
series_1,2024-02-17 11:00:00,4.062336088,2.7713428564143174,2.7713304297510466,0.008299212887311225
series_1,2024-02-17 12:00:00,3.43011822,1.8317208960455011,1.1296055025015033,-1.4419406540243118
series_1,2024-02-17 13:00:00,3.117782252,3.04888652454899,2.5642836549617853,1.6492902644690068
series_1,2024-02-17 14:00:00,2.9937665,3.8620178083654193,1.8744444266257796,3.3766314047617323
series_1,2024-02-17 15:00:00,2.88385836,4.071543280218257,-1.1839201743169592,3.8956126223658
series_1,2024-02-17 16:00:00,2.93471138,5.693611925565973,-1.3038167110527454,5.54231709151747
series_1,2024-02-17 17:00:00,2.68536754,5.0851104339044655,-0.1922561275284036,5.081474757039716
series_1,2024-02-17 18:00:00,2.6250000840000003,6.767425403595028,6.764672298638262,0.19301628236877796
series_1,2024-02-17 19:00:00,2.865157572,5.450259203715744,3.869639048909303,-3.8381270196339883
series_1,2024-02-17 20:00:00,2.651246804,5.409966750746412,4.6176739919027225,-2.818656976059143
series_1,2024-02-17 21:00:00,2.55741478,5.880760588939806,5.4873063824308845,-2.1149027802149507
series_1,2024-02-17 22:00:00,2.399278292,5.720282059345266,5.666523000200549,-0.7823962721444242
series_1,2024-02-17 23:00:00,2.540354412,6.521295846851452,6.520752827193422,-0.08415514726380835
series_1,2024-02-18 00:00:00,2.613845228,14.581775775727403,12.525963155857061,-7.465147807759864
series_1,2024-02-18 01:00:00,4.250000136000001,12.752889407713374,10.083514544240286,-7.807619527196659
series_1,2024-02-18 02:00:00,5.253281008,11.387396377632136,8.93054165828427,-7.065282864185889
series_1,2024-02-18 03:00:00,5.991141924,11.83900878911873,9.190565212031288,-7.462951171770507
series_1,2024-02-18 04:00:00,7.270997608000001,13.97352025252953,11.239244539957362,-8.30293023088184
series_1,2024-02-18 05:00:00,8.538058015999999,15.16272977494978,12.247928132244388,-8.938491522372503
series_1,2024-02-18 06:00:00,9.742782464,16.064927550168154,13.602313502605377,-8.54745368919839
series_1,2024-02-18 07:00:00,11.275918996,15.810188309995617,13.175904972588889,-8.738282585887772
series_1,2024-02-18 08:00:00,10.082677488,14.922249304752123,13.863495294357245,-5.520599834846733
series_1,2024-02-18 09:00:00,9.96227066,13.60655746802641,13.008394161686342,-3.989998429186403
series_1,2024-02-18 10:00:00,8.740757213747182,12.05245659772496,11.559301092129598,-3.4123698951806833
series_1,2024-02-18 11:00:00,8.24639134,10.174148697959154,10.11228638293177,-1.1202525776612364
series_1,2024-02-18 12:00:00,6.973425420000001,8.656584948890973,8.64036426420803,0.5296870388848114
series_1,2024-02-18 13:00:00,6.4550527,11.214652583018667,10.251956568441656,4.545967342226868
series_1,2024-02-18 14:00:00,5.728674724,10.810392143381717,10.442521382734565,2.796126868513042
series_1,2024-02-18 15:00:00,6.789370296,11.392599336339556,11.171271274279121,2.234729906460872
series_1,2024-02-18 16:00:00,7.178477920000001,11.379328937202938,10.573852980788823,4.205087419035123
series_1,2024-02-18 17:00:00,7.25721808,9.509403996798632,8.789408442059003,3.6297470453175853
series_1,2024-02-18 18:00:00,6.100721979999999,11.494440723577172,9.18786671304553,6.906900376517621
series_1,2024-02-18 19:00:00,6.625000212,9.974438978561892,7.039157990345316,7.06680180307984
series_1,2024-02-18 20:00:00,5.635170784,8.894395701069833,6.016563680112199,6.550666864553888
series_1,2024-02-18 21:00:00,5.755905696,8.372356959501124,6.091617653504933,5.743566437398799
series_1,2024-02-18 22:00:00,5.488189152,6.598652762101806,5.064202138873065,4.230375275484111
series_1,2024-02-18 23:00:00,5.074803312,9.297321599719016,8.956102338727531,2.4956802332913215
series_1,2024-02-19 00:00:00,5.508858444,10.62584892922134,10.510973723359303,1.558235172714486
series_1,2024-02-19 01:00:00,6.114501508,11.895644063012364,11.885515781929069,-0.49077721156989873
series_1,2024-02-19 02:00:00,7.430118348,10.550501454659281,10.330139363142175,2.1450644938621712
series_1,2024-02-19 03:00:00,7.632218092,12.177990408179863,12.054899687916445,1.7270911660919273
series_1,2024-02-19 04:00:00,8.936351992,11.477793204147883,11.413496038437518,1.213196199200433
series_1,2024-02-19 05:00:00,9.100393992,12.119838029252676,11.840833155385123,2.585564549890756
series_1,2024-02-19 06:00:00,9.499016052,12.664470201457927,12.561844648132242,1.608994878738637
series_1,2024-02-19 07:00:00,10.101050192,11.975621007279772,11.726052557056537,2.4321163498378136
series_1,2024-02-19 08:00:00,10.512139444,13.208829775954795,12.664432695704907,3.753042571848951
series_1,2024-02-19 09:00:00,10.403215556,13.1819991453816,12.332315656261471,4.656081187347295
series_1,2024-02-19 10:00:00,11.764764156,13.545406387419158,13.415727420540884,-1.8698374202275394
series_1,2024-02-19 11:00:00,10.70538092,14.542147371988358,13.695356548905206,-4.889914026543533
series_1,2024-02-19 12:00:00,11.897310092,13.89541339890138,11.419720381538848,-7.916596486738115
series_1,2024-02-19 13:00:00,10.212270668,12.348471114250076,8.35703427070436,-9.090913983629004
series_1,2024-02-19 14:00:00,10.860892736,12.665282650197666,8.60629241445125,-9.291992008517703
series_1,2024-02-19 15:00:00,9.113845436,12.135515618071896,9.006228150743976,-8.133793322504184
series_1,2024-02-19 16:00:00,8.491142004,12.132476041276409,8.887434401540855,-8.25896389690948
series_1,2024-02-19 17:00:00,8.248359844,11.073056045702478,8.284999794744808,-7.346519488325523
series_1,2024-02-19 18:00:00,7.908136736,9.172948959960223,7.759548861167985,-4.892074620565591
series_1,2024-02-19 19:00:00,7.455052731999999,9.838332471281792,8.341935388646908,-5.215831648655665
series_1,2024-02-19 20:00:00,7.171588156,9.812347235841738,8.622062215728715,-4.68425035889781
series_1,2024-02-19 21:00:00,6.319225924,9.979127732303994,8.415605695012957,-5.362888315423335
series_1,2024-02-19 22:00:00,6.398622252,9.850247285683947,8.319303105970011,-5.274141391745361
series_1,2024-02-19 23:00:00,5.923884704000001,10.617041355644737,8.745435553793017,-6.019877417516377
series_1,2024-02-20 00:00:00,6.1820868120000005,10.302714263994831,7.760251341716488,-6.776755884559367
series_1,2024-02-20 01:00:00,6.120735104,10.19546124197742,7.2985579822835795,-7.118882027109902
series_1,2024-02-20 02:00:00,6.213582875999999,9.483831843122548,5.913126240805964,-7.414715401747876
series_1,2024-02-20 03:00:00,5.795275776,9.172104476301959,4.875326243278533,-7.769085824329531
series_1,2024-02-20 04:00:00,5.264435864,8.818436806579445,4.749411125785993,-7.430203339740799
series_1,2024-02-20 05:00:00,5.851706224,8.408683503870886,4.467589324064056,-7.123665060892408
series_1,2024-02-20 06:00:00,5.856299399999999,8.151044748279213,1.6789130867120323,-7.976263619998855
series_1,2024-02-20 07:00:00,5.8070868,8.135208293393815,0.2856274621630628,-8.130192551825681
series_1,2024-02-20 08:00:00,5.608924064,8.179002726660942,1.9818428536142065,-7.9352620943674825
series_1,2024-02-20 09:00:00,5.573819076,8.094165847497141,3.0735785710969292,-7.487899273767167
series_1,2024-02-20 10:00:00,5.32972458,8.560290705089498,2.0761534931044787,-8.304707317462292
series_1,2024-02-20 11:00:00,4.821522464,8.167403909595746,3.9285501597597894,-7.160515363067885
series_1,2024-02-20 12:00:00,4.952099896,8.504328266078526,3.175103943668358,-7.889379836471547
series_1,2024-02-20 13:00:00,4.760170756,7.5033289658361175,3.9069696949377164,-6.405898326729327
series_1,2024-02-20 14:00:00,4.672572327999999,6.0936573127377365,2.604193679852156,-5.509159166597039
series_1,2024-02-20 15:00:00,4.154199608,7.298828940523795,3.355489660833493,-6.481789339300317
series_1,2024-02-20 16:00:00,3.909777028,7.114127228635703,4.243020941616724,-5.710304677879968
series_1,2024-02-20 17:00:00,3.641076232,6.767972792812523,5.156539923883473,-4.383554691987583
series_1,2024-02-20 18:00:00,3.317585408,6.738720144898259,6.302136866604151,-2.386088872160135
series_1,2024-02-20 19:00:00,2.762139196,6.993624004866183,6.366854251432546,-2.8937767126120515
series_1,2024-02-20 20:00:00,2.599409532,5.629080244094184,5.465398793292034,-1.3475757584393584
series_1,2024-02-20 21:00:00,2.531824228,7.310481955774036,7.228711452786526,-1.090356436240319
series_1,2024-02-20 22:00:00,2.507546012,7.350520514262856,7.327891436000957,0.5763323110696741
series_1,2024-02-20 23:00:00,3.00360902,6.760652969992586,6.722014486674683,-0.7217685374171314
series_1,2024-02-21 00:00:00,2.652887224,5.1117404962860045,4.7420143549240095,-1.908714425749677
series_1,2024-02-21 01:00:00,2.397637872,4.935458351767476,4.698686785192245,-1.5103283208266662
series_1,2024-02-21 02:00:00,2.348425272,4.152082258557254,3.4050401717582375,-2.3760236763421663
series_1,2024-02-21 03:00:00,1.893700848,4.051595122113904,2.8861869490214325,-2.843474622505982
series_1,2024-02-21 04:00:00,1.696850448,3.803899779615016,0.7845091517812588,-3.7221229055643255
series_1,2024-02-21 05:00:00,1.6732284,3.86939720944753,-0.9959916562589277,-3.7390152961900185
series_1,2024-02-21 06:00:00,1.556430496,4.98028256278429,-2.138634870693082,-4.497716675717674
series_1,2024-02-21 07:00:00,1.50426514,5.158888400438644,-3.333951791551243,-3.9368635967979193
series_1,2024-02-21 08:00:00,1.425853064,5.414117269341872,-4.595675831595725,-2.862242033279652
series_1,2024-02-21 09:00:00,1.602362256,5.655631879127245,-5.235815397838693,-2.1383192165707205
series_1,2024-02-21 10:00:00,1.62729664,6.363402377063838,-6.334696417779903,0.6037475523661848
series_1,2024-02-21 11:00:00,1.7513123920000002,6.468108305783015,-6.3727816819913015,1.1063808968955235
series_1,2024-02-21 12:00:00,1.73720478,5.907969443135031,-5.8690353698177065,0.6771460469101109
series_1,2024-02-21 13:00:00,1.895997436,6.2078639168613465,-5.907497155671154,1.9076298818183588
series_1,2024-02-21 14:00:00,1.816929192,6.590887242902261,-5.723831280077616,3.2676520815192083
series_1,2024-02-21 15:00:00,1.72080058,5.811110187861777,-4.224479533528974,3.9903351095197204
series_1,2024-02-21 16:00:00,1.732939688,5.366204266962023,-3.734764470789021,3.8532690773541143
series_1,2024-02-21 17:00:00,1.610564356,4.473691301095081,-3.9876051488284934,2.0280332922637854
series_1,2024-02-21 18:00:00,1.48950136,3.7993898941591318,-3.548443279206708,1.3579078989722695
series_1,2024-02-21 19:00:00,1.599081416,4.668976610645403,-4.152164510995722,2.1351516256185405
series_1,2024-02-21 20:00:00,1.588582728,5.856141412756826,-5.188840527388361,2.7148344751637423
series_1,2024-02-21 21:00:00,1.652887192,6.114771960832352,-5.217793556653533,3.18827014745087
series_1,2024-02-21 22:00:00,1.914698224,6.041138962911925,-5.24288186730242,3.0012580186855096
series_1,2024-02-21 23:00:00,1.949475128,6.521686982750496,-5.491583150562592,3.5177998239573416
series_1,2024-02-22 00:00:00,2.239501384,6.177488666291616,-4.939402369236215,3.7099421096487517
series_1,2024-02-22 01:00:00,2.340223172,4.6817446015871225,-3.4506266877490916,3.164159916357563
series_1,2024-02-22 02:00:00,2.284448892,3.1649406481211573,-2.990844230932716,1.0352294878074422
series_1,2024-02-22 03:00:00,2.110892456,3.2563822805792584,-3.156435089754301,0.8005892089194855
series_1,2024-02-22 04:00:00,2.083005316,3.2373601219845356,-3.205085291063341,0.45599214513536024
series_1,2024-02-22 05:00:00,2.38188984,3.0571010357316317,-2.9085631858647703,0.9413431555514667
series_1,2024-02-22 06:00:00,2.402231048,4.579431587916817,-4.437400005611682,1.1316690587834344
series_1,2024-02-22 07:00:00,2.3950132,4.0999246909360085,-4.077098103456815,0.4320341724164472
series_1,2024-02-22 08:00:00,2.157480384,2.821046823416983,-2.783182065796445,-0.4606547172667233
series_1,2024-02-22 09:00:00,2.212270412,2.657822686146818,-2.3101408775479455,-1.3142566556341626
series_1,2024-02-22 10:00:00,2.375984328,2.824134770613665,-2.816537354804952,-0.20701336086692929
series_1,2024-02-22 11:00:00,2.3202100480000003,3.7329344122223422,-3.7123253666218234,-0.3917137963997554
series_1,2024-02-22 12:00:00,2.714567016,3.923879841281496,-3.8963961926159465,-0.4636051326109883
series_1,2024-02-22 13:00:00,3.113189076,3.3104805126042316,-2.6340928726217254,-2.005202224897978
series_1,2024-02-22 14:00:00,3.374015856,2.8819491317409507,-2.3837357797560847,-1.619701988099376
series_1,2024-02-22 15:00:00,3.521653656,2.6302384560248444,-2.1051981575008205,-1.576798989474279
series_1,2024-02-22 16:00:00,4.346128748,2.385878290796386,-2.3763544440869966,0.2129666043337919
series_1,2024-02-22 17:00:00,5.253609092,2.1647944359877065,2.123662850560029,-0.41998934181069897
series_1,2024-02-22 18:00:00,5.902887327999999,1.7948567004218294,0.21049671990372099,-1.7824706746420573
series_1,2024-02-22 19:00:00,6.1597771,1.3591732233619958,0.46261103672263293,-1.278023035710487
series_1,2024-02-22 20:00:00,6.119094684,1.4796695451700377,0.6274383832838468,1.3400533713572227
series_1,2024-02-22 21:00:00,6.943241691999999,2.5580046705104027,2.3628528540812965,0.9799562665307602
series_1,2024-02-22 22:00:00,7.145997604000001,3.639461840425862,3.3833137851494377,1.3412197132214343
series_1,2024-02-22 23:00:00,7.361548791999999,3.959121426793273,2.1413157937087135,3.3300764471265856
series_1,2024-02-23 00:00:00,8.421260112,4.827943638761182,2.4874827716640335,4.137809715263521
series_1,2024-02-23 01:00:00,8.863845428000001,5.599164076214095,2.2674918421792665,5.119484260940443
series_1,2024-02-23 02:00:00,9.63090582,6.688762774598853,2.4742639760548233,6.214303278055934
series_1,2024-02-23 03:00:00,9.418307388,7.210292914932484,2.6700663791397266,6.697691352258124
series_1,2024-02-23 04:00:00,9.75393732,7.935918167743905,2.9246303779278193,7.377352798777456
series_1,2024-02-23 05:00:00,8.525590824,8.658270016301609,4.133291167811365,7.607992100237752
series_1,2024-02-23 06:00:00,8.584317859999999,9.148361934971609,5.507735076100897,7.304613639661261
series_1,2024-02-23 07:00:00,7.525918875999999,8.158278562818312,4.824551679985336,6.5788456582968635
series_1,2024-02-23 08:00:00,7.318241704,7.5955960735048595,3.993281999925434,6.461174705958195
series_1,2024-02-23 09:00:00,6.553149816,7.561203639065889,2.921734556480242,6.973899028010976
series_1,2024-02-23 10:00:00,6.41240178,7.377628958897958,0.9928159446001473,7.310521565204324
series_1,2024-02-23 11:00:00,5.947178668,7.05587990892585,0.03055625070390161,7.0558137450421965
series_1,2024-02-23 12:00:00,6.906824368,6.314385204640638,0.45592802603068316,6.2979036311827095
series_1,2024-02-23 13:00:00,6.683399164000001,7.180431195677652,-0.9688234176282926,7.1147714890441724
series_1,2024-02-23 14:00:00,7.147638024,7.433895497011683,-1.5510228577737497,7.270290940199981
series_1,2024-02-23 15:00:00,7.231299443999999,7.702049274566675,-3.806832944027959,6.695489971922627
series_1,2024-02-23 16:00:00,6.909449039999999,9.492555363752237,-5.432267920125753,7.78454061444052
series_1,2024-02-23 17:00:00,6.621391288000001,9.11480261925294,-4.071244760590781,8.15503481827652
series_1,2024-02-23 18:00:00,6.308727236,8.188002381140551,-3.6456423310502926,7.331621579679186
series_1,2024-02-23 19:00:00,5.91699494,7.582455245688007,-1.5807722397942325,7.415846996719761
series_1,2024-02-23 20:00:00,5.55446212,7.418280623318886,-1.563864001646883,7.25156650598072
series_1,2024-02-23 21:00:00,5.10498704,5.758412728925636,-1.1056134197981373,5.651277388574645
series_1,2024-02-23 22:00:00,5.343832192,5.239184762833973,-0.8103302510707556,5.176139668064539
series_1,2024-02-23 23:00:00,4.509186496,3.9928258395938823,-1.1815266428467175,3.8140074695223074
series_1,2024-02-24 00:00:00,4.899278372,3.628230293650566,-0.5357876591502447,3.5884518455827124
series_1,2024-02-24 01:00:00,4.85072194,1.6806254904660303,0.2465945220683985,1.6624359178296297
series_1,2024-02-24 02:00:00,5.27559072,2.0898567850453103,-1.05919124497805,1.8015591271345408
series_1,2024-02-24 03:00:00,5.773950316,4.770693976642453,0.3882671197148577,-4.754867996329752
series_1,2024-02-24 04:00:00,6.081365024,6.315504281969558,-0.9351605463418515,-6.2458841718480045
series_1,2024-02-24 05:00:00,4.790354484,7.789198187783202,-0.6763050568660488,-7.7597822056177925
series_1,2024-02-24 06:00:00,4.7244096,8.320844333144555,-1.1494486413987368,-8.241068998449805
series_1,2024-02-24 07:00:00,4.141076248,8.29073389505835,-0.7383400713613529,-8.25779162111103
series_1,2024-02-24 08:00:00,4.124343964,9.085076527753552,-0.34193483008472436,-9.078639550456526
series_1,2024-02-24 09:00:00,4.152559188000001,9.601964640301086,0.14576398513378241,-9.600858181133095
series_1,2024-02-24 10:00:00,4.333661556,9.527260294718504,1.528140955490012,-9.40390737637679
series_1,2024-02-24 11:00:00,4.545275736,10.65843812806506,1.9570765418651306,-10.477220754526089
series_1,2024-02-24 12:00:00,5.602362384,10.324825660429589,2.227716053217687,-10.081632115114175
series_1,2024-02-24 13:00:00,6.051837464,10.765666912805285,2.374472866124056,-10.500545827980138
series_1,2024-02-24 14:00:00,6.805118327999999,10.853809645291035,2.975217922423544,-10.438067930910512
series_1,2024-02-24 15:00:00,7.193569784,10.767254272529097,4.758570516269686,-9.658663013636254
series_1,2024-02-24 16:00:00,7.247703644,12.36703434838248,6.0534746288532055,-10.78420064223133
series_1,2024-02-24 17:00:00,6.939632768000001,11.604213754398614,4.841204753262694,-10.54611366308749
series_1,2024-02-24 18:00:00,8.000000256,10.739733162845488,4.8585333173412835,-9.577918480202671
series_1,2024-02-24 19:00:00,8.296916276000001,9.496280187960556,5.376767739896715,-7.827496795237807
series_1,2024-02-24 20:00:00,8.694226,10.199491916542867,6.199403189246578,-8.099199679769763
series_1,2024-02-24 21:00:00,7.590879507999999,10.568279599726022,7.21665371145885,-7.720650419936938
series_1,2024-02-24 22:00:00,8.691167748252022,10.715671024774991,6.625305452748032,-8.422050413586321
series_1,2024-02-24 23:00:00,7.787729907999999,11.444145332022948,6.743583502868654,-9.246217817048244
series_1,2024-02-25 00:00:00,8.042323092,10.33243159277452,4.941859046769217,-9.073983236772607
series_1,2024-02-25 01:00:00,8.312992392,10.699712581264377,5.005506737813555,-9.456677620568987
series_1,2024-02-25 02:00:00,7.897309963999999,10.739985994675134,4.93692504514835,-9.538032829908115
series_1,2024-02-25 03:00:00,9.245735204,11.302958865639614,3.824763574105016,-10.636167670760956
series_1,2024-02-25 04:00:00,8.64337298,10.836913193107662,2.5896515709706645,-10.522945989404302
series_1,2024-02-25 05:00:00,8.552493711999999,9.377106618495072,3.316349561110106,-8.771086256738608
series_1,2024-02-25 06:00:00,8.696850672,9.412858423218328,3.062798938954816,-8.90062730121251
series_1,2024-02-25 07:00:00,7.541994992,9.02605553147426,3.372941250195929,-8.372152995495473
series_1,2024-02-25 08:00:00,6.962270564000001,7.90008035497013,1.6022628994994301,-7.735891882379992
series_1,2024-02-25 09:00:00,6.370407028,6.6814100297418415,2.2668236400435795,-6.2851213648166295
series_1,2024-02-25 10:00:00,6.5042653,6.647261754767311,1.5115105872273282,-6.473130972032923
series_1,2024-02-25 11:00:00,6.128281036,5.762064220456429,-0.14984617525333827,-5.760115467976845
series_1,2024-02-25 12:00:00,6.144685236,5.310401777317013,-1.2960707153623123,-5.149812398263835
series_1,2024-02-25 13:00:00,5.638779708,5.433453325037901,0.9339283889759237,-5.352587486406014
series_1,2024-02-25 14:00:00,5.369750828,3.767497561651645,-0.10889483648204797,-3.765923497847326
series_1,2024-02-25 15:00:00,5.517060544,3.703518657513014,-0.12190654341244152,-3.701511750787809
series_1,2024-02-25 16:00:00,5.766404384,3.1020966391347167,1.1572765944779797,-2.8781442706029092
series_1,2024-02-25 17:00:00,5.54297918,2.1062809860153147,1.9878063507968131,-0.6964520829041311
series_1,2024-02-25 18:00:00,5.90059074,3.0485087816675223,2.628639020065588,-1.5439114916641519
series_1,2024-02-25 19:00:00,5.900918824,2.493710047154902,2.4934920764587054,0.0329706523889919
series_1,2024-02-25 20:00:00,4.630577576,3.6088476228628577,3.000734777387953,2.0048371407217522
series_1,2024-02-25 21:00:00,5.234252135999999,4.622612158738456,2.907894592362145,3.5934234665326605
series_1,2024-02-25 22:00:00,4.553477836,5.607188992224576,3.2256792918467774,4.586454131535094
series_1,2024-02-25 23:00:00,4.764763932,6.562350869314805,2.8881434081523563,5.89262900460761
series_1,2024-02-26 00:00:00,4.208989636,6.993674562344235,2.9175002149072626,6.356073975340195
series_1,2024-02-26 01:00:00,4.67683742,8.193850958867225,3.6652936850906563,7.328356960340013
series_1,2024-02-26 02:00:00,4.693897788,8.744653091402853,3.5075386329851654,8.01037642230988
series_1,2024-02-26 03:00:00,4.734908288,8.635953770359922,4.4656393806122745,7.391736091482066
series_1,2024-02-26 04:00:00,5.468832196,8.967781724870042,5.598246907016283,7.005764814279432
series_1,2024-02-26 05:00:00,5.31167996,9.417936780683167,5.668336719279757,7.521136353092506
series_1,2024-02-26 06:00:00,5.838254780000001,10.35610222588566,5.915299255356153,8.50047575330798
series_1,2024-02-26 07:00:00,5.876968691999999,10.09244428763982,4.643779601977724,8.960621781292257
series_1,2024-02-26 08:00:00,6.228346656,10.114657647796598,6.718227895474188,7.5611978731284815
series_1,2024-02-26 09:00:00,7.038714136,10.901677049734236,5.8961645401384954,9.169613198620516
series_1,2024-02-26 10:00:00,7.175197079999999,12.156800086155865,7.037775609807297,9.912492259808367
series_1,2024-02-26 11:00:00,7.515748272,12.236869687374792,6.023134985876921,10.651893009587425
series_1,2024-02-26 12:00:00,7.247047476,12.07634526839601,5.925284557959999,10.522790406955345
series_1,2024-02-26 13:00:00,8.014107868,12.248765228514905,7.630037881565968,9.582002481169795
series_1,2024-02-26 14:00:00,7.622703656,11.974595450906113,7.376395368943398,9.432906634430967
series_1,2024-02-26 15:00:00,7.615485808000001,11.707218323507297,7.59865051395599,8.906147946279658
series_1,2024-02-26 16:00:00,7.958005504000001,10.823850036697078,7.375151175346105,7.922302364697922
series_1,2024-02-26 17:00:00,8.128937268,10.604458329700813,5.7191454701672715,8.930056637974149
series_1,2024-02-26 18:00:00,8.193569816,10.523580572547637,5.414381465221309,9.023869536732565
series_1,2024-02-26 19:00:00,8.092519944000001,9.716487885999902,4.046091603993955,8.83398435423521
series_1,2024-02-26 20:00:00,7.622375572,9.685916107459077,5.021557670824353,8.282567802277281
series_1,2024-02-26 21:00:00,7.203412304,7.231474274253379,4.05428931678598,5.988067995187054
series_1,2024-02-26 22:00:00,6.520013332,6.264570206561685,3.456148387249794,5.2249285352290675
series_1,2024-02-26 23:00:00,6.062008068,6.886698118885756,3.2318465170157182,6.081264594730111
series_1,2024-02-27 00:00:00,5.809711472,6.279234133021472,4.834590764647683,4.006933170853395
series_1,2024-02-27 01:00:00,6.15813668,3.920969004924852,2.9933640534822175,-2.532542118287846
series_1,2024-02-27 02:00:00,5.488189152,3.3374497071358875,3.009955973243144,-1.441782087140542
series_1,2024-02-27 03:00:00,5.439304636,2.7551324376213677,0.6767707054634101,2.6707182856040843
series_1,2024-02-27 04:00:00,5.077427984,2.133633126075005,1.0511090694465894,1.8567606309946698
series_1,2024-02-27 05:00:00,5.028215384,1.886176056446967,-1.0530063591036503,1.5648762646296053
series_1,2024-02-27 06:00:00,4.9130579,2.097325140040532,-0.7134492058496262,1.972248202868639
series_1,2024-02-27 07:00:00,4.79330724,2.155499211811628,-1.6875420824770104,1.341036379815889
series_1,2024-02-27 08:00:00,4.786417476,3.2270313801488273,-2.92587476081728,1.3612451698638526
series_1,2024-02-27 09:00:00,4.43241484,4.5669899385477795,-3.5057281252311734,2.9269894790996043
series_1,2024-02-27 10:00:00,4.194882024,4.371780306944104,-3.8684532953814768,2.0365490796041423
series_1,2024-02-27 11:00:00,4.237532944,4.130780098698548,-3.801686546942718,1.615711491139039
series_1,2024-02-27 12:00:00,4.163057876,5.533860659623599,-4.7209611834139045,2.8872373135627276
series_1,2024-02-27 13:00:00,3.744750776,7.5720899491420495,-3.548992762080186,6.688886048707998
series_1,2024-02-27 14:00:00,3.4826116600000003,6.9529236957454845,-2.9962513755126476,6.274203185552539
series_1,2024-02-27 15:00:00,3.33333344,6.758868705270254,-2.5433040681748653,6.262101132358594
series_1,2024-02-27 16:00:00,3.716207468,6.534707021310027,-2.0846094725909285,6.193286623525729
series_1,2024-02-27 17:00:00,3.549540796,6.202440975507418,-2.613494066764848,5.62493758344378
series_1,2024-02-27 18:00:00,3.5029528680000004,6.08853707253842,-2.492430861732745,5.555004237906294
series_1,2024-02-27 19:00:00,3.460301948,5.507103533946552,-2.465919394616916,4.9241680386496505
series_1,2024-02-27 20:00:00,3.50557754,4.900844176069292,-1.0296484454424115,4.791460916767487
series_1,2024-02-27 21:00:00,3.326443676,5.0980059827373445,-1.6374642082897377,4.827874891357047
series_1,2024-02-27 22:00:00,3.228674644,5.418463374750532,-1.4684819070704749,5.215678885065643
series_1,2024-02-27 23:00:00,3.277231076,6.356688499742432,-1.2313116161395887,6.236293802148629
series_1,2024-02-28 00:00:00,3.332677272,8.010186594956885,-1.9039575751555189,7.780619180890096
series_1,2024-02-28 01:00:00,3.325459424,7.488754674643312,-1.4783850326323438,7.341377545956939
series_1,2024-02-28 02:00:00,4.052821652,7.797563075252565,-0.8043043147222533,7.755970892277859
series_1,2024-02-28 03:00:00,4.31758544,8.1699558002043,-0.6240012078051633,8.14609110371039
series_1,2024-02-28 04:00:00,4.669947656,7.210695806783912,-0.2945418843958001,7.204677584479938
series_1,2024-02-28 05:00:00,5.294947676,7.979649265634412,1.0414924522717528,7.911390261793485
series_1,2024-02-28 06:00:00,5.321194395999999,9.508524556842012,-1.6769580579549246,9.35947920131925
series_1,2024-02-28 07:00:00,5.84153562,9.350710311078325,-1.5407574223940186,9.222898128410844
series_1,2024-02-28 08:00:00,6.623687876,8.994372110330493,-1.9328659687846141,8.784233535477375
series_1,2024-02-28 09:00:00,6.6683073,8.433693306391998,-1.4853105715589936,8.301869385403283
series_1,2024-02-28 10:00:00,6.2152232960000005,8.741798679578396,-2.059474671222075,8.495740593548824
series_1,2024-02-28 11:00:00,6.577428031999999,9.526079371871507,-1.1585148078931053,9.455370518339736
series_1,2024-02-28 12:00:00,6.98162752,11.002020852403184,-2.6559549610231206,10.67662709294144
series_1,2024-02-28 13:00:00,7.37696874,11.564491481845893,-1.7991395247210893,11.42368417824445
series_1,2024-02-28 14:00:00,7.834317836,12.445114008716581,-2.7879742419509226,12.128811249094937
series_1,2024-02-28 15:00:00,8.798228628,13.134270705874696,-2.6192888620653676,12.870446489234881
series_1,2024-02-28 16:00:00,9.605643352,13.921095095341215,-3.423960756405566,13.493456984484288
series_1,2024-02-28 17:00:00,11.072506916,15.644286374910765,-3.0971204863434867,15.334651638471938
series_1,2024-02-28 18:00:00,12.299541076,16.43782683796754,-1.4656753278713595,16.372353129232067
series_1,2024-02-28 19:00:00,13.334646096,16.262770131416346,0.18397510006800055,16.26172947474661
series_1,2024-02-28 20:00:00,15.312992616,17.315905141245267,1.6387150088522076,17.23818969556742
series_1,2024-02-28 21:00:00,14.278871848,16.583147240511163,1.3359109089685208,16.5292502686532
series_1,2024-02-28 22:00:00,15.274606788000002,15.85511756201859,-0.5906256955363726,15.844112919100345
series_1,2024-02-28 23:00:00,15.479331204,17.46405418771876,0.614277113115936,17.45324761469564
series_1,2024-02-29 00:00:00,16.127625188,16.71114723429045,0.40562170017907606,16.706223778055804
series_1,2024-02-29 01:00:00,16.782808936000002,15.667104003413437,-0.635254647681277,15.654219858759255
series_1,2024-02-29 02:00:00,16.701444104,15.045702326835567,-0.7990140731965909,15.024471205955269
series_1,2024-02-29 03:00:00,15.501640916,17.10833101094398,0.8198405407137586,17.088676118056355
series_1,2024-02-29 04:00:00,15.452428316,16.817798448842904,1.33091449530105,16.765053273762668
series_1,2024-02-29 05:00:00,17.698163296,15.903291252293034,2.029056298547503,15.773319346053476
series_1,2024-02-29 06:00:00,17.562992688,15.568375975560613,8.79529523798782,12.845898652606662
series_1,2024-02-29 07:00:00,18.646326056,14.083203041045603,13.874486500359218,2.415622538118477
series_1,2024-02-29 08:00:00,14.989501792,13.76826873716308,13.289029782340394,3.6009597974445997
series_1,2024-02-29 09:00:00,16.027887652,11.764522744367168,11.654071422688121,-1.6082955815447912
series_1,2024-02-29 10:00:00,14.312336416,12.122059273773832,10.741403208377832,-5.618414202596365
series_1,2024-02-29 11:00:00,14.741142204,13.865144151574013,10.87631075494744,-8.599307338718724
series_1,2024-02-29 12:00:00,14.177493892,14.096377054268583,11.11080575755171,-8.67512774972597
series_1,2024-02-29 13:00:00,15.45111598,14.650718432844313,12.253185284847609,-8.031376032391842
series_1,2024-02-29 14:00:00,15.284777392,14.046923107018642,12.841018633873901,-5.6942329789882615
series_1,2024-02-29 15:00:00,15.19357004,15.124914700812012,14.082896189138083,-5.516799763703537
series_1,2024-02-29 16:00:00,13.72539414,13.48590274192269,13.092324395512588,-3.2342873538484316
series_1,2024-02-29 17:00:00,13.931758976,13.448810576270663,12.774573286319956,-4.204852348043887
series_1,2024-02-29 18:00:00,12.255249736,13.80563406949656,13.297219086600371,-3.7120744367260383
series_1,2024-02-29 19:00:00,12.622703816,12.862278268048339,12.546008297288651,-2.8347624325634224
series_1,2024-02-29 20:00:00,11.437336324,13.738120454313435,13.494963592430244,-2.573307454659739
series_1,2024-02-29 21:00:00,12.81003978,14.76573616832643,14.325124489079128,-3.580191749754295
series_1,2024-02-29 22:00:00,11.328412436,14.805864909739855,14.11749693889621,-4.462052880202351
series_1,2024-02-29 23:00:00,13.19389806,14.872322019879627,13.021111310693318,-7.185862682902518
series_1,2024-03-01 00:00:00,12.530512212,16.224676913956014,13.315444893705763,-9.270332693325647
series_1,2024-03-01 01:00:00,12.421916408,16.12307562854923,13.98954465530123,-8.015373232810242
series_1,2024-03-01 02:00:00,13.250000424,16.328615292494593,13.473371188301494,-9.224529591937765
series_1,2024-03-01 03:00:00,12.247047636,16.460887376634517,13.097197076002505,-9.97117054204756
series_1,2024-03-01 04:00:00,12.082021384,16.0839223345663,13.376684710983481,-8.93066984090787
series_1,2024-03-01 05:00:00,11.910433452,16.28923979037941,12.926966138507805,-9.91125014326409
series_1,2024-03-01 06:00:00,12.930446608,15.85163030349052,11.41318132465443,-11.000612497906573
series_1,2024-03-01 07:00:00,13.109252388,14.390475103058588,12.160872715735485,-7.694085292185767
series_1,2024-03-01 08:00:00,12.688320616,15.216496364661275,11.98632433029569,-9.373888769593513
series_1,2024-03-01 09:00:00,12.908793064,14.565071775260447,10.917926545930827,-9.640549556749733
series_1,2024-03-01 10:00:00,10.82513158,14.719225089441366,11.420882359137241,-9.285420473645118
series_1,2024-03-01 11:00:00,10.672900604,12.265808422041196,9.375467337311632,-7.908898055558655
series_1,2024-03-01 12:00:00,9.904527876,11.255982947591129,7.299586164600797,-8.568149971961912
series_1,2024-03-01 13:00:00,8.406824416,8.993959536914597,7.285227653424145,-5.274160235472671
series_1,2024-03-01 14:00:00,7.474081603999999,8.502472713450123,7.718524957475146,-3.5660082338375485
series_1,2024-03-01 15:00:00,7.035761379999999,7.7835813970010355,7.583397836824817,-1.7539146536195183
series_1,2024-03-01 16:00:00,5.745078924,9.104726031147896,8.672159579683102,-2.7730280068496835
series_1,2024-03-01 17:00:00,6.228346656,8.679265925152018,7.8659162859112435,3.668380839354222
series_1,2024-03-01 18:00:00,5.444882064,10.54772231673981,10.119983275200797,2.9732784230050155
series_1,2024-03-01 19:00:00,5.466863692,10.572711280537263,10.566108681353635,-0.37359223148135823
series_1,2024-03-01 20:00:00,5.905840084,12.364465997585246,11.535214787884781,4.451835486943104
series_1,2024-03-01 21:00:00,7.492454308,13.188202779092544,12.851646492911396,2.960384259467431
series_1,2024-03-01 22:00:00,7.435695776,12.237383246476565,11.805791231310481,3.221310622069512
series_1,2024-03-01 23:00:00,7.709974,11.865290306227598,11.788711251447804,1.345883011649426
series_1,2024-03-02 00:00:00,7.870407075999999,11.63092039087292,11.567196474535336,1.2158432704591244
series_1,2024-03-02 01:00:00,7.976706291999999,10.566654620649004,10.47068693761653,1.4208817426195282
series_1,2024-03-02 02:00:00,7.832677416,9.212788531281102,9.13657523825117,1.1825673079703263
series_1,2024-03-02 03:00:00,7.37532832,8.12402422524951,7.235788859987158,3.693660675553001
series_1,2024-03-02 04:00:00,6.768372920000001,7.424903597290883,6.637599640882324,3.3273810176206062
series_1,2024-03-02 05:00:00,6.568897848000001,7.236320917088846,6.7678914141252395,2.561247005211998
series_1,2024-03-02 06:00:00,7.315288947999999,8.084089452986428,6.904785336734254,4.204336063816262
series_1,2024-03-02 07:00:00,7.31955404,7.270045994000212,6.3149643827822945,3.602054080530935
series_1,2024-03-02 08:00:00,7.148622276,7.290186590444378,4.905093526872286,5.393225196126212
series_1,2024-03-02 09:00:00,7.064304688,6.5804925590917485,4.491048977782171,4.809715313760638
series_1,2024-03-02 10:00:00,6.885498908,5.458103364491141,2.9021073913563002,4.62262533918818
series_1,2024-03-02 11:00:00,6.118110432,5.4584789460161875,2.453488198598928,4.8760012370217645
series_1,2024-03-02 12:00:00,5.5141077880000005,5.949889033261015,2.6171832062674345,5.343363320320957
series_1,2024-03-02 13:00:00,5.07217864,6.535409804644541,2.137797813712468,6.175872555544697
series_1,2024-03-02 14:00:00,5.591207528,6.28403908638648,2.0806768642207976,5.929581016052428
series_1,2024-03-02 15:00:00,4.959645828,6.668075790412378,1.5355245870944025,6.488867311720299
series_1,2024-03-02 16:00:00,4.610236368,6.678450824830525,-0.9583360518292149,6.609334114072606
series_1,2024-03-02 17:00:00,4.350065756,6.529369190808375,-0.9611718710761732,6.458235878638186
series_1,2024-03-02 18:00:00,4.593832168,6.681461959220856,-2.1280112665211006,6.333522081912611
series_1,2024-03-02 19:00:00,4.35203426,7.14920577191155,-1.0354071559854217,7.073830305461646
series_1,2024-03-02 20:00:00,4.217519820000001,6.953218847532557,-1.1066979062208655,6.864580984011211
series_1,2024-03-02 21:00:00,4.143372835999999,7.323733727390653,-1.374804490323521,7.193537955909156
series_1,2024-03-02 22:00:00,3.729658912,8.07060218937263,-1.173950930410446,7.984764173856028
series_1,2024-03-02 23:00:00,4.416666808,7.166563117212355,-1.046546276538786,7.089736793707597
series_1,2024-03-03 00:00:00,4.456036888,8.241620453813852,-1.0310187724977402,8.176876420460328
series_1,2024-03-03 01:00:00,4.437992268,9.217744737438489,-1.2071728996171358,9.138356068517188
series_1,2024-03-03 02:00:00,4.787729812,9.745679019277237,-2.0362560424962055,9.530578202615947
series_1,2024-03-03 03:00:00,4.60629936,9.619105071878918,-2.7297940657227002,9.223633055504315
series_1,2024-03-03 04:00:00,5.038714072,11.001400639122716,-3.6307887777127923,10.38499826067027
series_1,2024-03-03 05:00:00,4.851378108,9.50872926800501,-4.346647853767225,8.457102620138642
series_1,2024-03-03 06:00:00,5.068897799999999,9.794924877830123,-3.987114936882251,8.946701506277378
series_1,2024-03-03 07:00:00,4.88353034,8.976575595430718,-4.446396871024764,7.7979782178346415
series_1,2024-03-03 08:00:00,5.379593347999999,8.285472317936266,-5.838050483582701,5.879304217543769
series_1,2024-03-03 09:00:00,5.3038059440000005,8.933567989704924,-6.717506633730353,5.889290420115923
series_1,2024-03-03 10:00:00,5.089895176,10.754961198865288,-10.29987868727648,3.0954304089230615
series_1,2024-03-03 11:00:00,5.72178496,10.436228362081817,-9.949000839139343,3.151546402692743
series_1,2024-03-03 12:00:00,5.9458663320000005,10.252845314023396,-7.600201514292542,6.881698480421592
series_1,2024-03-03 13:00:00,6.571850604,10.819207370090984,-4.9554231732839495,9.617641565930366
series_1,2024-03-03 14:00:00,7.596456936,8.303415033946669,-2.46933668767052,7.927741011719288
series_1,2024-03-03 15:00:00,7.003281063999999,6.464131516628457,-0.2513880545013629,6.4592414655533155
series_1,2024-03-03 16:00:00,7.861548807999999,4.957049579843419,-3.361438105336388,3.6432230786788677
series_1,2024-03-03 17:00:00,7.891732536000001,4.45357035634739,-3.3314561210124642,2.9556199066701394
series_1,2024-03-03 18:00:00,7.581365072,2.8824139638521005,-2.7486795942349973,0.8677964895329484
series_1,2024-03-03 19:00:00,7.899606552,2.233794502135604,-2.2012653145033596,-0.3798274515298695
series_1,2024-03-03 20:00:00,7.38189,2.4218900055820853,0.8561827838106397,-2.2655026461791334
series_1,2024-03-03 21:00:00,8.011483196,2.9269549460366777,0.06532707076035571,-2.926225833724124
series_1,2024-03-03 22:00:00,7.337926744000001,5.070797557466354,1.523565420157738,-4.83650041655186
series_1,2024-03-03 23:00:00,3.6996839702950033,5.6340643715219985,1.1477973163656696,-5.5159081449021015
series_1,2024-03-04 00:00:00,7.409449056,6.6457432182096365,1.1147497534316,-6.551582702645489
series_1,2024-03-04 01:00:00,7.05052516,5.9928412617642275,-0.28259786769895673,-5.986174474059027
series_1,2024-03-04 02:00:00,7.988517315999999,6.266064877978501,-1.9617988684830903,-5.951043123239336
series_1,2024-03-04 03:00:00,8.502624944,5.539511559120784,0.47135519451615987,-5.519421400313208
series_1,2024-03-04 04:00:00,7.827099988,6.57346139270636,0.9911616678689805,-6.498306951010257
series_1,2024-03-04 05:00:00,7.0492128240000005,6.4775685110052095,0.22024712618124742,-6.47382306046243
series_1,2024-03-04 06:00:00,6.520013332,6.431212424385976,1.204734675241241,-6.317365559301434
series_1,2024-03-04 07:00:00,6.191601248,6.602267152360184,1.2984086839383893,-6.473335032315849
series_1,2024-03-04 08:00:00,6.11384534,6.675273052861119,0.5535240491006341,-6.652283927894317
series_1,2024-03-04 09:00:00,6.429462148,6.652578244526945,-1.0335987659576003,-6.571793582467737
series_1,2024-03-04 10:00:00,6.475065824,6.989881354320658,-0.9903856616512985,-6.919362513170929
series_1,2024-03-04 11:00:00,7.294619655999999,7.193318148520746,-2.021793646303411,-6.903345307718938
series_1,2024-03-04 12:00:00,7.05544642,7.611431145610252,-2.707830794608331,-7.1134756956172005
series_1,2024-03-04 13:00:00,7.407808635999999,8.276461457113959,-4.63083801489412,-6.859675905675457
series_1,2024-03-04 14:00:00,8.355643312,8.789606185618515,-5.713804959718346,-6.679042579633796
series_1,2024-03-04 15:00:00,7.41305798,9.372785074368315,-7.046448968462603,-6.180344406677817
series_1,2024-03-04 16:00:00,9.253937304,9.081250286950315,-6.286001229413877,-6.55402893783987
series_1,2024-03-04 17:00:00,7.967848023999999,9.352377291205736,-6.859764646420307,-6.356932435757267
series_1,2024-03-04 18:00:00,8.0298559,8.29435262380753,-5.782589973537046,-5.946254169307907
series_1,2024-03-04 19:00:00,8.28740184,6.813678445075953,-5.225623474117279,-4.3725362502381975
series_1,2024-03-04 20:00:00,7.530183967999999,6.09786136393365,-4.412144340624254,-4.209144275414199
series_1,2024-03-04 21:00:00,7.411089476000001,5.986900635958012,-5.405500643347994,-2.5736242965123832
series_1,2024-03-04 22:00:00,7.721456939999999,4.492778879593272,-3.9449305629167455,-2.1500197475104152
series_1,2024-03-04 23:00:00,7.301837504,3.8091838923202164,-3.188471878984268,-2.084113481180506
series_1,2024-03-05 00:00:00,6.920931980000001,2.8256512088243024,-2.5571818055926876,-1.2021339222715426
series_1,2024-03-05 01:00:00,6.379921464000001,4.190249896411109,-4.183107887575508,0.24454569159336756
series_1,2024-03-05 02:00:00,6.19586634,6.709485361613017,-6.608803609336621,1.1579761098220471
series_1,2024-03-05 03:00:00,6.44849102,6.401824799293436,-6.321082694452759,1.0135454260852306
series_1,2024-03-05 04:00:00,6.376640624,6.889800287310719,-6.6978976021730645,1.6147803905891294
series_1,2024-03-05 05:00:00,6.573819108,7.461139418655642,-6.351980722046181,3.9141975335144648
series_1,2024-03-05 06:00:00,6.728674756,8.120954049761886,-7.158863135220303,3.8341326645706606
series_1,2024-03-05 07:00:00,6.938648516,8.053795015977299,-6.9146210410064075,4.129361938441851
series_1,2024-03-05 08:00:00,6.695866356000001,7.430637378217054,-6.28923956793652,3.9572512560687967
series_1,2024-03-05 09:00:00,7.252624903999999,7.523791522495208,-6.8045956327029575,3.2101272793100595
series_1,2024-03-05 10:00:00,6.263451644,7.400612877124711,-6.822353519271508,2.8678499638488364
series_1,2024-03-05 11:00:00,6.766404415999999,7.725630763528433,-6.8436703166093915,3.58462652056479
series_1,2024-03-05 12:00:00,6.333333536,8.334017652558256,-7.030877068161649,4.474663996944495
series_1,2024-03-05 13:00:00,6.304462144,6.829461636772007,-5.714136385422894,3.7403464568040703
series_1,2024-03-05 14:00:00,5.660761336,5.495914020779418,-4.59898704647771,3.0090511910118813
series_1,2024-03-05 15:00:00,6.089567124,5.048888070888112,-4.286874773120234,2.667203672751976
series_1,2024-03-05 16:00:00,5.95964586,5.2000596826337855,-4.630631819234972,2.3659817534465493
series_1,2024-03-05 17:00:00,5.365485736,5.286489985767486,-4.870626460484296,2.055230948591942
series_1,2024-03-05 18:00:00,5.384186524,5.1991695543177885,-4.577566905163561,2.4652069453285925
series_1,2024-03-05 19:00:00,5.12959334,4.531818990116417,-3.792217433991106,2.481223547468807
series_1,2024-03-05 20:00:00,4.543307232,5.023478660558591,-4.259552441939187,2.662996591709694
series_1,2024-03-05 21:00:00,4.75393716,5.03495592114693,-4.107170520809344,2.912375566592886
series_1,2024-03-05 22:00:00,4.349737672,4.146996771126973,-1.987286253140166,3.639818067955822
series_1,2024-03-05 23:00:00,4.389107752,4.58990449998553,-2.2854922700526568,3.9804206313550545
series_1,2024-03-06 00:00:00,4.572834792,3.125687512710888,-1.7388414631953297,2.597374211196666
series_1,2024-03-06 01:00:00,4.632874164,4.305205534382077,-3.119448075177054,2.967126286417253
series_1,2024-03-06 02:00:00,4.400590692,7.546264381475437,-2.0594233615030206,7.259812775355881
series_1,2024-03-06 03:00:00,4.658464716,8.51030858791139,-1.245954022330122,8.418607416652577
series_1,2024-03-06 04:00:00,4.748031648,8.046008283821397,-0.004563715954270187,8.046006989545761
series_1,2024-03-06 05:00:00,4.464895156,9.219510448287174,1.335076480603986,9.122332141344911
series_1,2024-03-06 06:00:00,4.5082022440000005,8.934401606892267,3.4026965176961546,8.261064609461519
series_1,2024-03-06 07:00:00,4.63254608,9.76903384003766,5.200297186628625,8.269880974871606
series_1,2024-03-06 08:00:00,4.564632692,10.7097702431053,5.577328350058974,9.142898180321827
series_1,2024-03-06 09:00:00,4.886155012000001,10.44587446950358,6.695147810860655,8.018184908279087
series_1,2024-03-06 10:00:00,5.687664224,9.246121400024428,7.991990712319556,4.649607015457075
series_1,2024-03-06 11:00:00,5.332677336,8.911236710450853,8.562151283230145,2.4697581081489126
series_1,2024-03-06 12:00:00,5.816601236,8.005214260048659,7.8595739656679235,1.5200501397919048
series_1,2024-03-06 13:00:00,5.205380744,7.922469008435138,7.922217663056199,0.06310696297254081
series_1,2024-03-06 14:00:00,5.22801854,8.10562517344904,8.092852225947627,-0.45486514641738207
series_1,2024-03-06 15:00:00,5.1171261480000005,6.974960874307116,6.960971708063375,0.4415337786130804
series_1,2024-03-06 16:00:00,4.94750672,5.107114368704788,5.0292940945611875,0.8881543139808921
series_1,2024-03-06 17:00:00,4.295931896,5.4031758265466,5.050353459355415,1.9204788330399074
series_1,2024-03-06 18:00:00,4.3362862280000005,4.668745734668038,4.329218490119657,1.74787127666401
series_1,2024-03-06 19:00:00,4.17814974,4.116078927582795,4.115798793902423,0.04802110163766027
series_1,2024-03-06 20:00:00,3.985892516,3.0845918700986275,2.325170829269384,-2.0268911218398666
series_1,2024-03-06 21:00:00,4.150918768,0.8091082696399352,-0.7430139691508071,-0.32029117010385044
series_1,2024-03-06 22:00:00,4.18963268,2.2407982683367704,-2.0567586304170744,0.8893372901132327
series_1,2024-03-06 23:00:00,4.51279542,3.4248489927701358,-3.3355232637517136,0.7770940613913664
series_1,2024-03-07 00:00:00,4.38320224,4.551017692243706,-4.351148769230187,1.3338914585309598
series_1,2024-03-07 01:00:00,4.34383216,5.556364799928657,-5.064683224201819,2.2852075678972557
series_1,2024-03-07 02:00:00,4.341207487999999,4.969933464398131,-3.350945050929272,3.6703413882358444
series_1,2024-03-07 03:00:00,4.207349216,5.217998254850413,-4.631486563563858,2.403505356588457
series_1,2024-03-07 04:00:00,3.854987,5.65931114079652,-5.288264640726713,2.015455203665706
series_1,2024-03-07 05:00:00,3.88287414,6.609046366520705,-6.496756904934307,-1.2131131822748165
series_1,2024-03-07 06:00:00,3.871063116,6.56161512882579,-6.453658984154755,-1.1853602047791618
series_1,2024-03-07 07:00:00,4.016732412,7.323284979699805,-7.250978564449184,-1.0265538231360387
series_1,2024-03-07 08:00:00,4.408792792000001,7.815528927282683,-7.46208357393765,-2.323747221356558
series_1,2024-03-07 09:00:00,4.172572312,9.326083077058959,-8.319691448796847,-4.214090620409358
series_1,2024-03-07 10:00:00,4.541666812,9.826861731817964,-8.992004604558748,-3.9637185429672765
series_1,2024-03-07 11:00:00,4.835301992,8.49178195589493,-8.300881652356837,-1.7904537357967059
series_1,2024-03-07 12:00:00,4.935695696,5.793166922892225,-1.0770424338831113,-5.692166774797425
series_1,2024-03-07 13:00:00,5.187992292,9.924172027107037,-1.7001724537743619,-9.777453863406397
series_1,2024-03-07 14:00:00,5.2890421640000005,13.154011529547374,-5.291603960991619,-12.042713433420355
series_1,2024-03-07 15:00:00,8.803149888,14.51161418600276,-5.792184979249522,-13.3055454397613
series_1,2024-03-07 16:00:00,9.880905828,14.402621436464129,-6.41662940518028,-12.89427668846422
series_1,2024-03-07 17:00:00,10.049869088,14.246315980242832,-6.327934013431224,-12.76380703906881
series_1,2024-03-07 18:00:00,10.856627644,13.056801364892237,-5.408783369302836,-11.883817751303866
series_1,2024-03-07 19:00:00,11.145997732,13.428805187050624,-3.559631122633833,-12.948429828459293
series_1,2024-03-07 20:00:00,11.568898008,13.989696676655713,-2.1332554480961283,-13.82609251733837
series_1,2024-03-07 21:00:00,11.84055156,13.501179377238643,-4.185868247685404,-12.835900887331325
series_1,2024-03-07 22:00:00,12.082349468,14.717222776920782,-4.3096439169990965,-14.07208639733954
series_1,2024-03-07 23:00:00,12.184383592,15.851302283417631,-4.272185510574668,-15.264737634283692
series_1,2024-03-08 00:00:00,13.254921684,14.557863463067244,-2.4917602485638555,-14.343030344839448
series_1,2024-03-08 01:00:00,12.789370488,14.499129669048695,-3.5525991425799015,-14.05716189321403
series_1,2024-03-08 02:00:00,12.501312736,13.667629078540056,-2.9182351827547017,-13.352452510557239
series_1,2024-03-08 03:00:00,12.062992512,14.139032585528339,-3.524626728894665,-13.692671356480936
series_1,2024-03-08 04:00:00,12.07185078,13.714771867338905,-2.934216003770207,-13.397214031893702
series_1,2024-03-08 05:00:00,13.086942676,13.857113383261026,-3.87302740825303,-13.304858135713912
series_1,2024-03-08 06:00:00,12.61154896,14.021823286884695,-3.0235258251193757,-13.691961870873659
series_1,2024-03-08 07:00:00,11.5813652,13.261683753478934,-3.0425946348598067,-12.907938404920028
series_1,2024-03-08 08:00:00,11.946850776,12.87180772135093,-3.6334128190289654,-12.348349901988744
series_1,2024-03-08 09:00:00,11.785433448,12.728231690203902,-1.8862590128711854,-12.587688782928863
series_1,2024-03-08 10:00:00,10.970800876,13.070283572765433,-4.4138202341057955,-12.3024592506336
series_1,2024-03-08 11:00:00,10.71030218,13.279818867227958,-3.486164237354579,-12.814064462791407
series_1,2024-03-08 12:00:00,11.191929492,13.105774981540383,-3.6096545509098625,-12.598878199659902
series_1,2024-03-08 13:00:00,10.522310048,12.804377926538447,-3.109628736413335,-12.421042758452183
series_1,2024-03-08 14:00:00,10.51837304,12.385893063999282,-2.93854936101836,-12.032259748097367
series_1,2024-03-08 15:00:00,9.552821828,12.09503946344658,-1.9033435729720936,-11.94434020218597
series_1,2024-03-08 16:00:00,9.521325764,12.740780255987078,-0.7909065989356289,-12.71620809373259
series_1,2024-03-08 17:00:00,9.0551184,12.388521443583931,0.3901775765282054,-12.382375580514164
series_1,2024-03-08 18:00:00,8.896981912000001,11.152429726091336,0.5638300162066646,-11.138167915246656
series_1,2024-03-08 19:00:00,8.009186607999998,11.031479082093782,1.1964588856329232,-10.966404008318438
series_1,2024-03-08 20:00:00,7.732939880000001,8.843166441402243,-1.1556802954025893,-8.76732546248632
series_1,2024-03-08 21:00:00,7.78215248,7.147000597650664,-4.325273552196098,-5.689606861769264
series_1,2024-03-08 22:00:00,6.787401792,8.29765220410429,-5.668087739063263,-6.060017614046803
series_1,2024-03-08 23:00:00,6.3274280240000005,9.25733152870011,-6.664730546450118,-6.424916635683285
series_1,2024-03-09 00:00:00,7.055118336,10.41027920433258,-8.350513999934636,-6.216335660906273
series_1,2024-03-09 01:00:00,6.415354536,10.240411088684546,-7.86118726760739,-6.562602685586022
series_1,2024-03-09 02:00:00,6.879593396000001,10.07784503585199,-7.577103841416995,-6.644581096128665
series_1,2024-03-09 03:00:00,6.734580268,9.360936839582884,-6.458687513518905,-6.77587589300269
series_1,2024-03-09 04:00:00,6.605315172,9.378933699664087,-6.026007739184023,-7.1869067108171745
series_1,2024-03-09 05:00:00,6.166338779999999,8.839151844382897,-5.859942135764524,-6.617528503417956
series_1,2024-03-09 06:00:00,5.8779529440000005,6.746241099644386,-4.213790364207513,-5.268371640368872
series_1,2024-03-09 07:00:00,5.89566948,7.022376513413207,-4.771426195814896,-5.152403706429536
series_1,2024-03-09 08:00:00,5.803477876,7.900955376847899,-5.8408835347068,-5.320636747695967
series_1,2024-03-09 09:00:00,5.241469984,8.366047456551104,-6.603210008624598,-5.1369609330094335
series_1,2024-03-09 10:00:00,4.992126144,7.261685794837173,-6.432164184485324,-3.370362663982056
series_1,2024-03-09 11:00:00,5.215223264,6.865388539590355,-6.518654934798065,-2.1542278525196465
series_1,2024-03-09 12:00:00,4.890420104,7.223591192101699,-7.187375858486791,-0.722425068398448
series_1,2024-03-09 13:00:00,4.9540684,7.250715685607684,-7.250714426903135,-0.00427235485931593
series_1,2024-03-09 14:00:00,4.87860908,6.07978476343898,-6.06089136400014,0.4789349053193932
series_1,2024-03-09 15:00:00,4.64074818,5.406436096957091,-5.279402450439004,1.165101298934673
series_1,2024-03-09 16:00:00,4.500000144,5.376487953262913,-4.432882413248118,3.0423964603412186
series_1,2024-03-09 17:00:00,3.73687676,4.637069419780246,-3.010727875767524,3.5267450236638145
series_1,2024-03-09 18:00:00,3.542979116,6.03684315683437,-4.432815004913447,4.098002736996665
series_1,2024-03-09 19:00:00,3.415026356,5.967415451892325,-3.3445481505804002,4.942068882961114
series_1,2024-03-09 20:00:00,3.19553816,6.920108220434142,-4.461955224719542,5.289504074591319
series_1,2024-03-09 21:00:00,3.349081472,6.681870484465753,-3.793275491911483,5.500768511184441
series_1,2024-03-09 22:00:00,3.4698163840000005,7.361741719626024,-4.114408493815834,6.104660833535181
series_1,2024-03-09 23:00:00,3.627952872,7.682635088061347,-4.516455571490393,6.2148621036242435
series_1,2024-03-10 00:00:00,3.937008,7.807266798741846,-6.0983582752297805,4.874776016769716
series_1,2024-03-10 01:00:00,3.955708788,8.676100072251455,-5.961809407703486,6.303296046509311
series_1,2024-03-10 02:00:00,4.335301975999999,11.361961035648111,-9.158846818120583,6.72381465671001
series_1,2024-03-10 03:00:00,4.9665355920000005,12.878492785837468,-10.182277255790945,7.885227093817282
series_1,2024-03-10 04:00:00,5.544947683999999,12.725848857646044,-11.150396064209737,6.133179987486683
series_1,2024-03-10 05:00:00,5.963254784,14.608758933181443,-13.017407148189006,6.630456146155131
series_1,2024-03-10 06:00:00,6.421916216,14.215876353149348,-12.407699370504584,6.93830936318142
series_1,2024-03-10 07:00:00,7.507218087999999,14.968702707664399,-13.631428421513665,6.1843528311043965
series_1,2024-03-10 08:00:00,8.125656428000001,14.828797242796963,-13.779550000600258,5.478798175598386
series_1,2024-03-10 09:00:00,8.956365116,14.220929589130737,-12.876988189304686,6.03473392549512
series_1,2024-03-10 10:00:00,10.04921292,15.921343243266707,-14.639455817815925,6.259033793496394
series_1,2024-03-10 11:00:00,10.960302188,17.569067301073993,-16.846562409715297,4.986527930858796
series_1,2024-03-10 12:00:00,13.388779956,16.848138411976283,-15.838476433320638,5.744774340238042
series_1,2024-03-10 13:00:00,13.583005684000002,18.5856465962352,-16.060368315123757,9.353653242595533
series_1,2024-03-10 14:00:00,14.486877104,20.27152421266629,-17.7258334369213,9.835116820416445
series_1,2024-03-10 15:00:00,16.025919148,18.610495433599816,-16.24664336345757,9.077285921720197
series_1,2024-03-10 16:00:00,16.866470356,18.301255638939697,-15.939188737758025,8.993231918723641
series_1,2024-03-10 17:00:00,18.006562256000002,16.5500958111343,-12.509733282559244,10.835693081522503
series_1,2024-03-10 18:00:00,17.34416066,14.221275222563131,-9.473163295912979,10.606783024313035
series_1,2024-03-10 19:00:00,16.46325512,11.200878979500741,-7.016107328326338,8.731204262347035
series_1,2024-03-10 20:00:00,14.491142196,7.149539617786633,-2.099795872879791,6.834235439208809
series_1,2024-03-10 21:00:00,14.465551643999998,4.463553817643637,2.6405423142730786,3.5987287991087156
series_1,2024-03-10 22:00:00,12.56233636,4.753722837705205,3.303122950627893,3.4186634216832923
series_1,2024-03-10 23:00:00,14.16830754,4.918919097796631,3.3607990356327067,3.5917676612997522
series_1,2024-03-11 00:00:00,12.695866548,5.802676231091586,3.702647854681769,4.467823889445032
series_1,2024-03-11 01:00:00,13.420932188,5.82514136295987,4.673754285070493,3.4768222245681715
series_1,2024-03-11 02:00:00,13.312664468,5.921088980237241,5.4806632104172515,2.240898365804605
series_1,2024-03-11 03:00:00,11.429462308,6.68048466695137,6.357049338850526,-2.0534846210265254
series_1,2024-03-11 04:00:00,10.723753624,6.90313125650736,6.873089562089082,-0.6433203059681805
series_1,2024-03-11 05:00:00,10.965879616,7.718156173812121,7.241034244586436,-2.671583386697988
series_1,2024-03-11 06:00:00,12.32283504,7.302722481666445,6.902858563488369,-2.3833378477907416
series_1,2024-03-11 07:00:00,12.952100152,7.897894240081579,7.549311694898057,-2.3204797695281036
series_1,2024-03-11 08:00:00,12.325787796,9.994460701000062,9.180250410484831,-3.951233618077742
series_1,2024-03-11 09:00:00,11.035433424,11.183240193107006,10.27933027377221,-4.404569256968737
series_1,2024-03-11 10:00:00,11.041338936,11.61683969157884,11.398537590920304,-2.241496198573242
series_1,2024-03-11 11:00:00,12.17683766,11.883552329398958,11.152623116935763,-4.103390497765647
series_1,2024-03-11 12:00:00,11.428478056,12.205235385908898,11.541348983678725,-3.9705206790017833
series_1,2024-03-11 13:00:00,12.002296972,12.568504055991477,11.798730417670978,-4.330964642732592
series_1,2024-03-11 14:00:00,11.668963628,13.285231747266455,12.37265205046491,-4.838890763047144
series_1,2024-03-11 15:00:00,12.66240198,13.309970451398227,12.516010605452607,-4.528221719537574
series_1,2024-03-11 16:00:00,13.479003055999998,12.50378686142265,11.623636014826342,-4.608228691234593
series_1,2024-03-11 17:00:00,13.092520104,12.600797094850323,11.491278786475608,-5.170164337531646
series_1,2024-03-11 18:00:00,11.247703772,12.830023161153314,11.554023580888988,-5.577995465038642
series_1,2024-03-11 19:00:00,11.64862242,13.191733162645715,12.119443019429486,-5.209695262992703
series_1,2024-03-11 20:00:00,11.036417676,14.22838229727477,12.721726084159624,-6.372169821733779
series_1,2024-03-11 21:00:00,12.034449204,14.535248930706215,10.92562914679031,-9.586662048095898
series_1,2024-03-11 22:00:00,11.97178516,16.032994092076457,10.972669537586627,-11.690056577086231
series_1,2024-03-11 23:00:00,12.865157892,16.1407288171801,11.218562469058481,-11.604610414726578
series_1,2024-03-12 00:00:00,12.831693324,15.844769322940433,13.46939859758813,-8.344580056329086
series_1,2024-03-12 01:00:00,13.399934812,15.831129017394666,13.425940185189777,-8.388609903261786
series_1,2024-03-12 02:00:00,12.862205136,16.61717273276742,14.032304945902586,-8.900834092141409
series_1,2024-03-12 03:00:00,11.341535796,16.077604070202376,13.163797173735405,-9.230590263192479
series_1,2024-03-12 04:00:00,11.437664408,17.476438817688333,14.028530589187886,-10.422391436547727
series_1,2024-03-12 05:00:00,11.721128984,17.03120015092284,13.954247185022048,-9.764259525437572
series_1,2024-03-12 06:00:00,11.818898016,17.456735397100367,13.95528822681784,-10.487494516366446
series_1,2024-03-12 07:00:00,11.14829432,17.230357960506772,14.742142531176025,-8.919331199013188
series_1,2024-03-12 08:00:00,10.96292686,17.94668511346796,14.96373705370258,-9.908081547384487
series_1,2024-03-12 09:00:00,11.479331076,18.40918652607955,15.075604826604126,-10.565239593310666
series_1,2024-03-12 10:00:00,10.58234942,17.51015630231953,15.421113046940228,-8.2942658581185
series_1,2024-03-12 11:00:00,10.611548896,17.58673748271337,15.276148628959906,-8.713932427543938
series_1,2024-03-12 12:00:00,10.521325796,17.24586963796319,14.715352892977027,-8.99324239664278
series_1,2024-03-12 13:00:00,9.906168296,17.032535970085654,14.712329992611902,-8.582227435855676
series_1,2024-03-12 14:00:00,9.769029184,16.193370760851494,13.208016686779363,-9.368754015351131
series_1,2024-03-12 15:00:00,9.436023924,15.333832014241839,13.161583443454102,-7.867599729395414
series_1,2024-03-12 16:00:00,10.120735232,15.58556967869617,13.014289913176082,-8.57544402729659
series_1,2024-03-12 17:00:00,9.702428132,15.478431288313443,12.94599107948233,-8.484288427263921
series_1,2024-03-12 18:00:00,8.559055392,13.93709607516044,11.417783479074597,-7.992300509441806
series_1,2024-03-12 19:00:00,7.444882128000001,12.76169649617595,11.111881332069979,-6.275905569916125
series_1,2024-03-12 20:00:00,6.935039592,13.34553001681967,11.519864493166546,-6.737647474372306
series_1,2024-03-12 21:00:00,6.995735131999999,12.54324532155622,10.750549047032639,-6.462097057773711
series_1,2024-03-12 22:00:00,6.65682436,15.142358544188847,9.672611903003894,-11.650390605238794
series_1,2024-03-12 23:00:00,6.903543528,13.623229025941892,9.27859388792362,-9.974971907542002
series_1,2024-03-13 00:00:00,7.109580279999999,15.31928239149058,10.823697616864939,-10.841032371914842
series_1,2024-03-13 01:00:00,7.941601304,16.41568624439743,10.955630963305595,-12.22492965502701
series_1,2024-03-13 02:00:00,7.88057768,16.37656483147536,11.435375364865195,-11.722801113392217
series_1,2024-03-13 03:00:00,8.96653572,16.692608123364625,10.18845353708873,-13.222654063492806
series_1,2024-03-13 04:00:00,8.808071148,16.760897516039208,10.577334365240743,-13.00183384254185
series_1,2024-03-13 05:00:00,8.630905788,15.867073670458787,10.577125465250187,-11.82744451503039
series_1,2024-03-13 06:00:00,8.726706316,15.940033991796426,9.263742303466017,-12.971806435288789
series_1,2024-03-13 07:00:00,7.81003962,15.308408147270141,8.468144359651646,-12.752956171315999
series_1,2024-03-13 08:00:00,7.863845396,14.656470991540054,7.953436956961781,-12.310766933765322
series_1,2024-03-13 09:00:00,7.027231196000001,13.658989820427069,5.565761751189069,-12.473584049643915
series_1,2024-03-13 10:00:00,7.643701032,12.724142310695271,5.648088299879317,-11.40188125265265
series_1,2024-03-13 11:00:00,6.09744114,11.236081500054452,4.349148345359596,-10.360233402096778
series_1,2024-03-13 12:00:00,6.429462148,10.477193237186658,3.3416713873787156,-9.929995491848132
series_1,2024-03-13 13:00:00,5.261155024,9.347165727100077,3.747107027018818,-8.563217622946441
series_1,2024-03-13 14:00:00,5.062336119999999,8.973097326124305,0.7702582653936761,-8.93997638859812
series_1,2024-03-13 15:00:00,4.441273108,7.715209233937872,1.4306763504166191,-7.581399521447131
series_1,2024-03-13 16:00:00,3.970800652,6.9789116612217725,1.937264823110742,-6.704641152237377
series_1,2024-03-13 17:00:00,4.126968636,5.301465962651077,3.130405687368757,-4.278563028124893
series_1,2024-03-13 18:00:00,3.499343944,5.252898984865571,3.7864250745144874,-3.6408697999639736
series_1,2024-03-13 19:00:00,3.00688986,5.37719352224634,4.1806987330676035,-3.381710850888191
series_1,2024-03-13 20:00:00,2.730971216,3.284800228715344,3.261333019353021,0.3919432094654593
series_1,2024-03-13 21:00:00,2.311023696,3.139718403103876,2.989436682094139,0.9597395347380139
series_1,2024-03-13 22:00:00,2.43766412,3.2615339854139727,2.8781159729551495,1.53429214435543
series_1,2024-03-13 23:00:00,2.167979072,2.5665117653463723,2.164005871949527,1.3798772510007256
series_1,2024-03-14 00:00:00,1.964566992,2.745588937475686,2.7414320420006284,0.1510263972990495
series_1,2024-03-14 01:00:00,2.091863584,3.649007401854077,3.6352118679789047,0.3170010941482108
series_1,2024-03-14 02:00:00,2.103674608,3.9365052291249385,3.935928860889701,0.06736038111147846
series_1,2024-03-14 03:00:00,1.929462004,2.724439909201244,2.155168206394912,-1.6666801795764599
series_1,2024-03-14 04:00:00,1.93733602,2.1557191761436325,-0.920894729339841,-1.949122382988683
series_1,2024-03-14 05:00:00,1.849737592,1.7087785107455307,-1.234934723550565,-1.1810420091405738
series_1,2024-03-14 06:00:00,1.94553812,1.4201320493523353,-1.2604968909128391,-0.6541579515657743
series_1,2024-03-14 07:00:00,1.897637856,2.0734244479479145,2.0734226872150985,-0.002702126909233049
series_1,2024-03-14 08:00:00,1.82578746,1.9853337989199829,-1.9852064673461667,-0.0224849981321944
series_1,2024-03-14 09:00:00,1.8208662,2.801134866792432,-2.6400051208282234,-0.936338349081684
series_1,2024-03-14 10:00:00,1.621063044,4.0390124260686795,-3.498206129553777,-2.018953999745805
series_1,2024-03-14 11:00:00,1.611548608,4.3965774141296485,-3.8463176254408955,-2.129726198988419
series_1,2024-03-14 12:00:00,1.7145669839999995,4.281093289251931,-4.128482563296137,-1.1328686931139351
series_1,2024-03-14 13:00:00,1.914698224,4.382929630855342,-4.337296359297216,-0.6308188651719759
series_1,2024-03-14 14:00:00,1.962270404,4.913206049344097,-4.891860512163605,-0.4574870630366123
series_1,2024-03-14 15:00:00,2.003280904,4.803460969263712,-4.764313909103589,-0.6120051133462509
series_1,2024-03-14 16:00:00,2.051837336,2.9621268093567505,-2.910379360457855,0.5512596601701694
series_1,2024-03-14 17:00:00,2.0423229000000003,3.087070015562718,-3.0796782442614754,-0.21350220797208252
series_1,2024-03-14 18:00:00,2.02099744,1.2281154250264288,-1.1839635998481575,0.32633984038489317
series_1,2024-03-14 19:00:00,2.075787468,1.5738587756056996,-1.546945838378506,0.28981031498981036
series_1,2024-03-14 20:00:00,1.75360898,1.9011428532480588,-1.895540288130394,0.14584637304613723
series_1,2024-03-14 21:00:00,1.679461996,1.9989349795131448,-1.5281841757461743,1.2885628340597919
series_1,2024-03-14 22:00:00,1.800524992,2.52044389517258,-1.9322758504059188,1.6183162443264327
series_1,2024-03-14 23:00:00,1.6240158,2.6187400811872883,-1.107607902025671,2.3729737352501603
series_1,2024-03-15 00:00:00,1.627624724,3.2440586917613867,0.4557337123759354,3.211887852805052
series_1,2024-03-15 01:00:00,1.689960684,3.3785004785754014,0.2640696619655657,3.368164588817418
series_1,2024-03-15 02:00:00,1.798884572,2.855924143195929,-1.288105056726598,2.548938617253222
series_1,2024-03-15 03:00:00,1.875984312,3.122414535085629,-0.5348028967860493,3.076273458342619
series_1,2024-03-15 04:00:00,1.991797964,3.6964631604557874,-0.8621361299776258,3.5945182138909786
series_1,2024-03-15 05:00:00,2.06036752,3.0736547582835496,-0.17326918562316396,3.068767075297927
series_1,2024-03-15 06:00:00,2.188648364,3.901281700664633,1.3396469952326167,3.664061248956539
series_1,2024-03-15 07:00:00,2.146325528,3.615145175112786,-0.45731223613973804,3.5861037569788925
series_1,2024-03-15 08:00:00,1.953084052,6.2210878808621395,-6.049288468860254,1.4519102733723415
series_1,2024-03-15 09:00:00,1.755577484,4.738464258028698,-0.826178043606159,4.665883985364248
series_1,2024-03-15 10:00:00,1.588582728,5.373703172324281,-4.618541628811495,2.7469544967442223
series_1,2024-03-15 11:00:00,1.732939688,4.870756656356007,-4.6845476130234935,1.3338980721000537
series_1,2024-03-15 12:00:00,1.621063044,6.376136018924912,-6.375227266876463,0.10764677192789229
series_1,2024-03-15 13:00:00,1.7221129160000002,7.706483785874925,-7.655822341741534,-0.8821998717095106
series_1,2024-03-15 14:00:00,2.5121391880000004,9.22147305478469,-9.18436484912053,-0.8264427495956905
series_1,2024-03-15 15:00:00,2.987532904,11.309978885659003,-11.17212658915244,-1.7604572900259565
series_1,2024-03-15 16:00:00,3.723097232,11.550930668860653,-11.55068314238002,0.0756191851559066
series_1,2024-03-15 17:00:00,4.925853176,10.909862833841194,-10.883682584298997,-0.755354524350054
series_1,2024-03-15 18:00:00,5.334645839999999,10.326141781653583,-10.194621416111035,-1.6428323946714918
series_1,2024-03-15 19:00:00,5.041994912,9.489782028817377,-8.844846632257395,-3.43869902816607
series_1,2024-03-15 20:00:00,5.282480484000001,9.227525503884072,-7.03190378553374,-5.974910549608862
series_1,2024-03-15 21:00:00,4.874015904,8.948483243223247,-6.651818119017871,-5.985705310634061
series_1,2024-03-15 22:00:00,4.777887292,8.922763810353112,-6.294766808930686,-6.3238931708664845
series_1,2024-03-15 23:00:00,4.608267864,8.220240630427831,-3.417438662882206,-7.476193483824133
series_1,2024-03-16 00:00:00,4.301837408,7.939024157265188,-3.6587104140824627,-7.0457038452893235
series_1,2024-03-16 01:00:00,4.30282166,6.707012541549425,-2.3498679105827622,-6.281889686655973
series_1,2024-03-16 02:00:00,4.382217988000001,5.085488173482369,-0.2866084671607618,-5.077405395394463
series_1,2024-03-16 03:00:00,4.1994752,5.498295859899719,0.176175984311793,-5.495472626220803
series_1,2024-03-16 04:00:00,3.795603796,4.894212629672529,0.42139254608128446,-4.87603789839181
series_1,2024-03-16 05:00:00,3.8139765,5.082180738244205,0.5590897506999342,-5.051334448127811
series_1,2024-03-16 06:00:00,3.55479014,4.984117314997765,-0.010648365814810101,-4.984105940082535
series_1,2024-03-16 07:00:00,3.051509284,4.465401516069463,-0.20509956762815734,-4.46068883324921
series_1,2024-03-16 08:00:00,3.009842616,4.300156698612131,1.909101178949987,-3.8531390217782895
series_1,2024-03-16 09:00:00,2.597769112,3.422278181404055,1.8429218770797893,-2.883682871935635
series_1,2024-03-16 10:00:00,2.738845232,1.2202348923066726,0.3211405918400342,-1.1772178696720967
series_1,2024-03-16 11:00:00,2.387467268,1.8583788098934482,1.6664069285698973,-0.8225933074583274
series_1,2024-03-16 12:00:00,2.374343908,1.818076065883022,1.5033452629847877,-1.0224253525797793
series_1,2024-03-16 13:00:00,2.523950212,0.9531532922676671,0.7512406773073278,-0.5866333124870425
series_1,2024-03-16 14:00:00,2.26542002,2.2817254056109393,2.2786262330533873,0.11888362650649814
series_1,2024-03-16 15:00:00,2.2555775,2.6879472216633897,2.0127884920604333,1.7815001410825158
series_1,2024-03-16 16:00:00,2.4560368240000003,4.428007951783024,2.0741334929205792,3.912189243198591
series_1,2024-03-16 17:00:00,2.494750736,5.531346657994647,4.192548862105196,3.608092278444246
series_1,2024-03-16 18:00:00,2.55741478,5.759280876693307,4.813717713034011,3.1618725457974803
series_1,2024-03-16 19:00:00,2.659448904,5.128102257595003,2.9434180608015548,4.199252657759256
series_1,2024-03-16 20:00:00,2.611876724,5.229262773227869,2.8843471005454226,4.3618494878941005
series_1,2024-03-16 21:00:00,2.564304544,5.078746671297201,1.821608731109701,4.740823702897767
series_1,2024-03-16 22:00:00,2.830052584,5.505935375152905,0.7690948575462945,5.45195537907786
series_1,2024-03-16 23:00:00,2.891404292,7.296562219816402,-0.2746195191990703,7.291392483423652
series_1,2024-03-17 00:00:00,3.296259948,8.548849144149214,1.8669515317720928,8.34250044455705
series_1,2024-03-17 01:00:00,4.006561808,8.69536129844743,0.9273838417348447,8.645765860849258
series_1,2024-03-17 02:00:00,4.092191732,8.55122520960781,2.2419375252565,8.252100866947695
series_1,2024-03-17 03:00:00,4.473753424,8.410440374619181,0.8077379406919154,8.371562979168898
series_1,2024-03-17 04:00:00,4.400918776,9.045557518718248,1.0692181959060703,8.98214246569178
series_1,2024-03-17 05:00:00,5.331693084,9.560467331780208,1.9790414058257648,9.353391401842636
series_1,2024-03-17 06:00:00,5.718176036,8.897542311464722,1.8819235944684165,8.696241876172031
series_1,2024-03-17 07:00:00,5.854330896,8.831896251761698,0.693784699015317,8.804604147450046
series_1,2024-03-17 08:00:00,5.936023811999999,9.398372051099136,1.0209813982010707,9.342750890150542
series_1,2024-03-17 09:00:00,5.968504127999999,10.018862003493279,3.246708676988621,9.478210728392156
series_1,2024-03-17 10:00:00,6.621063204,10.52447602908641,1.3922176649713065,10.431985700726218
series_1,2024-03-17 11:00:00,7.134514663999999,9.873991776951362,1.2429443202127548,9.795448076946453
series_1,2024-03-17 12:00:00,7.371391312,9.797401400043993,-1.6030666596178427,9.665363494375455
series_1,2024-03-17 13:00:00,6.905840116,9.709609131470053,-0.6969683527278949,9.684562179119013
series_1,2024-03-17 14:00:00,6.446522516,10.746355078943425,-1.2721213313297153,10.670794478440163
series_1,2024-03-17 15:00:00,6.678805988,10.86415993992423,-0.14464979891359409,10.863196934417083
series_1,2024-03-17 16:00:00,7.68208686,10.407228268222745,-1.1501939192949557,10.343473989666698
series_1,2024-03-17 17:00:00,7.554134100000001,10.915166977550635,-3.560573497979798,10.31809994685532
series_1,2024-03-17 18:00:00,7.775918883999999,11.06201688407942,-2.731910155785908,10.719369591742415
series_1,2024-03-17 19:00:00,7.649934628,10.284638570253744,2.097827907651832,10.0684114233889
series_1,2024-03-17 20:00:00,8.014435952,9.905539710048776,3.76447112878256,9.16233998866642
series_1,2024-03-17 21:00:00,8.1282811,8.370001317133653,4.218172536198902,7.229380506217418
series_1,2024-03-17 22:00:00,8.142060628,8.19550841599155,5.2130557863409095,6.323796926300362
series_1,2024-03-17 23:00:00,7.666994996,6.327754902781462,4.858704982965969,4.053821406793408
series_1,2024-03-18 00:00:00,7.002296812,3.9839225038524044,2.8184573754897375,2.815659166030063
series_1,2024-03-18 01:00:00,6.465879472,3.786863805526775,3.032820056641984,2.2676728127397126
series_1,2024-03-18 02:00:00,6.965879488000001,3.0139600715966823,1.6845857060184635,2.4992251423706016
series_1,2024-03-18 03:00:00,6.935367676,4.396900346445026,4.3652374795869475,-0.5267204224043212
series_1,2024-03-18 04:00:00,6.437336164,5.852792645126413,5.849814404135355,-0.18669007476656663
series_1,2024-03-18 05:00:00,5.212270508,5.495291651542677,3.706986300797811,-4.05665908121597
series_1,2024-03-18 06:00:00,4.980971288,3.134709992728118,3.1313065818667596,0.14603365662554568
series_1,2024-03-18 07:00:00,4.5439634,3.1602717409042946,0.8814519835848457,3.0348574722699255
series_1,2024-03-18 08:00:00,4.332677304,5.538820009968706,4.327810404525366,3.4566724179927335
series_1,2024-03-18 09:00:00,3.733924004,6.091063914021091,5.240426157662691,3.104672815414625
series_1,2024-03-18 10:00:00,3.975065744,6.80649476733516,6.2626546242992,2.6659947626551626
series_1,2024-03-18 11:00:00,3.989829524,7.258980073815197,7.101574167279988,1.5034746617976706
series_1,2024-03-18 12:00:00,4.314632683999999,8.360750215651766,8.312801281061496,0.8941359125453994
series_1,2024-03-18 13:00:00,4.46358282,9.762777099913684,9.757665239136482,0.31588887847881153
series_1,2024-03-18 14:00:00,4.468175996,9.516034864637492,9.514446604765613,-0.17385439327318042
series_1,2024-03-18 15:00:00,5.406824319999999,9.452514817113986,9.412346368150997,0.8705011279224064
series_1,2024-03-18 16:00:00,5.476706212,9.423751795696305,9.368501595385055,1.0189581758624897
series_1,2024-03-18 17:00:00,6.785761372,9.89542769597974,9.518713245334954,2.704364516748401
series_1,2024-03-18 18:00:00,6.980315184,9.028210346559977,8.692358749300155,2.439565829240457
series_1,2024-03-18 19:00:00,7.199475295999999,7.738676898975883,7.661146348547922,1.092683290287649
series_1,2024-03-18 20:00:00,7.295931992000001,7.076339549047998,6.990057733834714,1.1016688663470195
series_1,2024-03-18 21:00:00,6.600393912,5.861752293313479,5.698939684905974,1.371942570215544
series_1,2024-03-18 22:00:00,6.088910956,5.236754352236156,4.991087395018987,1.5851317803094185
series_1,2024-03-18 23:00:00,6.555446404,5.167250649794079,4.600484549608575,2.3528750894618518
series_1,2024-03-19 00:00:00,5.539042171999999,5.04250216110336,5.0405563868985155,0.14006910875934814
series_1,2024-03-19 01:00:00,5.109908300000001,5.006050471649297,5.005638752023133,0.06420287333471467
series_1,2024-03-19 02:00:00,5.077756068,3.117298986615703,3.04095152178893,-0.6856871109222333
series_1,2024-03-19 03:00:00,4.948162888,2.2489905423161374,2.09557698616958,0.8164040387356328
series_1,2024-03-19 04:00:00,4.810367608,2.9128161562828763,2.885839453416286,0.3955105680111993
series_1,2024-03-19 05:00:00,4.906824304,3.47289307437464,2.5875461621539046,2.316374573500999
series_1,2024-03-19 06:00:00,4.429462084,4.175914017606578,4.17554470847427,0.05553620418821087
series_1,2024-03-19 07:00:00,4.386811164,4.573077609073038,4.161097158820398,-1.896920992941451
series_1,2024-03-19 08:00:00,4.472113004,3.816670558634363,3.6455676999041935,-1.129960308400958
series_1,2024-03-19 09:00:00,3.942913512,5.19531713038505,4.809682400241912,-1.9642492952971997
series_1,2024-03-19 10:00:00,3.683070984,6.35692787306577,5.109677828779731,-3.781762085250385
series_1,2024-03-19 11:00:00,3.754593296,7.409011214583704,5.361631855583359,-5.113350273844032
series_1,2024-03-19 12:00:00,4.102362336,7.562525054852158,5.270824206423244,-5.423116944179742
series_1,2024-03-19 13:00:00,4.311679928,7.400072963778836,3.7876328604381095,-6.357272778777069
series_1,2024-03-19 14:00:00,4.592847915999999,7.902381019185174,6.3081880557700005,-4.759662721813261
series_1,2024-03-19 15:00:00,4.9192914960000005,7.648653343315356,5.802907584221362,-4.9827865231409785
series_1,2024-03-19 16:00:00,4.671588076,8.09087474316944,6.932227208532774,-4.172107385834533
series_1,2024-03-19 17:00:00,4.3143046,8.51359226541545,8.047376747124476,-2.778665282394063
series_1,2024-03-19 18:00:00,4.798884668,8.79555077591091,8.75891048395035,-0.8019978714258893
series_1,2024-03-19 19:00:00,5.02624688,8.691620495823148,8.691502252331452,-0.04533697310508367
series_1,2024-03-19 20:00:00,5.171588092,8.913550628644622,8.867695961423719,0.9029690720951629
series_1,2024-03-19 21:00:00,5.00656184,10.047358173936091,9.793701117343206,2.2433957964458324
series_1,2024-03-19 22:00:00,5.012467352,9.78304042507024,9.602265448668028,1.871998454025723
series_1,2024-03-19 23:00:00,4.542979148,8.403886533087078,8.403851427155711,0.024290971476729983
series_1,2024-03-20 00:00:00,4.186023756,7.727433813763491,7.623121676110107,1.2654047800271695
series_1,2024-03-20 01:00:00,4.015420076,8.474727557249807,7.092914739135497,-4.638056454266561
series_1,2024-03-20 02:00:00,3.539370192,8.401982566278637,6.798947141845136,-4.936357848297265
series_1,2024-03-20 03:00:00,4.025918764,6.6921359392255635,5.276729209288316,-4.115921802089773
series_1,2024-03-20 04:00:00,3.761811144,4.64438607245466,4.02222894147625,-2.3220672540565364
series_1,2024-03-20 05:00:00,4.199147116,4.464275284996669,4.447225375998076,-0.38979517096913785
series_1,2024-03-20 06:00:00,3.839238968,4.331403395742109,3.7249004903683076,2.2104686637679833
series_1,2024-03-20 07:00:00,3.380577536,4.535670974355868,1.2255615841368965,4.366956605131561
series_1,2024-03-20 08:00:00,2.9773623,6.316875399114284,1.2478133852481372,6.192404748038586
series_1,2024-03-20 09:00:00,3.11843842,6.555178850077453,1.3190115915094645,6.42110412452301
series_1,2024-03-20 10:00:00,2.887467284,7.11426421936356,1.966889277223455,6.836965844148996
series_1,2024-03-20 11:00:00,2.98392398,7.894155176212594,1.8616895343776454,7.6714925551494115
series_1,2024-03-20 12:00:00,3.033792748,7.654208958999629,2.2445623691504846,7.317708286002097
series_1,2024-03-20 13:00:00,3.020997472,9.370073346062911,1.3664073056415111,9.269908607191773
series_1,2024-03-20 14:00:00,3.73359592,8.364806854745895,3.0871783975218676,7.774273165967236
series_1,2024-03-20 15:00:00,4.001968632,7.640901974111379,3.273520422490425,6.904161572668855
series_1,2024-03-20 16:00:00,3.73687676,8.400931986933763,0.25826129329845404,8.39696131665918
series_1,2024-03-20 17:00:00,4.093175984,10.249987842666632,-0.615232979577389,10.231507179084325
series_1,2024-03-20 18:00:00,4.424540824,10.544982640785088,-1.2429794155302158,10.471468906845256
series_1,2024-03-20 19:00:00,4.933727192,10.772032878617708,-1.5890924101342616,10.65417653552233
series_1,2024-03-20 20:00:00,5.304134028,11.08500827206866,-2.765702510674024,10.734444466961577
series_1,2024-03-20 21:00:00,6.48293984,11.17714909964462,-1.610612187318128,11.060496841360647
series_1,2024-03-20 22:00:00,7.105643272,12.195598318255726,0.9650789826999178,12.157353367299677
series_1,2024-03-20 23:00:00,6.907808620000001,10.04313798755092,0.441330132903484,10.033436517503848
series_1,2024-03-21 00:00:00,6.57316294,9.285547622979351,1.5580857721810726,9.153893345737888
series_1,2024-03-21 01:00:00,6.841863736,6.597347384392011,-2.6048314131512913,6.061340265931649
series_1,2024-03-21 02:00:00,6.313320412,7.163181647429481,-0.17651756502575588,7.161006414136767
series_1,2024-03-21 03:00:00,6.095472636,10.590691241336529,1.9087030533911613,10.417273809557734
series_1,2024-03-21 04:00:00,6.069554,11.966165397117281,2.1337169268227307,11.774394523174308
series_1,2024-03-21 05:00:00,6.493110444,12.80445223625138,10.762214114074457,6.9374883375224154
series_1,2024-03-21 06:00:00,6.781824363999999,14.653839567383946,13.250110825340162,6.258560312310713
series_1,2024-03-21 07:00:00,7.194225952,15.33235579477629,14.427381592875552,5.189585204153203
series_1,2024-03-21 08:00:00,8.452100008,14.49192374836205,13.89593738383989,4.113244236942532
series_1,2024-03-21 09:00:00,9.34055148,14.32830725012694,14.055985647291006,2.7802259147755435
series_1,2024-03-21 10:00:00,11.360236584,14.211267913287074,14.204151148178381,-0.44969530009276376
series_1,2024-03-21 11:00:00,11.736220848,13.105078440604181,13.06765662006276,0.989662262854582
series_1,2024-03-21 12:00:00,13.380577856,14.13977375471674,13.82950042389458,2.9458648747143883
series_1,2024-03-21 13:00:00,13.943898084,14.242290487800679,14.178893166430301,1.3423214644241603
series_1,2024-03-21 14:00:00,13.777887579999998,14.616970503466717,14.086629502323285,3.9016273481063384
series_1,2024-03-21 15:00:00,13.447178908,13.577800527029932,13.319057284792617,2.638063721032351
series_1,2024-03-21 16:00:00,13.401903316,12.897428806064049,12.798485924456285,1.5944992470945452
series_1,2024-03-21 17:00:00,12.25885866,12.665637913068606,12.52832263902391,1.8599773110126472
series_1,2024-03-21 18:00:00,12.91502666,11.92849459179827,11.846212577244868,1.3986532098007995
series_1,2024-03-21 19:00:00,12.586614576,11.918093523285389,11.917584067869761,0.11019625689632218
series_1,2024-03-21 20:00:00,13.231955804,12.45811652222069,12.314563550492798,1.8857867965659258
series_1,2024-03-21 21:00:00,13.287402,12.901058061074407,12.900943290003664,0.05441804225067581
series_1,2024-03-21 22:00:00,13.055774696,13.964394370606932,13.956116971067859,0.4807382112025712
series_1,2024-03-21 23:00:00,11.780512188,14.49758637285012,14.352411954493904,-2.04652919030001
series_1,2024-03-22 00:00:00,12.008530568,12.663227027690285,12.540325918230225,-1.7599842668015477
series_1,2024-03-22 01:00:00,12.467848168,12.917360491344756,12.301711077334856,-3.9403180878111033
series_1,2024-03-22 02:00:00,12.316929528,14.279069035106781,13.677325054440473,-4.101535305775173
series_1,2024-03-22 03:00:00,12.50328124,13.743850852150825,13.524667927193,-2.4447481885306543
series_1,2024-03-22 04:00:00,12.177493828,12.49009030504828,12.458098653978439,-0.8933833197467069
series_1,2024-03-22 05:00:00,12.313320604,14.00295981279156,13.82305906648686,-2.2373916874501303
series_1,2024-03-22 06:00:00,12.538714312,13.559246376497276,13.243159018003462,-2.9106531092571095
series_1,2024-03-22 07:00:00,12.824475476,13.091651123747814,12.757394624252733,-2.9394236759975425
series_1,2024-03-22 08:00:00,12.40813688,14.525383520384223,14.279891754657607,-2.6592212938210396
series_1,2024-03-22 09:00:00,12.550525336,15.154570806886117,14.274249016860333,-5.089875376233365
series_1,2024-03-22 10:00:00,11.974737916,14.170918114628428,12.804231763123617,-6.071784677318554
series_1,2024-03-22 11:00:00,12.484908536,12.551072105655756,11.660861079135556,-4.642599475990964
series_1,2024-03-22 12:00:00,11.672572552,12.216341627112557,11.535549779437115,-4.021205545163218
series_1,2024-03-22 13:00:00,10.856627644,12.057027368203258,11.399783621955871,-3.926428699236628
series_1,2024-03-22 14:00:00,10.788386172,12.08463716349587,11.824936512879807,-2.4918530935244703
series_1,2024-03-22 15:00:00,9.897966196,12.423779981485922,12.091691606634491,-2.8532968857823553
series_1,2024-03-22 16:00:00,8.787073772000001,12.02757218077411,11.138482638761024,-4.538358411336693
series_1,2024-03-22 17:00:00,9.378937308,12.94007441659837,12.892771813127979,-1.1054233947751941
series_1,2024-03-22 18:00:00,7.581036988000001,12.90384749469549,12.901844873234694,-0.22733022972475547
series_1,2024-03-22 19:00:00,7.765748279999999,13.376542716080916,13.100444203286013,-2.7037486406334588
series_1,2024-03-22 20:00:00,7.582021239999999,11.876404714141808,11.72743669027968,-1.8751580225601776
series_1,2024-03-22 21:00:00,6.593176064,10.422657961573695,10.253740082069221,-1.8688534756161577
series_1,2024-03-22 22:00:00,6.79626006,9.681753789012856,9.679169851906991,0.22366807773925323
series_1,2024-03-22 23:00:00,6.288057944,9.321651595699207,9.184247025071928,-1.594614390396309
series_1,2024-03-23 00:00:00,6.075131428,7.529896396849853,7.51937618421652,-0.39789640301191137
series_1,2024-03-23 01:00:00,5.187336124,6.652748118392926,6.518008762428166,-1.3321483775053955
series_1,2024-03-23 02:00:00,4.968176012,5.457161346551591,5.455800924550602,-0.12184512287969362
series_1,2024-03-23 03:00:00,4.175196983999999,4.19692575185188,4.181523253964047,0.3592339670958178
series_1,2024-03-23 04:00:00,4.116798031999999,4.4445328641081945,4.203641428454955,1.4433541218685653
series_1,2024-03-23 05:00:00,3.790682536,3.540778432309443,-0.5102279372615192,-3.503823534190267
series_1,2024-03-23 06:00:00,3.193569656,3.5812214797494777,0.9287247319618559,-3.458701730311739
series_1,2024-03-23 07:00:00,2.958333428,5.1865147430273435,1.7051806911863443,-4.898192931076241
series_1,2024-03-23 08:00:00,2.765420036,4.87435195620954,1.2992668828895375,-4.698000911029102
series_1,2024-03-23 09:00:00,2.546916092,5.460219998935013,-3.0226829983100627,-4.547239814271639
series_1,2024-03-23 10:00:00,2.238517132,8.051885021085937,-7.486923275001613,-2.9629094260586535
series_1,2024-03-23 11:00:00,1.98654862,8.729179777830478,-8.685049796053125,-0.8766354052638504
series_1,2024-03-23 12:00:00,2.282152304,8.052000257502115,-7.942575156248032,-1.3229542827194252
series_1,2024-03-23 13:00:00,2.268372776,10.697581946235417,-10.696239091970197,0.1694956749611085
series_1,2024-03-23 14:00:00,3.112204824,9.976063041994568,-7.395307002967837,6.6956155915423325
series_1,2024-03-23 15:00:00,3.312992232,10.948904870856765,-8.431125671739446,6.985315868191437
series_1,2024-03-23 16:00:00,3.522309824,11.47294004393909,-9.762360058290374,6.026995880545949
series_1,2024-03-23 17:00:00,4.624015896,12.86697742135231,-10.917737992674368,6.808972395663297
series_1,2024-03-23 18:00:00,5.631889943999999,13.2152886161776,-11.905346579452493,5.7364253705589245
series_1,2024-03-23 19:00:00,6.103018568,12.345526867515188,-9.976045816536992,7.272588500863647
series_1,2024-03-23 20:00:00,6.166994948,13.291187141988269,-9.253586535940624,9.540796186126853
series_1,2024-03-23 21:00:00,6.04002644,12.22770257727677,-8.163951327182382,9.103109855743693
series_1,2024-03-23 22:00:00,7.659777148000001,14.540495395945076,-10.175164145303516,10.387109365729703
series_1,2024-03-23 23:00:00,7.777887387999999,14.1487653836153,-9.79904726224267,10.206186096330256
series_1,2024-03-24 00:00:00,8.747047524000001,15.001838773364131,-10.988763615577657,10.212846850069186
series_1,2024-03-24 01:00:00,10.05905544,14.672113364187599,-9.565023184432535,11.125701867875144
series_1,2024-03-24 02:00:00,10.878281188,14.22318006514359,-8.067059094241497,11.71415420487171
series_1,2024-03-24 03:00:00,11.38943606,14.851764587174927,-6.661987140341379,13.273765053472557
series_1,2024-03-24 04:00:00,11.912073872,14.036986331824343,-5.736196634791281,12.811441505421339
series_1,2024-03-24 05:00:00,13.665026684,8.370276917840938,6.760260902987106,4.935626424769682
series_1,2024-03-24 06:00:00,14.160761608,11.026526125192381,7.22806975607926,-8.327021435711716
series_1,2024-03-24 07:00:00,10.471785112,13.110297898490195,8.735605656630973,-9.775945212560952
series_1,2024-03-24 08:00:00,12.001968888,15.371156833140954,8.358259707095835,-12.900075854728689
series_1,2024-03-24 09:00:00,11.890420328,14.786323257037727,6.711961367454526,-13.175163379002658
series_1,2024-03-24 10:00:00,12.75754634,15.139588610034645,8.407903180181867,-12.59024651838789
series_1,2024-03-24 11:00:00,11.113517416,15.85672930124383,7.606382909445215,-13.913259976289682
series_1,2024-03-24 12:00:00,13.110892808,14.318149973094627,5.939613923282018,-13.028062215632227
series_1,2024-03-24 13:00:00,10.898294312,14.210685306197247,6.348041017884865,-12.714006139176654
series_1,2024-03-24 14:00:00,12.17683766,13.004158126111886,6.561414316578237,-11.227465018209763
series_1,2024-03-24 15:00:00,11.50590588,11.07457773189027,4.583164985278543,-10.08170970904224
series_1,2024-03-24 16:00:00,10.276247048,11.291779022552303,6.194085670223869,-9.441269840655947
series_1,2024-03-24 17:00:00,11.065617152,11.666673333421942,5.924865439647203,-10.05023562862348
series_1,2024-03-24 18:00:00,11.555446564,10.117779267707826,4.94084542256258,-8.829354666135046
series_1,2024-03-24 19:00:00,8.874016032,10.093251444175658,4.503124967574568,-9.033027744990079
series_1,2024-03-24 20:00:00,9.950131552,10.88911655651784,3.8821894831509467,-10.173566935856034
series_1,2024-03-24 21:00:00,9.085630212,9.596947651587143,3.184839546031098,-9.05307689646677
series_1,2024-03-24 22:00:00,8.048556688,9.659311209504692,1.5529947008509222,-9.533650953396181
series_1,2024-03-24 23:00:00,7.361548791999999,9.430456301718216,-0.9813592075869546,-9.379255842778846
series_1,2024-03-25 00:00:00,7.606627539999999,9.517663795143578,-1.0829075969778246,-9.455857192967466
series_1,2024-03-25 01:00:00,8.060039628,9.260733582121993,-1.0709418039023895,-9.19860153130335
series_1,2024-03-25 02:00:00,6.603346668,9.128959930110366,-3.1331564856994625,-8.574452742984828
series_1,2024-03-25 03:00:00,7.744750903999999,9.559840376640267,-4.739470798417118,-8.302286707756661
series_1,2024-03-25 04:00:00,7.9806433,9.521635379035558,-5.081850119872541,-8.052101567320983
series_1,2024-03-25 05:00:00,7.393372939999999,10.248085080402106,-6.748704407426716,-7.712213471911903
series_1,2024-03-25 06:00:00,8.51213938,9.954103070586552,-5.53654759604158,-8.272291620622838
series_1,2024-03-25 07:00:00,7.714567176,10.183337647024121,-6.9453654411560235,-7.447299142782863
series_1,2024-03-25 08:00:00,7.964567184,10.120843477530698,-6.704001719285758,-7.582073175885952
series_1,2024-03-25 09:00:00,8.423884784,10.174240157334832,-6.004804609666645,-8.213250536715103
series_1,2024-03-25 10:00:00,7.984908392,10.858753582311678,-8.011421072303968,-7.330051961862933
series_1,2024-03-25 11:00:00,8.750984532,10.861128278255674,-8.139726860008048,-7.190893833258045
series_1,2024-03-25 12:00:00,8.786417604,12.284571162238175,-11.107671441274128,-5.246934704453346
series_1,2024-03-25 13:00:00,8.979987163999999,13.246912863516606,-12.020167738736667,-5.567429204420653
series_1,2024-03-25 14:00:00,9.541010804,13.509236691978979,-11.626445064117108,-6.879335082039403
series_1,2024-03-25 15:00:00,9.281824444,13.127719556828314,-10.674879109917311,-7.640940828941393
series_1,2024-03-25 16:00:00,10.025262788,11.852677373604436,-9.631093441304055,-6.908545436459442
series_1,2024-03-25 17:00:00,9.458989804,11.437430198011523,-8.033484284353172,-8.14112644462893
series_1,2024-03-25 18:00:00,9.309055416,10.335581894478496,-7.862670619790047,-6.708402479142265
series_1,2024-03-25 19:00:00,9.564632852,9.960853907275059,-6.867837867107184,-7.214666561470838
series_1,2024-03-25 20:00:00,9.655184036,9.993957492959689,-7.08877654524225,-7.0447450956516855
series_1,2024-03-25 21:00:00,9.510170908,9.710598014816858,-6.784809848259707,-6.947090695271164
series_1,2024-03-25 22:00:00,9.498687968,9.435392040656826,-6.122001475779477,-7.179674149391746
series_1,2024-03-25 23:00:00,9.741470128,10.015971523220975,-5.601772883778242,-8.303001030503387
series_1,2024-03-26 00:00:00,11.309383564,9.73888876924568,-4.9880825444468035,-8.364507576033674
series_1,2024-03-26 01:00:00,10.721457036,9.800305494769175,-5.400550157150891,-8.178022119736555
series_1,2024-03-26 02:00:00,11.31233632,10.760889226627807,-6.393871476216024,-8.655353516372715
series_1,2024-03-26 03:00:00,11.388779892,11.773164357777556,-6.7854538793924775,-9.621071387630456
series_1,2024-03-26 04:00:00,11.916338964,11.226714675334104,-7.4899465419197035,-8.363003240496038
series_1,2024-03-26 05:00:00,11.495735276,9.869171066669487,-6.7023147546071,-7.244274599527693
series_1,2024-03-26 06:00:00,11.166010856,9.467209499385158,-6.920999119526787,-6.4597079572344445
series_1,2024-03-26 07:00:00,11.375656532,10.650251125962402,-7.648556365638958,-7.411304511872872
series_1,2024-03-26 08:00:00,10.10662762,11.51548141486856,-9.08753542168071,-7.072694831242302
series_1,2024-03-26 09:00:00,10.115485888,11.72053690730413,-9.069362694897624,-7.424125921876432
series_1,2024-03-26 10:00:00,11.698491188,11.628059279813863,-8.829863956354945,-7.566060079534729
series_1,2024-03-26 11:00:00,10.525590888,12.591134182142032,-9.226743851392577,-8.567605143416376
series_1,2024-03-26 12:00:00,11.595800896,13.3745437914653,-10.097111230583465,-8.770790524636205
series_1,2024-03-26 13:00:00,11.575131604,13.182001381174961,-9.837730083635313,-8.774065603517865
series_1,2024-03-26 14:00:00,13.905512256000002,13.3837767108832,-9.933966028631849,-8.968935164709794
series_1,2024-03-26 15:00:00,14.349081824,13.346928564948808,-7.863935742724614,-10.784202184313159
series_1,2024-03-26 16:00:00,12.832021408,14.433905445952492,-8.020055537362385,-12.000680630710908
series_1,2024-03-26 17:00:00,12.188976768,15.209124810723985,-8.804368876966059,-12.401635625452446
series_1,2024-03-26 18:00:00,11.717191976,14.83926570292174,-9.22473932788648,-11.623596299530277
series_1,2024-03-26 19:00:00,12.595800928,15.022338184677393,-10.421169589558556,-10.819883036358409
series_1,2024-03-26 20:00:00,12.625984656,14.580311295739692,-10.497561927441456,-10.118629900347482
series_1,2024-03-26 21:00:00,11.331365192,11.810185301326358,-9.460744612527996,-7.069284845597019
series_1,2024-03-26 22:00:00,11.472441312,10.487493575112882,-9.381867653492957,-4.687011928764056
series_1,2024-03-26 23:00:00,11.365157844,9.745736457216845,-8.646741728492863,-4.495913319256255
series_1,2024-03-27 00:00:00,10.401575136,9.59732562959192,-8.65426403077024,-4.148779739409937
series_1,2024-03-27 01:00:00,9.918963572,9.137836780339002,-8.15725957829774,-4.11815215799344
series_1,2024-03-27 02:00:00,10.221128936,8.010827153279799,-7.028270755429834,-3.8440553934737576
series_1,2024-03-27 03:00:00,9.457349384,8.00314886266684,-6.723477622422754,-4.341110500642204
series_1,2024-03-27 04:00:00,10.351378284,8.386862231651255,-7.115893746178505,-4.43886407606675
series_1,2024-03-27 05:00:00,9.677493748,6.853778505432969,-6.382191835081663,-2.4983809120612372
series_1,2024-03-27 06:00:00,10.843504284,6.810159801210315,-6.800128235769648,-0.3695030380244322
series_1,2024-03-27 07:00:00,9.972441264,7.0649510353058815,-6.876666452483132,1.6201825923526971
series_1,2024-03-27 08:00:00,8.308727300000001,7.624678171699484,-7.053809482493907,2.8947347040220506
series_1,2024-03-27 09:00:00,8.791338864,8.797547270900935,-8.13694322815698,3.3446962321691895
series_1,2024-03-27 10:00:00,7.634186596,7.557117744800943,-6.776749165881086,3.3445028556596084
series_1,2024-03-27 11:00:00,8.099737791999999,8.881368313623884,-7.823445581550283,4.20385565341672
series_1,2024-03-27 12:00:00,8.013123616,8.323803430934708,-6.743951077936077,4.879019103799988
series_1,2024-03-27 13:00:00,7.386155092,6.972758039191166,-4.3528693189805825,5.447190410200707
series_1,2024-03-27 14:00:00,7.203740388,6.451082284483861,-4.263110363441515,4.841730338453296
series_1,2024-03-27 15:00:00,6.983924107999999,6.156620390755712,-3.99442604866125,4.684926379106239
series_1,2024-03-27 16:00:00,6.981955604,5.235817668753798,-2.891361197775087,4.3650678212869805
series_1,2024-03-27 17:00:00,7.561023864000001,4.421728387529025,-1.887504811382418,3.9986257039248194
series_1,2024-03-27 18:00:00,7.914042247999999,4.111931019018961,-1.350909385035552,3.8836864624468825
series_1,2024-03-27 19:00:00,7.882874267999999,3.707505594068319,-1.271725518552639,3.4825726030493462
series_1,2024-03-27 20:00:00,7.918963508,4.5958948279722,-1.3755213489347624,4.385224086452858
series_1,2024-03-27 21:00:00,6.9553808,3.247432132175839,-0.37210721862547447,3.226042726148389
series_1,2024-03-27 22:00:00,6.670603888,2.982876222002775,-1.6879207409160673,2.4593645781329174
series_1,2024-03-27 23:00:00,7.228674772,3.57443305764613,-2.437236788749886,2.614660306647425
series_1,2024-03-28 00:00:00,6.748359796000001,2.1390119945907244,-1.839271941638908,1.0919940648661193
series_1,2024-03-28 01:00:00,5.64140438,3.4879328177242126,-2.9266462384821765,1.8974765178351198
series_1,2024-03-28 02:00:00,6.000000192,4.137357858017944,-3.416693066337048,2.333224921808263
series_1,2024-03-28 03:00:00,6.375000204,4.566074898126716,-3.6448244582473137,2.750326279528498
series_1,2024-03-28 04:00:00,5.920603864,2.0096458670767636,1.7194941730267517,1.0402001249691164
series_1,2024-03-28 05:00:00,6.299540884,2.416861390937688,-1.2206720073068222,2.0859479460386323
series_1,2024-03-28 06:00:00,7.013123584,2.7703777478332183,-0.4660940936399507,2.7308879804128563
series_1,2024-03-28 07:00:00,7.786745656000001,3.9090692033721366,-2.917492337921853,2.601741819420165
series_1,2024-03-28 08:00:00,7.045931984,2.5228130373858857,2.3291026388702636,0.9694671315788755
series_1,2024-03-28 09:00:00,7.097441172,1.2210361611389264,0.15795491974805276,-1.2107764245046533
series_1,2024-03-28 10:00:00,6.421916216,1.988609736015885,-1.9884881724129537,0.021987959226788867
series_1,2024-03-28 11:00:00,6.726050084,2.3945044099491373,0.7242507444663321,-2.282347963919137
series_1,2024-03-28 12:00:00,5.542323012,2.6360343890465057,2.397430524203782,-1.0959033633727766
series_1,2024-03-28 13:00:00,5.716863699999999,5.602345234223166,3.3891915749953956,-4.460902665537912
series_1,2024-03-28 14:00:00,5.72998706,3.9745843781861026,-0.01967237725994453,-3.974535693246942
series_1,2024-03-28 15:00:00,5.502624848,2.3467209259528836,-2.05182249643211,-1.1389133186683975
series_1,2024-03-28 16:00:00,5.741798084,3.089319437262395,-1.539937468339841,-2.6781499545489083
series_1,2024-03-28 17:00:00,5.947506752,4.6026533878018885,-3.576219060980749,-2.897425656703235
series_1,2024-03-28 18:00:00,6.511155064,4.069218218396435,-3.933234691263717,-1.0431691005628325
series_1,2024-03-28 19:00:00,6.536417532,5.307409046987938,-5.295987997494014,-0.3479970149997842
series_1,2024-03-28 20:00:00,6.435695744,4.591317041479196,-4.566192373768816,-0.4796659057227065
series_1,2024-03-28 21:00:00,6.564632756,5.185911058101561,-5.054716435548216,-1.159101056309926
series_1,2024-03-28 22:00:00,6.255577628,5.315120365701512,1.2020181520849507,-5.177417972691915
series_1,2024-03-28 23:00:00,5.675525116,5.653690793282759,-0.4484679993485023,-5.6358758005841985
series_1,2024-03-29 00:00:00,5.357939804,5.397178202331608,0.09776194168185737,-5.3962927228313
series_1,2024-03-29 01:00:00,4.894029028,6.355173454564877,-2.7907995955201956,-5.709611830523191
series_1,2024-03-29 02:00:00,4.505577572,6.243045247779858,-3.1461710538632626,-5.392329892139352
series_1,2024-03-29 03:00:00,3.608790361982054,6.155758340698764,-0.8247894787001699,-6.100252705003942
series_1,2024-03-29 04:00:00,5.163385992,7.993268324054652,-2.15881974173809,-7.696222178641762
series_1,2024-03-29 05:00:00,5.624015928,8.040158050197638,-1.818937712679616,-7.831705246595387
series_1,2024-03-29 06:00:00,6.137139304,8.693805612027028,-2.229565089105374,-8.40305275082545
series_1,2024-03-29 07:00:00,6.24835978,8.796418509708788,0.22000390489154764,-8.793666861996755
series_1,2024-03-29 08:00:00,6.894029092,10.496279027199822,-0.5293911867672719,-10.482920317745814
series_1,2024-03-29 09:00:00,7.381233832,10.97356896279445,-1.9002470094256996,-10.807787797897143
series_1,2024-03-29 10:00:00,6.985564528,11.094783309186797,0.0033816457685555967,-11.094782793830703
series_1,2024-03-29 11:00:00,7.567913628,11.437952230673556,-1.5637594877565435,-11.330551950175312
series_1,2024-03-29 12:00:00,7.36384538,11.99113700554071,0.01575084807229077,-11.991126660845211
series_1,2024-03-29 13:00:00,7.925525188000001,11.742688970856156,0.7028780062683171,-11.721634134137231
series_1,2024-03-29 14:00:00,7.219160336000001,13.277098169790625,-0.9194420786161515,-13.245224123219945
series_1,2024-03-29 15:00:00,7.617126227999999,11.883134578572959,0.7359986376096328,-11.860320122910387
series_1,2024-03-29 16:00:00,8.024606556,12.26528186458476,1.5642965785352616,-12.165118800574644
series_1,2024-03-29 17:00:00,8.66469844,13.365695098268997,4.600899153222063,-12.548845860945635
series_1,2024-03-29 18:00:00,8.790682696,15.609519531040034,1.4425225902340049,-15.542722688338259
series_1,2024-03-29 19:00:00,10.221785104,16.961055374395226,2.2898555668019798,-16.80577165430041
series_1,2024-03-29 20:00:00,10.952756256,17.825062354231445,9.055758564434958,-15.35337372550092
series_1,2024-03-29 21:00:00,11.951772036,17.52882975214417,9.982665020823584,-14.408548558466252
series_1,2024-03-29 22:00:00,11.545604044,17.595849624277157,13.186775910484874,-11.650015668952141
series_1,2024-03-29 23:00:00,12.605315364,19.31286527020863,14.753425609353187,-12.462872772138542
series_1,2024-03-30 00:00:00,13.98950176,17.811697419658824,15.316585632934428,-9.091686835701472
series_1,2024-03-30 01:00:00,13.885499132,17.148653801655826,15.607295061588587,-7.105537845199148
series_1,2024-03-30 02:00:00,15.132546416,17.591035156883432,16.575451246515748,-5.8905800958045225
series_1,2024-03-30 03:00:00,12.984580468,16.18044181928008,14.520541170704725,-7.138668053424026
series_1,2024-03-30 04:00:00,12.402231368,15.567153676282215,14.13978760311109,-6.511734033258177
series_1,2024-03-30 05:00:00,11.851050248,15.758105636795976,13.665681067326725,-7.846467627316701
series_1,2024-03-30 06:00:00,12.219816664,14.528656380414004,13.03552887224183,-6.41535994633927
series_1,2024-03-30 07:00:00,10.844160452,12.99308152873046,11.945208724780546,-5.111962063010971
series_1,2024-03-30 08:00:00,10.887139456,12.27728549572628,11.528403436755884,-4.222280585532661
series_1,2024-03-30 09:00:00,10.881562028,12.092527072935185,11.187174814077814,-4.5908965016577605
series_1,2024-03-30 10:00:00,11.32545968,10.985776008671781,10.239015907788119,-3.981184214875058
series_1,2024-03-30 11:00:00,11.367126348,12.106099499030174,11.511847703092023,-3.7463325454681016
series_1,2024-03-30 12:00:00,10.639107952,11.718331990857603,11.112861413952121,-3.718012351008366
series_1,2024-03-30 13:00:00,10.16404232,11.481635141312635,10.408378167210177,-4.847020677340643
series_1,2024-03-30 14:00:00,9.567257524,10.630827108435719,10.304556095897453,-2.61354331817064
series_1,2024-03-30 15:00:00,9.149934676,11.8430817132943,11.805245211922866,-0.9459228055914954
series_1,2024-03-30 16:00:00,7.758202348,11.771390484553265,11.697358664330391,-1.3181176798169005
series_1,2024-03-30 17:00:00,8.32349108,12.94021551538358,12.922606262209506,0.6748518181627365
series_1,2024-03-30 18:00:00,7.720144604,13.468161189242975,13.398996828584686,1.3631763668022943
series_1,2024-03-30 19:00:00,7.282152463999999,13.298288652250628,13.29808288388735,0.07397764419166697
series_1,2024-03-30 20:00:00,7.417323072,10.985212957802261,10.968597940657414,-0.6039560782645049
series_1,2024-03-30 21:00:00,6.597441156,10.426109925057194,10.345922220772923,-1.2906051181880538
series_1,2024-03-30 22:00:00,6.640092075999999,9.502734991502681,9.45409073699064,-0.9602815501077029
series_1,2024-03-30 23:00:00,6.120735104,9.11483616279745,9.095398122229229,-0.5949548493702467
series_1,2024-03-31 00:00:00,5.858924072,8.55703459694836,7.836823698043736,-3.4361366997183467
series_1,2024-03-31 01:00:00,5.500984428000001,7.876076448987782,7.386351557194888,-2.7339332295841916
series_1,2024-03-31 02:00:00,4.952756064,8.451576175493923,6.690190936601272,-5.164347498183547
series_1,2024-03-31 03:00:00,4.818569708,8.556265059451848,7.167622594267828,-4.672778414791125
series_1,2024-03-31 04:00:00,4.305118248,9.117035628479194,6.557560086289302,-6.33393593002522
series_1,2024-03-31 05:00:00,4.325459456,8.011750604638943,6.140130916783707,-5.146546422183458
series_1,2024-03-31 06:00:00,4.1502626,7.75652101089308,5.107732736287412,-5.837352523797387
series_1,2024-03-31 07:00:00,4.428805916,6.894491014566255,5.108232985740775,-4.630330669976466
series_1,2024-03-31 08:00:00,4.521981772,7.216957717361924,5.610620493430206,-4.5393189327134555
series_1,2024-03-31 09:00:00,3.944553932,6.0727143891339335,5.426062973114372,-2.72684811894457
series_1,2024-03-31 10:00:00,4.05675866,5.902966744897784,5.485153311678855,-2.181309134154906
series_1,2024-03-31 11:00:00,3.970472568,5.74787358667129,4.500201979663669,-3.575784237140807
series_1,2024-03-31 12:00:00,3.22178488,5.128268776446033,3.989063623419204,-3.2228112032486402
series_1,2024-03-31 13:00:00,3.457677276,6.908643378636644,6.689684433814475,-1.725536296100509
series_1,2024-03-31 14:00:00,3.3307087680000005,9.01658385709043,8.678503743519634,-2.445885775268218
series_1,2024-03-31 15:00:00,3.483923996,8.746296237912917,8.325596418420206,-2.6799518948888426
series_1,2024-03-31 16:00:00,3.492782264,10.101335718364858,10.089519058897094,0.4884551722174462
series_1,2024-03-31 17:00:00,4.12893714,10.445714674291754,10.221363458798235,2.1532961012963963
series_1,2024-03-31 18:00:00,4.318569692,10.216687115331185,10.008853282450149,2.050256467606222
series_1,2024-03-31 19:00:00,4.029199604,9.572896095644438,9.304061516355633,2.2527270047377352
series_1,2024-03-31 20:00:00,3.90584002,8.590684664139362,8.46412977525936,1.4691392535247199
series_1,2024-03-31 21:00:00,3.786417444,7.745925194227987,7.443256959565607,2.1441275494834815
series_1,2024-03-31 22:00:00,3.80741482,7.054863284883063,6.536700893595356,2.6537967887652445
series_1,2024-03-31 23:00:00,3.135498788,8.545570928384224,8.516625960367064,-0.7027551090155231
series_1,2024-04-01 00:00:00,2.978346552,7.656633520543038,7.647427697643725,-0.37534847437397456
series_1,2024-04-01 01:00:00,3.08727044,7.382830047189198,7.381118989364456,-0.15894014761247105
series_1,2024-04-01 02:00:00,2.994094584,6.404551976931209,6.313681379455156,-1.0750411452287307
series_1,2024-04-01 03:00:00,2.8559712200000003,5.9339972819721725,4.922948236689887,-3.3131411683363363
series_1,2024-04-01 04:00:00,2.600721868,3.020548861549836,0.6325402696385221,-2.9535754996775747
series_1,2024-04-01 05:00:00,2.521653624,2.887616294293151,0.490410496376214,-2.84566783165417
series_1,2024-04-01 06:00:00,2.416666744,1.640051658943732,0.27564196664897933,-1.6167222860547108
series_1,2024-04-01 07:00:00,2.445210052,1.1915531287672096,0.7237393936843681,0.9465728438447353
series_1,2024-04-01 08:00:00,2.30314968,1.755183557403257,0.4467494805115997,1.6973756867120986
series_1,2024-04-01 09:00:00,2.264763852,1.8713391982601422,0.40112615405397684,1.8278424996368745
series_1,2024-04-01 10:00:00,2.276574876,2.4097605132863515,0.9655678419064955,2.2078551750670004
series_1,2024-04-01 11:00:00,2.266076188,2.291979825781569,0.6374537398207827,2.2015504199037115
series_1,2024-04-01 12:00:00,2.097112928,3.0349621242476132,1.2859575745761034,2.7490558764797655
series_1,2024-04-01 13:00:00,2.232939704,3.314874884134068,1.351617939212785,3.026801024821591
series_1,2024-04-01 14:00:00,2.133530252,2.8909653009497513,-0.044711955872088704,2.8906195205003336
series_1,2024-04-01 15:00:00,2.470144436,4.189436501087345,-0.2312472860065723,4.183049472497016
series_1,2024-04-01 16:00:00,2.385826848,4.6739504749238066,-0.29873036894121585,4.664394195253305
series_1,2024-04-01 17:00:00,2.479002704,4.599091705389567,0.0492875606759815,4.598827595262267
series_1,2024-04-01 18:00:00,2.717191688,4.165976196659899,-0.9209448023868039,4.062907621653931
series_1,2024-04-01 19:00:00,2.646325544,4.562888464512742,-3.559324796387614,2.85502331573732
series_1,2024-04-01 20:00:00,2.49835966,5.081092359817423,-4.7156743853543945,1.8920662409935447
series_1,2024-04-01 21:00:00,2.479002704,5.379227549883737,-4.728041681420487,2.565484533607388
series_1,2024-04-01 22:00:00,2.454396404,5.034518129376069,-3.386248710935857,3.7255459281428216
series_1,2024-04-01 23:00:00,2.04888458,5.068776452407149,-2.4097997387445362,4.459300387238335
series_1,2024-04-02 00:00:00,2.25229666,4.990731790822578,-2.6076805486592503,4.255279775064306
series_1,2024-04-02 01:00:00,2.141404268,4.262974006884876,-2.6956935868693304,3.3024511304616837
series_1,2024-04-02 02:00:00,2.247703484,4.074956201214768,-1.6663123215928937,3.7186921476140498
series_1,2024-04-02 03:00:00,2.300853092,3.618835735389558,-0.3135065486266234,3.605230328800187
series_1,2024-04-02 04:00:00,2.394685116,2.913699697037823,0.8265433527038284,2.7940064442694856
series_1,2024-04-02 05:00:00,2.294291412,2.669594038046642,-2.631150481618202,0.4514193959661891
series_1,2024-04-02 06:00:00,2.543963336,2.4160804479053017,-2.189140050274096,1.0223064956441443
series_1,2024-04-02 07:00:00,2.381233672,2.0285606027015524,-1.9867888158739144,0.4095464808189847
series_1,2024-04-02 08:00:00,2.48359588,1.5707421685036203,-1.3027367883446228,-0.8775578728545443
series_1,2024-04-02 09:00:00,2.431430524,2.78684802199142,-1.774274749876187,-2.149062821238431
series_1,2024-04-02 10:00:00,2.11778222,3.1172062933382634,-1.896813905631856,-2.473675824078268
series_1,2024-04-02 11:00:00,2.08825466,1.619068320249662,-1.5603488884710732,-0.43208051550972426
series_1,2024-04-02 12:00:00,1.952755968,1.2979491177730755,-1.2979242352513816,0.008036907055653908
series_1,2024-04-02 13:00:00,2.06364836,5.820802653373403,-3.4279810469778065,-4.704326675633803
series_1,2024-04-02 14:00:00,2.230643116,5.491335689360895,-3.9537254917163556,-3.8108821012202614
series_1,2024-04-02 15:00:00,2.126640488,5.464886227836655,-3.5787372972041096,-4.130087267939864
series_1,2024-04-02 16:00:00,2.493766484,4.814120620644181,-3.3427372558258153,-3.4643707926008176
series_1,2024-04-02 17:00:00,2.626640504,3.7430451880930358,-2.4408981683659476,-2.8376757058857502
series_1,2024-04-02 18:00:00,2.482939712,2.722646267484175,-2.4400790882595254,-1.2078148620066211
series_1,2024-04-02 19:00:00,2.45078748,2.5224188814739983,-2.489775948678279,-0.4044907155914871
series_1,2024-04-02 20:00:00,2.41633866,3.1624407642785397,-0.7327605628877458,3.076376691019334
series_1,2024-04-02 21:00:00,2.543307168,3.1735989707924124,-0.0477667604703218,3.1732394747337977
series_1,2024-04-02 22:00:00,2.155839964,2.707477859866125,0.2740979408130284,2.6935676491425475
series_1,2024-04-02 23:00:00,2.02263786,2.4492333568710403,0.8885299723206388,2.282380013209384
series_1,2024-04-03 00:00:00,1.821194284,1.847676713755691,1.3154287832356073,1.2975193080607008
series_1,2024-04-03 01:00:00,1.7775591119999998,0.7889254699058736,-0.5281616730322316,-0.5860449165430903
series_1,2024-04-03 02:00:00,1.7145669839999995,2.1544198343492225,2.093564009405581,-0.5084432723116306
series_1,2024-04-03 03:00:00,1.5255906,2.9700838199112614,1.3615001637431232,-2.639643006435931
series_1,2024-04-03 04:00:00,1.813976436,4.915858205238191,0.8019006414998215,-4.850012088146773
series_1,2024-04-03 05:00:00,1.7247375879999998,5.096154163733854,-2.1090269151425054,-4.639266400170008
series_1,2024-04-03 06:00:00,1.704068296,5.614305883617265,-2.612149284977755,-4.969618362390581
series_1,2024-04-03 07:00:00,2.049868832,6.675650932980374,-2.5803574124735356,-6.156790641470166
series_1,2024-04-03 08:00:00,2.054133924,9.710302340534767,-8.621994603283136,-4.466674445888288
series_1,2024-04-03 09:00:00,2.706364916,10.456036399621501,-9.28652341523082,-4.805120190856777
series_1,2024-04-03 10:00:00,3.077099836,9.71139686105727,-8.392994393304715,-4.885578175293955
series_1,2024-04-03 11:00:00,3.97637808,9.51774346848312,-7.990261994662186,-5.171378345132966
series_1,2024-04-03 12:00:00,4.869750812,8.972512346652929,-7.6654035328575505,-4.663428619513141
series_1,2024-04-03 13:00:00,5.291010668,8.99636888687734,-8.244306219108246,-3.6008426950295576
series_1,2024-04-03 14:00:00,5.887139296,7.656233460690563,-7.369029514305168,-2.077333584645747
series_1,2024-04-03 15:00:00,5.101050032,7.856466038667263,-7.643356538880733,-1.8174596106327183
series_1,2024-04-03 16:00:00,5.058399112,7.955807041391149,-7.785258199536869,-1.6384811400785004
series_1,2024-04-03 17:00:00,5.23786106,7.57003471224492,-7.568703936283126,-0.14193755488007542
series_1,2024-04-03 18:00:00,5.265092032,7.015712387668289,-6.957464673231392,-0.9021671836303264
series_1,2024-04-03 19:00:00,4.69652246,7.615343153480914,-7.503997676112709,-1.2974861163664553
series_1,2024-04-03 20:00:00,5.139763944,8.50894791289564,-8.505605488016911,-0.23847403755472835
series_1,2024-04-03 21:00:00,5.331036916,9.10749276394876,-9.105350611833403,-0.1975213430597395
series_1,2024-04-03 22:00:00,5.915026436,9.275851665872036,-9.147249509465816,1.5392369989180985
series_1,2024-04-03 23:00:00,6.023950324,10.228310940960853,-10.056406350628734,1.867360708597443
series_1,2024-04-04 00:00:00,7.382874252000001,10.293311633313836,-10.204376846490236,1.3501694543011813
series_1,2024-04-04 01:00:00,8.666010776,10.687643300295765,-10.686872390930187,0.12836593913899186
series_1,2024-04-04 02:00:00,9.020997664,10.071112314706767,-10.071084000520122,-0.02388116215555325
series_1,2024-04-04 03:00:00,9.959974072,11.99944190851116,-11.98587479813084,0.5704484545214712
series_1,2024-04-04 04:00:00,10.137467516,14.485149763841248,-14.484173346608472,0.16818485754330814
series_1,2024-04-04 05:00:00,10.699475408,15.57002259283542,-15.546145852814735,-0.8619470194951921
series_1,2024-04-04 06:00:00,13.024278632,14.537095874420116,-14.379536171679923,-2.134501335073617
series_1,2024-04-04 07:00:00,13.271653968,14.326805639969882,-14.193277755659762,-1.9514677543240626
series_1,2024-04-04 08:00:00,14.593504404,16.466564186566327,-16.442117237932,-0.8969486297487992
series_1,2024-04-04 09:00:00,15.390092356,17.435728442794144,-17.34063585894343,-1.8185088227407658
series_1,2024-04-04 10:00:00,17.435039928,16.902627868942844,-16.785544219266615,-1.9860347778949798
series_1,2024-04-04 11:00:00,18.658465164,18.684178681948584,-18.361433307174877,-3.4577882996434197
series_1,2024-04-04 12:00:00,21.660761848,20.262943051741846,-20.262849575428433,0.06154836872632341
series_1,2024-04-04 13:00:00,20.576116144,19.53040303771553,-19.48163167315123,-1.3793731066244588
series_1,2024-04-04 14:00:00,22.397310428,21.16792031668344,-21.133700598911986,1.203141524928233
series_1,2024-04-04 15:00:00,21.950788104,21.45867437179761,-21.456162301645712,0.3283368396646458
series_1,2024-04-04 16:00:00,23.833006012,20.861625574952807,-20.861556384343437,-0.053729436853711565
series_1,2024-04-04 17:00:00,23.433727784,19.629080292334834,-19.497147603929278,-2.2720097784830564
series_1,2024-04-04 18:00:00,24.97211366,18.98946831574421,-18.68181648941942,-3.4043559699758164
series_1,2024-04-04 19:00:00,25.76771736,17.302659409848353,-17.25760981723845,-1.2477684277015795
series_1,2024-04-04 20:00:00,24.64895092,18.170532583256023,-18.1589711703749,-0.6480898029301175
series_1,2024-04-04 21:00:00,25.709318408,18.148344668135305,-18.132960139304192,0.7471082785248909
series_1,2024-04-04 22:00:00,22.5639771,17.035757178460553,-16.795829143858512,2.8490605493360994
series_1,2024-04-04 23:00:00,24.384187132,15.122152193289635,-14.79660489839169,3.120892570708826
series_1,2024-04-05 00:00:00,20.5134521,12.269998454593498,-11.870832135023583,3.1042239767481794
series_1,2024-04-05 01:00:00,19.222113476,9.346639980512856,-7.768280585767407,5.197450881548623
series_1,2024-04-05 02:00:00,16.577100268,10.011742371563106,-8.660465219774567,5.023079482909572
series_1,2024-04-05 03:00:00,14.992782632,10.064550115699365,-9.383960963210644,3.638192638160171
series_1,2024-04-05 04:00:00,14.36679836,10.321553500994222,-7.421832457346417,7.172926156664749
series_1,2024-04-05 05:00:00,13.461614604,12.030556975452521,-11.068847820527614,4.713269466687687
series_1,2024-04-05 06:00:00,15.212270828,11.154266117679622,-10.533417037576172,3.669438395247381
series_1,2024-04-05 07:00:00,15.1246724,9.09512775515556,-5.658321905345511,7.120726233895539
series_1,2024-04-05 08:00:00,14.333333792,11.306136025966627,0.35919817222018025,11.300428687033696
series_1,2024-04-05 09:00:00,15.26902936,10.86296982739499,2.7828480014889765,10.50047001193293
series_1,2024-04-05 10:00:00,15.769357459999998,12.210084218918189,4.021068288684615,11.52897074550933
series_1,2024-04-05 11:00:00,16.855643584,11.599905353500498,3.7109796185603923,10.990288189160413
series_1,2024-04-05 12:00:00,16.26968556,10.105498815602537,6.822827038436188,7.454538048445952
series_1,2024-04-05 13:00:00,14.272638252,10.109899021654916,5.646373597048735,8.38621031399821
series_1,2024-04-05 14:00:00,12.480643444,11.54090051288402,7.070234879121022,9.121631619526585
series_1,2024-04-05 15:00:00,11.7043967,10.236969467262725,6.559851758090737,7.859000495326562
series_1,2024-04-05 16:00:00,11.582021368,11.109983800150752,8.024973415846425,7.683198664265444
series_1,2024-04-05 17:00:00,10.671588268,11.331160970181493,9.282719095555304,6.49817937003722
series_1,2024-04-05 18:00:00,8.947178764,10.334430118918807,8.560339391155859,5.789735347236651
series_1,2024-04-05 19:00:00,10.09186384,10.742262729260817,10.426363232202014,2.585954039547495
series_1,2024-04-05 20:00:00,9.723753592,10.786791836896002,10.692602770312956,1.4223656804148284
series_1,2024-04-05 21:00:00,9.169619716,10.962112557081047,10.91240765002902,1.042722874833999
series_1,2024-04-05 22:00:00,10.195866468,10.912819693814608,10.52711563822778,-2.875668619484536
series_1,2024-04-05 23:00:00,10.077428144,9.867038344297997,8.717594572479648,-4.621903347942313
series_1,2024-04-06 00:00:00,9.764764092,9.406958356370756,7.563940542986594,-5.592644185057482
series_1,2024-04-06 01:00:00,10.179134184,9.653622650617171,7.055383680661679,-6.588929457746663
series_1,2024-04-06 02:00:00,8.598097388,9.313256674819531,6.306830729376657,-6.852783087334725
series_1,2024-04-06 03:00:00,7.982939887999999,8.82812641219457,4.5759426157701535,-7.549606951813184
series_1,2024-04-06 04:00:00,8.1282811,9.196777933252685,5.374931699626242,-7.462629133081483
series_1,2024-04-06 05:00:00,7.104002851999999,9.417184237487904,5.207884662867864,-7.846100706787819
series_1,2024-04-06 06:00:00,7.326771888000001,10.548025102027925,4.941037229391464,-9.319172959591357
series_1,2024-04-06 07:00:00,6.851706256,10.630029738101218,5.1286582285960725,-9.310982601593134
series_1,2024-04-06 08:00:00,7.551509427999999,9.750442403458111,3.836554894920863,-8.963926238061799
series_1,2024-04-06 09:00:00,7.386483176,9.783332420753096,4.03070640760003,-8.914426459996779
series_1,2024-04-06 10:00:00,7.700787647999999,9.790991007266935,3.2059439780141035,-9.251239274508961
series_1,2024-04-06 11:00:00,7.882218099999999,9.605457607336222,0.06613613438408655,-9.605229922186247
series_1,2024-04-06 12:00:00,8.447506832,10.825759308976911,-1.0359704180618166,-10.776076740112845
series_1,2024-04-06 13:00:00,8.4891735,11.276949559632918,-4.175330880212017,-10.47550492392863
series_1,2024-04-06 14:00:00,7.939960884,11.990804301777855,-5.285321213010381,-10.763120712824731
series_1,2024-04-06 15:00:00,8.114829656,11.820485705907055,-4.676315820984988,-10.8561481505163
series_1,2024-04-06 16:00:00,8.292323099999999,11.596321755296174,-6.045657666636266,-9.895691063801328
series_1,2024-04-06 17:00:00,7.948491067999999,11.199946065754677,-7.139437996063684,-8.62943897227252
series_1,2024-04-06 18:00:00,8.558399224,10.488669113435677,-7.1509092030860995,-7.673113927236976
series_1,2024-04-06 19:00:00,7.799540932,10.02457978823501,-4.308481567368716,-9.051474272975309
series_1,2024-04-06 20:00:00,7.650590796,12.311350274953888,-7.3956534186739145,-9.842441572265695
series_1,2024-04-06 21:00:00,8.256890028,12.724938425527004,-8.070760299051523,-9.838032635070258
series_1,2024-04-06 22:00:00,8.0790685,12.367685410924002,-7.392466524116573,-9.91519445666086
series_1,2024-04-06 23:00:00,8.712598704000001,13.527499204508734,-5.552855208755532,-12.335275990369286
series_1,2024-04-07 00:00:00,9.57841238,13.55584541028279,-5.714884100217564,-12.292316482606745
series_1,2024-04-07 01:00:00,9.29461972,13.87288871235344,-6.461062846722927,-12.276469692710528
series_1,2024-04-07 02:00:00,9.718832332,14.037551580063493,-5.13622462168594,-13.064151369244394
series_1,2024-04-07 03:00:00,9.331693212,12.539205571476222,-5.160780193604258,-11.42794925422065
series_1,2024-04-07 04:00:00,9.125328376,13.34175612497192,-5.130996954001773,-12.315653728334937
series_1,2024-04-07 05:00:00,9.622375636,14.285878723007794,-5.885703919922846,-13.017097228471933
series_1,2024-04-07 06:00:00,8.452428092,14.072316993459205,-4.14648031998913,-13.447557641458303
series_1,2024-04-07 07:00:00,8.524278488,13.068116024852072,-3.3184293883134375,-12.639765932713043
series_1,2024-04-07 08:00:00,8.943897924,13.948774626508147,-1.119727716020068,-13.903759326998363
series_1,2024-04-07 09:00:00,9.5636486,15.095684755335746,-2.0746216992156237,-14.95244605533221
series_1,2024-04-07 10:00:00,9.17158822,14.371880394946388,-2.875497710144992,-14.081280446237667
series_1,2024-04-07 11:00:00,9.00098454,14.368368124562192,-2.594731933988753,-14.132139567442497
series_1,2024-04-07 12:00:00,8.596785052,14.169456493579302,-1.887819068873427,-14.043134852540387
series_1,2024-04-07 13:00:00,8.2103021,13.787239483697284,-1.586547471753298,-13.6956503934897
series_1,2024-04-07 14:00:00,9.092519976,13.250171545800423,-2.498399209993704,-13.012495816738694
series_1,2024-04-07 15:00:00,8.361548824,13.18712228099725,-1.7274488118939741,-13.073489000884967
series_1,2024-04-07 16:00:00,7.952428076,13.574028338848635,-0.8826508412098535,-13.545300765814591
series_1,2024-04-07 17:00:00,7.873687916000001,11.997510730168177,-2.0642222781200346,-11.818597637072408
series_1,2024-04-07 18:00:00,7.309383436,11.153305683024698,-1.7453120260353863,-11.01590275877412
series_1,2024-04-07 19:00:00,6.874344052,10.482108016273255,-2.9343614850519275,-10.06300706249697
series_1,2024-04-07 20:00:00,7.141732512,9.485532121280157,-2.962099878520819,-9.011175502314034
series_1,2024-04-07 21:00:00,6.704396539999999,9.27002230273152,-3.652650240821392,-8.52006218940726
series_1,2024-04-07 22:00:00,6.329068444,7.832132631820007,-2.869540607863173,-7.287526210055374
series_1,2024-04-07 23:00:00,6.296260044,9.031946513767407,-5.331081859524687,-7.2907903573345205
series_1,2024-04-08 00:00:00,6.294619624,7.542592162885333,-4.444421332876898,-6.094080369628217
series_1,2024-04-08 01:00:00,6.4058401,9.45388902155591,-4.868512344295896,-8.103925294900849
series_1,2024-04-08 02:00:00,5.942585492,9.246345437806566,-4.791007091934839,-7.908296592836941
series_1,2024-04-08 03:00:00,6.134514631999999,8.478136504386518,-2.704624737351608,-8.035160459948326
series_1,2024-04-08 04:00:00,5.9192915280000005,8.539845975358098,-2.978678167024573,-8.003527076241514
series_1,2024-04-08 05:00:00,6.101706232,7.330014619614492,-1.783607354177613,-7.109701760966189
series_1,2024-04-08 06:00:00,5.424540856,6.3368718903243995,-0.20584790790041507,-6.333527610518214
series_1,2024-04-08 07:00:00,5.1263125,5.3083315452624955,1.1125865218981625,-5.1904272488610665
series_1,2024-04-08 08:00:00,4.9458663000000005,5.0363761462528265,2.8753314621681016,-4.134918822566014
series_1,2024-04-08 09:00:00,4.296916148,4.400672889647777,3.127024443697696,-3.096391449768266
series_1,2024-04-08 10:00:00,4.583989648,5.320092081531412,3.887880905800705,-3.631495810032489
series_1,2024-04-08 11:00:00,5.012467352,4.771496628640929,3.8467764342044655,-2.82302871795186
series_1,2024-04-08 12:00:00,5.670603856,5.684441920817857,3.206833851866691,-4.693516442676349
series_1,2024-04-08 13:00:00,6.699147196,4.442082360126586,2.2171994577153264,-3.849171632813306
series_1,2024-04-08 14:00:00,6.419947712,3.44110618902606,1.3340100544237947,-3.1720070899746866
series_1,2024-04-08 15:00:00,5.932414888,3.2005670881170447,3.1069787542526344,-0.768318102195156
series_1,2024-04-08 16:00:00,5.28051198,4.87265461688752,4.795658472197877,-0.8627994167313713
series_1,2024-04-08 17:00:00,4.32086628,5.0516687055510126,4.9779687583386885,0.8597579610840609
series_1,2024-04-08 18:00:00,3.19389774,5.80974531830102,5.394640217352373,2.1566171632547473
series_1,2024-04-08 19:00:00,2.927165448,5.8835151820755325,5.395438595800503,2.3462722042976147
series_1,2024-04-08 20:00:00,2.656496148,7.1657154802285055,6.361081183219339,3.299109656267779
series_1,2024-04-08 21:00:00,2.6410762,8.234712042184235,7.2631578570946145,3.8803376606448605
series_1,2024-04-08 22:00:00,2.938320304,7.929054097100956,7.040596943567005,3.6469019116214807
series_1,2024-04-08 23:00:00,3.33661428,8.534512317730332,8.240159914813331,2.222085749874274
series_1,2024-04-09 00:00:00,3.256889868,8.428107886757347,8.36559094823276,1.0246417118522486
series_1,2024-04-09 01:00:00,4.029199604,8.238022757500621,8.221360140851507,0.5236949374552204
series_1,2024-04-09 02:00:00,4.188320344,7.678502856419054,7.459415343451834,-1.821133946174999
series_1,2024-04-09 03:00:00,4.464238988,7.19786345425778,6.896944592738009,-2.0594643941670068
series_1,2024-04-09 04:00:00,4.051509316000001,6.828263523157956,5.8727296588561515,-3.4837091003240794
series_1,2024-04-09 05:00:00,4.175196983999999,7.343259394156683,1.619731546787597,-7.162396822727112
series_1,2024-04-09 06:00:00,3.778871512,6.5659670627740665,1.3094157685988277,-6.434077541837574
series_1,2024-04-09 07:00:00,3.395997484,3.9165143160409603,-0.8107375771396831,-3.8316822635452783
series_1,2024-04-09 08:00:00,2.809711376,3.9947874783585835,0.41006564646549803,-3.9736850860176833
series_1,2024-04-09 09:00:00,2.779199564,3.545125755389345,1.3809026859520892,-3.26512241630466
series_1,2024-04-09 10:00:00,2.560367536,4.149011124609298,0.5267881864208279,-4.115432847074432
series_1,2024-04-09 11:00:00,2.446522388,6.319475158668816,-2.256440344819633,-5.902901257119461
series_1,2024-04-09 12:00:00,2.256561752,6.924513010504709,-2.868366882396768,-6.3024877517230005
series_1,2024-04-09 13:00:00,2.06364836,7.208234204610348,-4.748140034248565,-5.423449692186756
series_1,2024-04-09 14:00:00,2.370078816,8.84146937015472,-6.209179641894741,-6.294256810622205
series_1,2024-04-09 15:00:00,2.862860984,8.800804447038272,-6.71791615471109,-5.685398970457605
series_1,2024-04-09 16:00:00,3.340223204,8.294839310822239,-6.737959059451212,-4.837795665953792
series_1,2024-04-09 17:00:00,3.407808508,7.308672063665864,-5.920324402262042,-4.285609210624604
series_1,2024-04-09 18:00:00,3.306102468,5.793066475245369,-5.661051981374676,-1.2296786778608697
series_1,2024-04-09 19:00:00,3.505249456,5.514337445820057,-5.365964433012426,-1.2705680501330523
series_1,2024-04-09 20:00:00,3.155511912,4.58228481036614,-4.526292465554424,0.7141502640043647
series_1,2024-04-09 21:00:00,2.748031584,3.714534914111337,-3.618715536345885,0.8382526439928667
series_1,2024-04-09 22:00:00,2.5590552,3.558920119216024,-2.715451928176346,2.300485435886079
series_1,2024-04-09 23:00:00,2.408464644,4.154967757362711,-4.021055154652829,1.0463615569981712
series_1,2024-04-10 00:00:00,2.207349152,3.8442393057186663,-3.782230941026549,0.6876808477584349
series_1,2024-04-10 01:00:00,2.214238916,2.319887952867781,-1.9669945968094957,1.2299643775261595
series_1,2024-04-10 02:00:00,2.579396408,1.7919901449146782,-1.729761854648461,0.4681373790613662
series_1,2024-04-10 03:00:00,2.368438396,1.540734491445435,-1.320965474775163,-0.7930403442332878
series_1,2024-04-10 04:00:00,2.2473754,3.53062000328518,-3.3355764205045495,-1.1572413536386876
series_1,2024-04-10 05:00:00,2.2312992840000003,4.113106296842172,-4.100477273360604,0.32207070617476946
series_1,2024-04-10 06:00:00,2.19160112,5.9286798757274255,-4.064878798276144,4.315785609153964
series_1,2024-04-10 07:00:00,1.988517124,6.629565244366259,-4.820058960981887,4.551721316377714
series_1,2024-04-10 08:00:00,2.180774348,6.699945952372059,-3.6315388524984185,5.630381987707513
series_1,2024-04-10 09:00:00,2.507874096,6.76777233661756,-3.406738941491477,5.847809178214645
series_1,2024-04-10 10:00:00,2.667651004,6.278111660713261,-2.406531636664834,5.798559433696881
series_1,2024-04-10 11:00:00,2.629265176,6.987851284773118,-4.211797410919309,5.575915005403035
series_1,2024-04-10 12:00:00,2.663057828,7.473343879005025,-3.9656029353157662,6.334418844162174
series_1,2024-04-10 13:00:00,3.0718504920000003,8.484771922504008,-3.784858788777549,7.593826342887076
series_1,2024-04-10 14:00:00,3.03969826,9.04602470775151,-4.1674446145271515,8.028883384263308
series_1,2024-04-10 15:00:00,2.94619432,8.58076792201826,-4.241047994550337,7.459429605503235
series_1,2024-04-10 16:00:00,3.520997488,8.06834177403998,-3.950056801811867,7.035281817040341
series_1,2024-04-10 17:00:00,3.34153554,7.681079869601714,-4.271955822084448,6.383524216086242
series_1,2024-04-10 18:00:00,3.4173229440000004,7.620226278130377,-4.417432039807092,6.209198233555964
series_1,2024-04-10 19:00:00,3.653871508,6.866553170706287,-3.499054406419053,5.908144438574261
series_1,2024-04-10 20:00:00,3.376312444,6.936747349152055,-2.9214473758761565,6.2915506050539225
series_1,2024-04-10 21:00:00,3.440944992,8.159271059980524,-4.171371999802709,7.012371914658951
series_1,2024-04-10 22:00:00,3.489501424,8.179829300960138,-3.6611315185701683,7.314760652036272
series_1,2024-04-10 23:00:00,3.777559176,8.391953077838528,-4.100104772802343,7.322159334013908
series_1,2024-04-11 00:00:00,4.190288848,8.874467883572207,-3.606216442561877,8.10872266056442
series_1,2024-04-11 01:00:00,4.464895156,8.26805629985936,-2.7053819064134883,7.8129164668575966
series_1,2024-04-11 02:00:00,4.493766548,8.041851031139137,-3.769699552177616,7.1035718686689915
series_1,2024-04-11 03:00:00,4.5347770480000005,8.427515597003442,-3.442725589321981,7.692246723445882
series_1,2024-04-11 04:00:00,4.846456848,8.825845556892046,-4.55300819577326,7.5607979845603985
series_1,2024-04-11 05:00:00,4.907152388,9.1416644337607,-5.538285441546736,7.273061459071883
series_1,2024-04-11 06:00:00,4.944882048,8.617388157519837,-5.833085699923252,6.343066283329696
series_1,2024-04-11 07:00:00,4.871719316,8.465425527491586,-5.470065839338542,6.460790127748131
series_1,2024-04-11 08:00:00,5.371719332,8.661905487082207,-5.662292889255216,6.554925316388787
series_1,2024-04-11 09:00:00,5.326771824,8.878705094947836,-5.983297012303526,6.559844588525888
series_1,2024-04-11 10:00:00,5.77099756,9.969039911595168,-6.329233149003936,7.702114287942441
series_1,2024-04-11 11:00:00,6.746719376,10.206750929946626,-6.151848702957365,8.144478011627761
series_1,2024-04-11 12:00:00,6.79790048,10.563307621225407,-6.332773312847819,8.454552032409596
series_1,2024-04-11 13:00:00,7.2342522,10.967784272218836,-7.0812095680931,8.375485830366953
series_1,2024-04-11 14:00:00,7.114501539999999,10.575806266561399,-7.245187450773396,7.704215533783764
series_1,2024-04-11 15:00:00,7.395669528,11.628062270952897,-6.942337860128398,9.328224762139156
series_1,2024-04-11 16:00:00,7.538714152,10.450924021426577,-7.856687257247691,6.891609263693989
series_1,2024-04-11 17:00:00,7.765092112,10.466853990184145,-7.786499907849768,6.994673090065703
series_1,2024-04-11 18:00:00,7.488517300000001,11.354423411770837,-8.196264869738542,7.857746063526074
series_1,2024-04-11 19:00:00,8.187992388,11.51439737061557,-8.689006808757082,7.555296651079414
series_1,2024-04-11 20:00:00,7.990157736,10.488658236469776,-8.108839068590997,6.652719786760718
series_1,2024-04-11 21:00:00,8.236876904,9.864054076721146,-7.690570644757982,6.17694795076548
series_1,2024-04-11 22:00:00,8.377953024,9.612485895075503,-7.159823940611416,6.413798112076267
series_1,2024-04-11 23:00:00,7.953740412,9.368949810547608,-6.497065836234075,6.750211557588407
series_1,2024-04-12 00:00:00,8.360236488,8.873188964383242,-5.815382778516054,6.701850903816905
series_1,2024-04-12 01:00:00,8.255905776,8.180232820942376,-4.324804307225703,6.943506081874261
series_1,2024-04-12 02:00:00,8.160105248,8.02616896309484,-3.8763641344227,7.02802883613238
series_1,2024-04-12 03:00:00,7.0620081,7.006666931395959,-3.5946331913387395,6.014315730591763
series_1,2024-04-12 04:00:00,7.0521655800000005,6.951446347107529,-3.9079625211491735,5.748950795580703
series_1,2024-04-12 05:00:00,6.50918656,6.517969785758196,-3.912052922039333,5.213422298569363
series_1,2024-04-12 06:00:00,6.146981824,7.301475719071827,-4.052563649350431,6.073571893388515
series_1,2024-04-12 07:00:00,5.78740176,7.410903300302196,-4.796443865349769,5.649390584211587
series_1,2024-04-12 08:00:00,6.464567135999999,7.741257277413268,-4.459218089480537,6.327909470398059
series_1,2024-04-12 09:00:00,6.190616996,8.401119974758634,-5.495054281585013,6.35477735823394
series_1,2024-04-12 10:00:00,6.066601244,9.345703837874671,-5.374673311270664,7.645591345499718
series_1,2024-04-12 11:00:00,5.722441128,9.29459472518496,-5.503802379548825,7.489836478342419
series_1,2024-04-12 12:00:00,6.039370272,9.80175858745502,-5.200810548929916,8.308191201512367
series_1,2024-04-12 13:00:00,6.340879468,10.942004177040642,-4.861413437338436,9.802760570453618
series_1,2024-04-12 14:00:00,6.886811244,11.464911928661213,-5.494507819601278,10.06253394291411
series_1,2024-04-12 15:00:00,6.949803372,12.917679902145744,-6.6710464022692975,11.061807897132816
series_1,2024-04-12 16:00:00,7.757218095999999,12.708789743015567,-5.573586878214067,11.421403856058049
series_1,2024-04-12 17:00:00,9.00098454,12.537730050527246,-3.76963070438059,11.95761511224061
series_1,2024-04-12 18:00:00,9.872375644,13.713672410451585,-5.306805859240093,12.6452608732883
series_1,2024-04-12 19:00:00,10.68241504,14.529496359191802,-6.2654454615110575,13.109174559086407
series_1,2024-04-12 20:00:00,12.263123752,14.995510519970708,-5.844526999763393,13.809664728138365
series_1,2024-04-12 21:00:00,12.81003978,15.080473329042276,-6.480292169394037,13.617139539097252
series_1,2024-04-12 22:00:00,13.637467628,14.878575978812956,-6.738568176116376,13.265131815897703
series_1,2024-04-12 23:00:00,12.822835056,13.386556932284208,-3.468385976696885,12.929431743813753
series_1,2024-04-13 00:00:00,11.873031876,13.137467856727191,-1.539545108555691,13.04694839973173
series_1,2024-04-13 01:00:00,12.156824536,12.876042170665874,-0.6684518032763038,12.858679332165595
series_1,2024-04-13 02:00:00,12.602690692,11.187522960958484,-0.49067403250253333,11.176757534983077
series_1,2024-04-13 03:00:00,11.386483304,10.853167352991054,-1.5728523293820005,10.738592884637562
series_1,2024-04-13 04:00:00,11.526903256,9.625349298711594,-1.7568644050214406,9.463655561387283
series_1,2024-04-13 05:00:00,12.026903272,9.039047180846875,-2.18172569261363,8.771798386862606
series_1,2024-04-13 06:00:00,11.859580432,9.491010991759763,-2.5507574037776646,9.141822920664023
series_1,2024-04-13 07:00:00,13.542979436,9.014189588198173,-2.858366966665556,8.548997146791868
series_1,2024-04-13 08:00:00,13.221457115999998,9.47226666450873,-3.2146846583121977,8.910086324563615
series_1,2024-04-13 09:00:00,12.718832428,8.760015823920813,-3.2594995276610805,8.13102330980057
series_1,2024-04-13 10:00:00,13.670604112,10.150904134046442,-2.6783478758373986,9.79118518845387
series_1,2024-04-13 11:00:00,12.8937012,9.979287702751902,-3.489636931520661,9.349257571618315
series_1,2024-04-13 12:00:00,11.9422576,8.074401357702934,-3.0181254451684816,7.489117176443532
series_1,2024-04-13 13:00:00,12.554462344,7.935292712056874,-2.9869280002006557,7.351675424530129
series_1,2024-04-13 14:00:00,9.28313678,8.476636225315444,-2.621665178085169,8.061031781995759
series_1,2024-04-13 15:00:00,10.046260164,8.871618481651232,-1.202763266971357,8.789708471138283
series_1,2024-04-13 16:00:00,10.074147304,7.897620484690515,-1.2014922361866045,7.805691880069733
series_1,2024-04-13 17:00:00,9.323819196,7.609739368349482,-0.9473312154678143,7.550542816407853
series_1,2024-04-13 18:00:00,9.702100048,7.341022864941488,-0.6825376669060343,7.309224243163443
series_1,2024-04-13 19:00:00,10.53313682,9.024238577221322,-0.30730745046202057,9.019004603031314
series_1,2024-04-13 20:00:00,9.990813968,10.037191087767265,0.8333327907509585,10.002537747602547
series_1,2024-04-13 21:00:00,11.112861248,9.783311090126928,1.7411493439867942,9.627127029811898
series_1,2024-04-13 22:00:00,10.496719496,9.16260906037867,2.2710860012295155,8.876687060404498
series_1,2024-04-13 23:00:00,11.060039724,9.956982162061395,3.6611805094839096,9.259441184681933
series_1,2024-04-14 00:00:00,10.4412733,10.632141664660026,5.01575624920523,9.374680027924065
series_1,2024-04-14 01:00:00,10.728674883999998,10.315981519679985,5.844087626205054,8.500947860775053
series_1,2024-04-14 02:00:00,10.561680128,9.790554443742314,7.071717421471918,6.7709503783983624
series_1,2024-04-14 03:00:00,10.345800856,8.330677251287524,7.139956927012953,4.291992374820719
series_1,2024-04-14 04:00:00,10.20505282,8.134234171788274,7.588057107679702,2.930384768606271
series_1,2024-04-14 05:00:00,10.066929456,7.95870506014678,7.6516220632508425,2.189444229839821
series_1,2024-04-14 06:00:00,10.056430768,8.07482452595412,7.792013890011931,2.1183273266450895
series_1,2024-04-14 07:00:00,9.487861196,8.24945401246231,7.547389556989225,3.33022557475924
series_1,2024-04-14 08:00:00,11.81266442,8.542002668035034,8.54096877250872,-0.13289848662993609
series_1,2024-04-14 09:00:00,10.033464888,8.656553317528717,8.643450242325745,0.4761126417734205
series_1,2024-04-14 10:00:00,10.410433404,7.865505397891989,7.74864469231257,-1.3508073869224524
series_1,2024-04-14 11:00:00,10.949475416,7.8863247729403545,7.684371182948435,-1.7732901474277727
series_1,2024-04-14 12:00:00,10.383202432,7.411785678525534,7.401469681296727,-0.39091367492265316
series_1,2024-04-14 13:00:00,10.100722108,7.972046983568155,7.9711892137831235,-0.11694283340894307
series_1,2024-04-14 14:00:00,9.595800832,8.705096334365471,8.354508715217726,2.445585066591269
series_1,2024-04-14 15:00:00,8.979987163999999,8.764810149741107,7.85104437773076,3.8965368136214167
series_1,2024-04-14 16:00:00,8.593504212,9.023090300292521,7.8362616282488435,4.473160209613308
series_1,2024-04-14 17:00:00,8.547900536,8.561754480570261,7.138684229657905,4.726819993906948
series_1,2024-04-14 18:00:00,9.709317896,7.510013645577239,5.533181404790585,5.077815327326903
series_1,2024-04-14 19:00:00,8.48589266,7.539565825467584,5.668804404199404,4.970886184925997
series_1,2024-04-14 20:00:00,8.25623386,7.429459272971893,4.5232776770832945,5.8937953938653145
series_1,2024-04-14 21:00:00,8.965879552,6.585521207618757,3.2503562092616733,5.727501557303192
series_1,2024-04-14 22:00:00,8.660433348,7.381417888681209,2.9426515676898304,6.7695001143744395
series_1,2024-04-14 23:00:00,7.77066954,7.794660287322827,4.077747738817502,6.64294380326496
series_1,2024-04-15 00:00:00,7.38189,9.185318803156058,5.106221144204665,7.6352201763989385
series_1,2024-04-15 01:00:00,7.553149848,8.895953688616448,5.366125550524416,7.095258177544889
series_1,2024-04-15 02:00:00,7.332021232,9.32157653492036,2.750254475389287,8.906620538508367
series_1,2024-04-15 03:00:00,6.293963456,8.072408920109645,1.913190849612092,7.842415861609631
series_1,2024-04-15 04:00:00,6.558727244,7.410369769124132,3.0111490652472623,6.7710088924775
series_1,2024-04-15 05:00:00,6.41076136,6.131185387538922,2.339328632976157,5.667360567610703
series_1,2024-04-15 06:00:00,6.688976592,5.457087825930408,2.3517878079973684,4.924317378690452
series_1,2024-04-15 07:00:00,6.550853227999999,4.561178590691202,1.4989013492297742,4.307858502952127
series_1,2024-04-15 08:00:00,6.085630116,2.937665727450648,1.5464303080399315,2.497685574409571
series_1,2024-04-15 09:00:00,6.626968716,2.743176741693734,2.1765104704411895,1.6696768574276055
series_1,2024-04-15 10:00:00,6.804790244,3.5033312427059715,3.4609213015526636,0.5434643875901918
series_1,2024-04-15 11:00:00,5.824803336,5.066923939807598,5.040075759458906,-0.5209170286236363
series_1,2024-04-15 12:00:00,6.297900464,5.192070342905142,4.189195454044207,-3.0672847754146435
series_1,2024-04-15 13:00:00,5.53149624,5.148541788935474,3.9932763676256178,-3.2498040562744155
series_1,2024-04-15 14:00:00,5.63156186,3.462582010993651,3.4624670781953344,-0.02821197033711101
series_1,2024-04-15 15:00:00,5.309055288000001,2.5644678308134283,2.5624883579973208,-0.10074060951336439
series_1,2024-04-15 16:00:00,5.003609084,4.036507072334459,0.4006551184343594,4.016573766418146
series_1,2024-04-15 17:00:00,5.040354492,3.7222425602710403,1.3791612331597631,3.4573116681089586
series_1,2024-04-15 18:00:00,5.258202268,3.910696304451834,1.7078058518044945,3.5180882249022067
series_1,2024-04-15 19:00:00,5.169619588000001,2.45743071689241,1.3074027963480859,2.0807843848961256
series_1,2024-04-15 20:00:00,6.098425392,3.018729981875784,0.4743833194344991,2.98122309962171
series_1,2024-04-15 21:00:00,5.27887156,1.8269177351234354,0.6620459760256877,1.7027400084971096
series_1,2024-04-15 22:00:00,5.268044788,4.2455085379704665,-0.5471579167041857,4.210102250559725
series_1,2024-04-15 23:00:00,5.288385996000001,2.5024066414873087,2.437057972183959,0.5681438546480999
series_1,2024-04-16 00:00:00,4.984580212,3.187436313825543,2.0707085261330875,2.4232037583524626
series_1,2024-04-16 01:00:00,4.459973896,3.2349993975516522,2.8370741520017386,1.5544231593112494
series_1,2024-04-16 02:00:00,4.678805924,3.276178023327642,3.2194914055953263,0.606809302691418
series_1,2024-04-16 03:00:00,4.418635312,2.914136286189293,2.018993858577653,2.1013933695314746
series_1,2024-04-16 04:00:00,4.522309856000001,4.093331607833802,4.089333082923807,0.18088280348371316
series_1,2024-04-16 05:00:00,4.409448960000001,3.976305457554255,3.9761815514217482,0.03139047481470374
series_1,2024-04-16 06:00:00,5.256233764,4.413000752547424,4.1348349070416,-1.5419844141541832
series_1,2024-04-16 07:00:00,5.084317748,4.414594236979659,3.1303631400199547,-3.112791173332774
series_1,2024-04-16 08:00:00,5.062664204,3.7878779217113014,2.3734813427674943,-2.9520510607580177
series_1,2024-04-16 09:00:00,4.745406976,5.364815197810938,3.304629030358264,-4.22618848117031
series_1,2024-04-16 10:00:00,5.025262628,4.4023406590222365,3.2570687402034864,-2.9617742148363724
series_1,2024-04-16 11:00:00,4.56200802,3.841026633113726,3.652110741013758,-1.1897784380551313
series_1,2024-04-16 12:00:00,3.891404324,4.470530678794084,4.170543339907436,-1.6100350306725695
series_1,2024-04-16 13:00:00,4.53740172,4.3135208039377355,4.127995316996001,-1.2514457195031397
series_1,2024-04-16 14:00:00,4.897966036,4.799122994709357,4.796204005002258,-0.16735788224164982
series_1,2024-04-16 15:00:00,4.805774432000001,5.403195060056362,5.390839655429257,0.3651912738125583
series_1,2024-04-16 16:00:00,4.658136632,5.947930893983655,5.944650262612722,0.19752259319806248
series_1,2024-04-16 17:00:00,4.433399092,5.021663296242689,4.901675120374302,1.0911843451656424
series_1,2024-04-16 18:00:00,4.487204868,5.079740218309242,4.804043887001864,1.6507340843601825
series_1,2024-04-16 19:00:00,4.375656308,5.278062317341689,4.793703256425319,2.2086989190651614
series_1,2024-04-16 20:00:00,4.457349224,4.873829163768637,4.519749562017405,1.8237528928682087
series_1,2024-04-16 21:00:00,4.3628610320000005,2.8030734733263794,2.57083518780529,1.1171514373656555
series_1,2024-04-16 22:00:00,4.112861024,2.886611775882006,2.5479410119670267,1.3566591849824003
series_1,2024-04-16 23:00:00,3.803805896,3.067898694284137,3.058766804673379,-0.23653336555023444
series_1,2024-04-17 00:00:00,4.196850528,3.6616104815190624,1.4981930945822497,-3.3410789828611236
series_1,2024-04-17 01:00:00,4.479658936,3.3003649185327824,0.7875884823655959,-3.2050137250762214
series_1,2024-04-17 02:00:00,4.322834784,8.376117634532083,0.09744253549263848,-8.375550822471087
series_1,2024-04-17 03:00:00,4.19783478,7.046537506723935,-1.7137305312593096,-6.834970263278169
series_1,2024-04-17 04:00:00,5.0278873,4.8494049662766106,-1.622910062923561,-4.569780241391231
series_1,2024-04-17 05:00:00,4.3510500080000005,4.168683517680074,-0.7472712056920513,-4.101159350198558
series_1,2024-04-17 06:00:00,4.620078887999999,7.0274231700878635,2.2783423090142336,-6.647844217070934
series_1,2024-04-17 07:00:00,4.591863664,7.408168092415154,1.9925658030090578,-7.135168954282501
series_1,2024-04-17 08:00:00,4.560039516,7.014375910055425,1.2794520894633985,-6.896700062952833
series_1,2024-04-17 09:00:00,4.72605002,6.67528311240792,2.1557902134125024,-6.317592356788561
series_1,2024-04-17 10:00:00,5.182414863999999,8.036266512550053,1.7209801826894837,-7.849828448540992
series_1,2024-04-17 11:00:00,5.128937172,8.167112952282425,1.7613938636380064,-7.974912264876506
series_1,2024-04-17 12:00:00,5.332021168,7.980499000999735,1.5032760402490926,-7.837635195119175
series_1,2024-04-17 13:00:00,4.785433223999999,7.376529133337673,2.084820350592884,-7.075783077563444
series_1,2024-04-17 14:00:00,4.530183872,7.084270703672808,2.3825102666088087,-6.671621709331281
series_1,2024-04-17 15:00:00,4.042651048,6.448658817048708,1.5273400602033056,-6.265176204960096
series_1,2024-04-17 16:00:00,4.077427952,5.209993503668577,3.386917956164617,-3.9588911410240204
series_1,2024-04-17 17:00:00,3.90912086,5.122536218243938,3.5521271834560086,-3.6909036535479745
series_1,2024-04-17 18:00:00,3.462270452,5.69526401684302,5.692476730408005,0.17815974660477618
series_1,2024-04-17 19:00:00,3.156496164,5.470334437171259,5.414644430872765,0.7785785392112616
series_1,2024-04-17 20:00:00,2.931758624,6.388885599735986,6.351669910551732,0.6885844566250476
series_1,2024-04-17 21:00:00,2.658464652,6.640662767371024,6.449567327658585,1.58160781357032
series_1,2024-04-17 22:00:00,2.925525028,6.447599017473383,6.235947552086792,1.6384417041037738
series_1,2024-04-17 23:00:00,3.113845244,5.860476397379099,5.648308413736641,1.562624608647059
series_1,2024-04-18 00:00:00,2.67716544,4.165562257112665,4.049054376858571,0.9782983037519852
series_1,2024-04-18 01:00:00,2.490813728,3.3951748929425194,3.3787631527660116,-0.33342482087860265
series_1,2024-04-18 02:00:00,2.604002708,3.940381111702776,3.1334552242546465,-2.389155010261006
series_1,2024-04-18 03:00:00,2.552821604,4.7739780401003005,2.164161622997472,-4.255263892745649
series_1,2024-04-18 04:00:00,2.558070948,4.602442857672575,4.488530733033393,-1.0176306386680798
series_1,2024-04-18 05:00:00,2.356299288,4.106754127065282,3.5587562038572136,-2.0495569622910037
series_1,2024-04-18 06:00:00,2.514107692,4.102811722987762,1.334219172307753,-3.879809690504449
series_1,2024-04-18 07:00:00,2.298884588,3.9572705977094,0.5018053043575946,-3.925325721518393
series_1,2024-04-18 08:00:00,2.1515748720000003,4.814037339588261,-2.713533710329039,-3.976391619277199
series_1,2024-04-18 09:00:00,2.302493512,6.1285947673644205,-4.272189666920512,-4.394094818324265
series_1,2024-04-18 10:00:00,2.978674636,7.226921899061781,-5.951719068258926,-4.099443897367282
series_1,2024-04-18 11:00:00,2.781824236,6.991081938490051,-6.005615970579063,-3.5787991679622806
series_1,2024-04-18 12:00:00,2.588910844,6.819421148791774,-5.664392096914595,-3.7972578233509497
series_1,2024-04-18 13:00:00,2.392716612,4.675394419791087,-4.399450566706587,-1.5824499018037583
series_1,2024-04-18 14:00:00,2.447834724,3.609594423867705,-3.201913555783261,-1.6664097593653917
series_1,2024-04-18 15:00:00,2.0656168640000003,3.9226719156867045,-3.212122873384416,-2.2515820225783125
series_1,2024-04-18 16:00:00,2.143372772,4.232811856079262,-3.0708466109143115,-2.9131764967473655
series_1,2024-04-18 17:00:00,1.949803212,4.121791901665182,-2.8637919044709905,-2.9644332356319123
series_1,2024-04-18 18:00:00,1.938648356,4.295372210548085,-2.8263399889850116,-3.2345053244372544
series_1,2024-04-18 19:00:00,1.831036804,3.4691516578169344,-2.6237495210683432,-2.2695708130894756
series_1,2024-04-18 20:00:00,1.98654862,2.6370573609299215,-1.7795750073454255,-1.94606893970029
series_1,2024-04-18 21:00:00,2.055774344,3.0304509547199183,-1.9197076398672788,-2.34485725927999
series_1,2024-04-18 22:00:00,2.04560374,1.865451995994929,-0.9462642640543621,-1.6076364924743156
series_1,2024-04-18 23:00:00,1.881233656,3.071719013451527,2.9587613658547127,-0.8253416732027862
series_1,2024-04-19 00:00:00,1.960958068,3.0998209490547226,3.0356074632074526,-0.6276760673450403
series_1,2024-04-19 01:00:00,1.78477696,2.777683276051367,2.7203486888049144,0.5614511495872426
series_1,2024-04-19 02:00:00,1.7962599,2.459994537874887,-0.9769945550347929,-2.257665778144906
series_1,2024-04-19 03:00:00,1.6414042519999998,1.472447199018425,0.5372184910602142,-1.3709474996367264
series_1,2024-04-19 04:00:00,1.64370084,2.624053636966027,-0.28865143637312096,-2.6081291835249205
series_1,2024-04-19 05:00:00,1.624671968,2.9166744468138734,1.4723007284454328,-2.517800705718398
series_1,2024-04-19 06:00:00,1.569225772,2.149686595366264,-0.05109063857786972,-2.149079385445569
series_1,2024-04-19 07:00:00,1.499015796,2.4904206862856086,-1.4373690661430936,-2.0337564658469347
series_1,2024-04-19 08:00:00,1.704724464,2.765771437628025,-2.264896254846654,-1.587367821262795
series_1,2024-04-19 09:00:00,1.57972446,2.841125730470719,-2.546998086444834,-1.2588868749769104
series_1,2024-04-19 10:00:00,1.5600394199999998,2.2328973208145633,0.9867103826882292,-2.0030559318192047
series_1,2024-04-19 11:00:00,1.645669344,2.3909517262062154,1.4526218170121772,-1.899089259036742
series_1,2024-04-19 12:00:00,1.667322888,2.929440835030542,-2.3100520710691135,-1.801466911961954
series_1,2024-04-19 13:00:00,1.436679836,3.641421654109246,-3.4577018620294964,1.1420374321069653
series_1,2024-04-19 14:00:00,1.392388496,4.02931931792651,-3.8776243777600765,1.0951910111101788
series_1,2024-04-19 15:00:00,1.467847816,4.966712542746194,-4.470450556264428,2.1640945696220006
series_1,2024-04-19 16:00:00,1.395013168,4.863275489063218,-4.068606045101841,2.664187180414287
series_1,2024-04-19 17:00:00,1.238845184,4.869014778086014,-3.8190179332921725,3.020332255632281
series_1,2024-04-19 18:00:00,1.562007924,5.079453795078297,-2.1647180445471954,4.595089405435664
series_1,2024-04-19 19:00:00,1.500328132,4.918816722524785,-1.439478801420265,4.7034730497847175
series_1,2024-04-19 20:00:00,1.699803204,5.194685647833657,0.8876261593847827,5.118288657450339
series_1,2024-04-19 21:00:00,1.655839948,5.808734330101012,-0.21925879291637307,5.804594740326228
series_1,2024-04-19 22:00:00,1.7217848320000002,5.280576962875049,0.42658315280396375,5.2633183330091775
series_1,2024-04-19 23:00:00,1.823818956,5.425949350511029,-0.9153476201217488,5.348183344711408
series_1,2024-04-20 00:00:00,1.580380628,5.852185019360523,-1.6709387911407805,5.608567825843663
series_1,2024-04-20 01:00:00,1.72080058,6.061816691088177,-0.9339776953577658,5.989432966561143
series_1,2024-04-20 02:00:00,1.832021056,5.625308950710443,-0.964756716543749,5.541962221887366
series_1,2024-04-20 03:00:00,1.961286152,6.309869489594146,0.5956803907094921,6.281689091942968
series_1,2024-04-20 04:00:00,2.050853084,7.187157968635722,-0.06738636941295897,7.186842056379234
series_1,2024-04-20 05:00:00,1.93897644,7.239201116501923,0.7420154504309848,7.201072550424999
series_1,2024-04-20 06:00:00,2.209973824,6.630505588438146,0.3536981025905083,6.621065020865854
series_1,2024-04-20 07:00:00,2.366469892,6.5220979399058345,0.2140900661258888,6.518583203527446
series_1,2024-04-20 08:00:00,2.2555775,6.546486032003937,-0.3180791384151526,6.538754088427529
series_1,2024-04-20 09:00:00,2.318241544,7.218128398987108,-0.7662306547077786,7.177344088731589
series_1,2024-04-20 10:00:00,2.435695616,6.994596083976859,-1.229885864194054,6.885619444831384
series_1,2024-04-20 11:00:00,2.556430528,6.971426761636313,-0.8356339376411975,6.921163703823313
series_1,2024-04-20 12:00:00,2.74606308,8.041413102364718,-1.1436916417908445,7.959666708561404
series_1,2024-04-20 13:00:00,3.105971228,7.656986898335767,-1.752292650945537,7.453785536673822
series_1,2024-04-20 14:00:00,3.114173328,7.361963670596851,-0.9996157587631052,7.293783477868008
series_1,2024-04-20 15:00:00,2.9055119040000004,5.866791068675619,-0.3572898775343916,5.855901415401687
series_1,2024-04-20 16:00:00,2.873031588,4.856538602254287,1.5744191673370254,4.594254181116648
series_1,2024-04-20 17:00:00,2.656824232,4.2242852947638125,1.6028217988050368,3.908394623478184
series_1,2024-04-20 18:00:00,2.458661496,2.5200296729017064,-0.7459740753424632,2.407087915141871
series_1,2024-04-20 19:00:00,2.3622048,3.9598260640887455,-1.32647575761872,3.7310433557232225
series_1,2024-04-20 20:00:00,2.499343912,3.3051838123284836,-1.9650253638869128,2.6576145981987973
series_1,2024-04-20 21:00:00,2.424868844,2.5020090904798153,2.5000097635558296,-0.10000335478951895
series_1,2024-04-20 22:00:00,2.332021072,1.4306368057357428,1.4295618438269206,-0.05544911721519649
series_1,2024-04-20 23:00:00,2.458661496,2.6659438112979195,2.6604847764516824,-0.17052026057486092
series_1,2024-04-21 00:00:00,2.403871468,2.4213909679131858,-0.5388824310602923,2.3606651488481174
series_1,2024-04-21 01:00:00,2.224081436,3.35947500285303,1.572323206296215,2.9688166042611583
series_1,2024-04-21 02:00:00,2.220472512,4.554917452740926,2.613470745758059,3.7305554093661044
series_1,2024-04-21 03:00:00,2.1220473120000003,9.104224249653212,8.921574673527486,-1.8144984245368017
series_1,2024-04-21 04:00:00,2.3500656920000003,6.765751420772329,6.765683136465684,0.030397115432939104
series_1,2024-04-21 05:00:00,2.626968588,5.410765062465275,5.228850593347037,-1.3912224960980155
series_1,2024-04-21 06:00:00,2.5157481120000003,8.76829657528379,5.5835743802559445,-6.760674668424955
series_1,2024-04-21 07:00:00,2.509186432,9.527798442157332,6.015814468622522,-7.38843145961899
series_1,2024-04-21 08:00:00,3.250984356,8.385407282029442,4.846304843401093,-6.84312681822714
series_1,2024-04-21 09:00:00,3.162401676,6.177520125801956,3.683084398901582,-4.959500399763668
series_1,2024-04-21 10:00:00,3.29396336,5.524350113787419,3.368042049375739,-4.378896771258708
series_1,2024-04-21 11:00:00,3.185039472,5.4491906797143645,3.868586149487769,-3.8376712037220297
series_1,2024-04-21 12:00:00,3.002624768,5.141722568085052,4.617943051872586,-2.260953988213128
series_1,2024-04-21 13:00:00,3.040026344,5.746229327302205,4.963259417881706,-2.895722264437061
series_1,2024-04-21 14:00:00,2.776574892,5.643377079187936,5.006726413127127,-2.6039192541242397
series_1,2024-04-21 15:00:00,2.9386483880000003,4.634804855249238,4.525196852918453,-1.00200273880805
series_1,2024-04-21 16:00:00,2.91830718,4.605562378125766,4.580976073960066,-0.47525049038678846
series_1,2024-04-21 17:00:00,2.872703504,4.352741447883622,4.026299372585276,1.6538656155937868
series_1,2024-04-21 18:00:00,2.687664128,4.840759418416103,4.413388456437889,1.9887066348672437
series_1,2024-04-21 19:00:00,2.881561772,5.298005970965576,3.7045834245158917,3.787469989212984
series_1,2024-04-21 20:00:00,2.560367536,5.040034817029517,2.9022906227317065,4.120516969759179
series_1,2024-04-21 21:00:00,2.642060452,5.799190340748054,2.505229582879562,5.230146589273635
series_1,2024-04-21 22:00:00,2.8497376240000003,6.227264282645812,3.293783655590749,5.284866098216634
series_1,2024-04-21 23:00:00,3.222112964,7.0882378947447755,4.566267090572867,5.421468556585665
series_1,2024-04-22 00:00:00,3.250984356,8.348626296164948,5.89158911332227,5.915127957432483
series_1,2024-04-22 01:00:00,4.000656296,7.715994084801746,5.530912745617731,5.380108634317608
series_1,2024-04-22 02:00:00,4.43897652,7.753341309071555,5.94675253929225,4.9749809739713164
series_1,2024-04-22 03:00:00,4.573162876,6.889855519787968,5.806526150599936,3.708687523363463
series_1,2024-04-22 04:00:00,4.2404857,7.2515248371019725,5.6406986056573825,-4.5570968503249585
series_1,2024-04-22 05:00:00,4.277387427130107,7.707267574283272,6.413722740646592,-4.273889805284073
series_1,2024-04-22 06:00:00,3.851378076,6.861524561567008,6.115589456908641,-3.1112834817057733
series_1,2024-04-22 07:00:00,3.680774396,6.214472834435101,5.695101027834829,-2.487065920454566
series_1,2024-04-22 08:00:00,3.328084096,5.660900873456466,5.005176513588154,-2.6446184539410815
series_1,2024-04-22 09:00:00,3.56463266,5.312322958930806,5.146600799992316,-1.3165391849473385
series_1,2024-04-22 10:00:00,2.922900356,5.754341936943604,5.742490435919571,-0.3691269708922936
series_1,2024-04-22 11:00:00,3.085301936,7.835298347979078,7.710854922677909,-1.3909049440049959
series_1,2024-04-22 12:00:00,3.151574904,10.414394034593775,9.345008649609346,-4.596783271648652
series_1,2024-04-22 13:00:00,3.84022322,10.001793457107103,6.053071461087919,-7.962172960040082
series_1,2024-04-22 14:00:00,4.2979004000000005,10.274929735493842,7.15968840461819,-7.369738327655289
series_1,2024-04-22 15:00:00,5.360564476,8.913787122012737,5.395384525539189,-7.095451125765884
series_1,2024-04-22 16:00:00,4.725393852,7.759271476094555,5.397472959595376,-5.574368079896708
series_1,2024-04-22 17:00:00,4.892388608,7.611581896917221,6.774401206015145,-3.4703987196601065
series_1,2024-04-22 18:00:00,4.803477844,6.342291834374232,6.010657630712059,-2.0240208889072697
series_1,2024-04-22 19:00:00,4.464895156,5.398647755647409,5.27581392920585,-1.1450698554910692
series_1,2024-04-22 20:00:00,3.953740284,6.931166093059076,5.964051035462271,3.5314527684754946
series_1,2024-04-22 21:00:00,3.43339906,7.127105579665236,5.979887974653015,3.8777021229454443
series_1,2024-04-22 22:00:00,3.0482284440000003,8.083196903758232,6.12734804100688,5.271970994732028
series_1,2024-04-22 23:00:00,3.138451544,7.870370936569522,5.392373385346852,5.732804545089701
series_1,2024-04-23 00:00:00,3.083005348,7.390531762300247,5.1199150181799995,5.3297682816595024
series_1,2024-04-23 01:00:00,2.40157488,9.527008188362366,0.8717338967072963,-9.487041953868186
series_1,2024-04-23 02:00:00,2.2342520400000003,4.0132577725913805,3.5577613235477554,1.8570332021622147
series_1,2024-04-23 03:00:00,2.25721792,1.3535079464114967,1.251436858830406,0.5156447899084734
series_1,2024-04-23 04:00:00,2.15879272,7.330717091680656,-6.7426779548511755,2.876752870064243
series_1,2024-04-23 05:00:00,1.94881896,6.374085890456772,-1.3388566776035877,6.231888456620223
series_1,2024-04-23 06:00:00,2.08989508,10.197655537883241,-4.210793605150972,9.287701313249713
series_1,2024-04-23 07:00:00,1.99475072,7.347672361489113,4.076824250141018,-6.112920183124683
series_1,2024-04-23 08:00:00,1.91601056,4.149733004390658,1.3786760526145883,3.9140179291459787
series_1,2024-04-23 09:00:00,1.75196856,4.369107756325876,-2.056307077524988,3.854958338206469
series_1,2024-04-23 10:00:00,1.5912074,5.728522897049773,2.6076337506813747,5.100609846315528
series_1,2024-04-23 11:00:00,1.44685044,2.567218310056959,-2.5381864050578824,0.38499301899002425
series_1,2024-04-23 12:00:00,1.42060372,8.380886591516324,-5.4814096877432394,6.339827118697532
series_1,2024-04-23 13:00:00,1.730971184,7.909838238096103,-4.7371907862078935,6.334395346669981
series_1,2024-04-23 14:00:00,2.19160112,8.127770998420294,-3.6606725030750455,7.256730546740198
series_1,2024-04-23 15:00:00,2.61482948,8.86137673516925,-3.7334529859290972,8.036499638801457
series_1,2024-04-23 16:00:00,2.771653632,9.291728060578174,-3.5683932923079125,8.579206237359475
series_1,2024-04-23 17:00:00,3.019028968,9.41401670983389,-3.343553087775425,8.800247914818032
series_1,2024-04-23 18:00:00,2.968504032,7.771561005535992,-2.5296079472918156,7.3483497532279785
series_1,2024-04-23 19:00:00,3.022637892,6.808622850423534,-3.326288606519815,5.9408037524770965
series_1,2024-04-23 20:00:00,3.032480412,7.9898667320277665,-5.185785230959356,6.078289392084575
series_1,2024-04-23 21:00:00,2.9035434,7.860300086762163,-4.993672151856363,6.07021876819341
series_1,2024-04-23 22:00:00,3.21850404,6.978977028673827,-4.76124866822315,5.102610262022786
series_1,2024-04-23 23:00:00,2.84776912,7.666582625689043,-5.4703095283287375,5.371424654669646
series_1,2024-04-24 00:00:00,3.025918732,5.9435210078323,-4.01351918967563,4.383731935765388
series_1,2024-04-24 01:00:00,2.569553888,6.905914189552831,-5.561586288289781,4.093947819815762
series_1,2024-04-24 02:00:00,2.547900344,5.555906801991678,-4.557518683946222,3.177597179929906
series_1,2024-04-24 03:00:00,2.519028952,6.7166557278575185,-5.316534394792988,4.104622539959595
series_1,2024-04-24 04:00:00,2.2611549280000003,5.822370672527934,-4.5129434883741,3.6787689950654947
series_1,2024-04-24 05:00:00,2.476049948,4.622614669661876,-3.399882503996249,3.1319906358725547
series_1,2024-04-24 06:00:00,2.405183804,3.8614881820829323,-2.1725007586298846,3.1923864794411605
series_1,2024-04-24 07:00:00,2.4196195,2.9046133679213213,-0.6305013294592856,2.8353565720482696
series_1,2024-04-24 08:00:00,2.61154864,3.03457652008691,-1.3283565893992746,2.728392095660429
series_1,2024-04-24 09:00:00,3.215551284,4.625372555408251,-2.4381053938773536,3.93061233965778
series_1,2024-04-24 10:00:00,3.5511812160000003,6.784058363469861,-4.752755334390233,4.840946664691789
series_1,2024-04-24 11:00:00,3.710301956,7.355277659557978,-4.8428398937226715,5.535974278567493
series_1,2024-04-24 12:00:00,4.029527688,7.175911829526921,-1.9050864244631247,6.918407063802382
series_1,2024-04-24 13:00:00,4.686023772,7.626730441864987,-2.6969790783780545,7.133955500538334
series_1,2024-04-24 14:00:00,4.52263794,7.979297946477458,0.38408612024618205,7.9700485300212325
series_1,2024-04-24 15:00:00,4.959973912,7.371131949697446,0.22565094206339398,7.367677237243525
series_1,2024-04-24 16:00:00,5.632874196,7.959627887978301,0.8211303281478792,7.917159913711335
series_1,2024-04-24 17:00:00,6.262139308,7.571494360929973,0.3610011722766191,7.562883379453189
series_1,2024-04-24 18:00:00,6.923556652,7.912646850929044,2.457540253888342,7.5213347278282825
series_1,2024-04-24 19:00:00,7.254593407999999,8.840634262375422,3.26074509385071,8.217320463144587
series_1,2024-04-24 20:00:00,6.831365047999999,8.806065184595662,3.6227499680035335,8.026360738508968
series_1,2024-04-24 21:00:00,6.713582892,8.838232873662006,4.332286531294321,7.7036130315486115
series_1,2024-04-24 22:00:00,6.073491008,8.004901641919625,5.498625373161576,5.817522608673836
series_1,2024-04-24 23:00:00,5.823162915999999,7.332872547273336,6.644326532167052,3.1022483344335763
series_1,2024-04-25 00:00:00,5.623687844,12.271700732912825,7.759953748308987,-9.50672165903044
series_1,2024-04-25 01:00:00,5.966535624,14.394514948987434,8.01066092349883,-11.95957240813197
series_1,2024-04-25 02:00:00,7.210958236000001,14.350522152490685,8.322144875926659,-11.690996138619392
series_1,2024-04-25 03:00:00,9.001312623999999,15.500176280680858,7.586158611725857,-13.516865844193287
series_1,2024-04-25 04:00:00,9.47178508,14.23640727787189,6.8307019447461785,-12.490668641969673
series_1,2024-04-25 05:00:00,9.738517372,12.401122696625963,5.48879763948079,-11.120294268120862
series_1,2024-04-25 06:00:00,10.315289044,10.802777186817337,4.787371962950596,-9.68406240357711
series_1,2024-04-25 07:00:00,8.443897908,11.754321004037687,4.777295518357602,-10.739716467218392
series_1,2024-04-25 08:00:00,8.344160372,10.604219907433235,3.7564653769870664,-9.916574394250302
series_1,2024-04-25 09:00:00,8.498031767999999,11.184968233251485,5.5277013830031105,-9.723581222944063
series_1,2024-04-25 10:00:00,7.77887164,8.410697895080892,2.899762697120751,-7.895012057160212
series_1,2024-04-25 11:00:00,7.553149848,8.623301854705597,4.459171012437382,-7.380862331679623
series_1,2024-04-25 12:00:00,7.747375576,8.270094609611641,3.7140128507081767,-7.389220080407813
series_1,2024-04-25 13:00:00,6.282152432,8.070980591794365,6.152237137260513,-5.224050719512005
series_1,2024-04-25 14:00:00,5.630905692,7.871023476234165,6.118815950302804,-4.951070786178415
series_1,2024-04-25 15:00:00,5.156824312,7.45197972565092,7.07374305019521,-2.3439626898326127
series_1,2024-04-25 16:00:00,4.53412088,7.18797862497779,6.891845819268289,-2.0419348463092057
series_1,2024-04-25 17:00:00,4.206364964,6.33446264253804,6.326084515933465,0.3256864550098346
series_1,2024-04-25 18:00:00,3.83202112,6.442475857833964,6.43356674956616,0.33869463776413894
series_1,2024-04-25 19:00:00,3.347769136,6.4661829074592,6.355641799722191,1.1905203510824909
series_1,2024-04-25 20:00:00,2.987532904,6.745920813914607,6.329989781626125,2.3320971232166032
series_1,2024-04-25 21:00:00,2.604658876,7.910031449109219,6.6249315177710715,4.321906976178499
series_1,2024-04-25 22:00:00,2.625984336,7.938933716728042,6.685053453339642,4.282140689490835
series_1,2024-04-25 23:00:00,2.520997456,7.62122264148526,6.627137322631507,3.7635203544118205
series_1,2024-04-26 00:00:00,2.589895096,6.815889893030681,5.581912459771397,3.911343544789517
series_1,2024-04-26 01:00:00,2.23589246,5.750516724891401,5.027619524720257,2.791323076590632
series_1,2024-04-26 02:00:00,2.218175924,5.587967721401435,5.4157496489341295,1.376604153522066
series_1,2024-04-26 03:00:00,2.085301904,5.4392220241304425,5.383608753515384,0.7758176440750754
series_1,2024-04-26 04:00:00,2.264435768,5.594423140009777,5.530868318159385,0.8408721167083787
series_1,2024-04-26 05:00:00,2.179790096,3.44537229213367,3.4359657416551803,-0.25442023027736393
series_1,2024-04-26 06:00:00,2.1161418,4.270512056141167,4.07437406509709,1.2793549934679098
series_1,2024-04-26 07:00:00,2.154527628,3.891722518239293,3.891454228533802,0.045696238326299043
series_1,2024-04-26 08:00:00,1.826771712,2.7259550448319763,2.325425393210451,-1.422402069408267
series_1,2024-04-26 09:00:00,1.739501368,4.772091082770656,-1.319023522310119,-4.586178174673528
series_1,2024-04-26 10:00:00,1.808727092,5.134181242094521,-1.1585755279118717,-5.001751670444962
series_1,2024-04-26 11:00:00,1.561023672,4.800930294836111,-0.5436749258606235,-4.7700470931496675
series_1,2024-04-26 12:00:00,1.7057087160000002,4.374877317207273,0.10411754997328436,-4.373638196787917
series_1,2024-04-26 13:00:00,1.557742832,2.825723136621098,0.6079878365709845,-2.759540185505098
series_1,2024-04-26 14:00:00,1.503608972,1.1311957236150694,0.7705100863166489,-0.8282016493640487
series_1,2024-04-26 15:00:00,1.554461992,2.5391034560558112,1.9631164028459,-1.6103478970185103
series_1,2024-04-26 16:00:00,1.601706088,3.9631293814655018,3.1291368482259645,-2.432056142302148
series_1,2024-04-26 17:00:00,1.7221129160000002,3.9381837113580307,3.4365184779749876,-1.9234426674435054
series_1,2024-04-26 18:00:00,1.635170656,3.485753154981379,3.385724227408985,-0.8290636365192185
series_1,2024-04-26 19:00:00,1.795931816,3.9334919695799986,3.9319794771359837,0.10907092248520098
series_1,2024-04-26 20:00:00,1.6348425720000002,4.150513136859839,3.5290562724941954,2.184610062417428
series_1,2024-04-26 21:00:00,1.432414744,5.178983323833993,4.150890620207371,3.0970914302979597
series_1,2024-04-26 22:00:00,1.3070866559999998,5.966375485058811,4.969824486616162,3.3012847500543137
series_1,2024-04-26 23:00:00,1.49114178,5.548920746283023,4.340395268809511,3.4570927611254745
series_1,2024-04-27 00:00:00,1.472112908,5.460061042333518,4.773340594651079,2.6509406167366825
series_1,2024-04-27 01:00:00,1.625000052,4.941774991289376,4.465262755884389,2.1172077331818113
series_1,2024-04-27 02:00:00,1.736220528,4.581256582959896,4.078650454528511,2.0862699606445343
series_1,2024-04-27 03:00:00,1.563648344,5.826429765168345,5.57035665447137,1.708335608253304
series_1,2024-04-27 04:00:00,1.723753336,5.1540286428431505,5.150814878168552,0.1819817081057746
series_1,2024-04-27 05:00:00,1.8126641,5.601601797993964,5.601322714762023,0.05591554685608533
series_1,2024-04-27 06:00:00,1.979002688,6.20937010657127,6.056822552538477,-1.3679099705178694
series_1,2024-04-27 07:00:00,2.01443576,6.535126063759385,5.8341005470038185,-2.9446805389849997
series_1,2024-04-27 08:00:00,2.024934448,5.681252786379692,4.733760930204472,-3.141359686253185
series_1,2024-04-27 09:00:00,1.802493496,5.014577470546474,3.6541801840668398,-3.434087126222267
series_1,2024-04-27 10:00:00,1.579068292,4.034664596633917,1.6116511779657934,-3.6987969514279366
series_1,2024-04-27 11:00:00,1.544291388,3.267624027125895,1.36937452062688,-2.966846845542984
series_1,2024-04-27 12:00:00,1.36811028,4.1540652732599135,3.1665135926386494,-2.688763649363519
series_1,2024-04-27 13:00:00,1.491469864,4.6190287566061405,3.6389393717824596,-2.844915974654779
series_1,2024-04-27 14:00:00,1.38779532,4.4083664084060326,1.8809367278666738,-3.9869501397089127
series_1,2024-04-27 15:00:00,1.36811028,3.48038831229551,-0.0461430297530796,-3.480082416433323
series_1,2024-04-27 16:00:00,1.40419952,1.6376319156130006,-0.997499696267391,-1.2987812159793384
series_1,2024-04-27 17:00:00,1.540682464,1.77431228499878,1.7576140441526318,0.24285171709300757
series_1,2024-04-27 18:00:00,1.79297906,1.8941830789047978,1.8889259783264059,0.14102547575842556
series_1,2024-04-27 19:00:00,1.7972441519999998,2.090230597166844,1.896031450055315,0.8798458329352936
series_1,2024-04-27 20:00:00,1.6683071399999998,3.171339399315252,0.7116289046675464,3.0904656425352623
series_1,2024-04-27 21:00:00,1.548884564,3.3734939304400884,1.8050485002731882,2.8499581067758926
series_1,2024-04-27 22:00:00,1.415354376,3.1967367826237734,2.3630615208544814,2.1529204133076307
series_1,2024-04-27 23:00:00,1.398622092,3.159152917865332,2.625411484357522,1.7571174395186784
series_1,2024-04-28 00:00:00,1.359252012,2.925173679903599,1.8772082166754527,2.24337477226765
series_1,2024-04-28 01:00:00,1.269028912,2.794501206784936,1.5157793388490353,2.3476903523763193
series_1,2024-04-28 02:00:00,1.311351748,2.6793142829898633,-0.2514362145138981,2.667490366817546
series_1,2024-04-28 03:00:00,1.290682456,2.9907261681286026,-0.12719019744272975,2.988020359101269
series_1,2024-04-28 04:00:00,1.45669296,3.0970694013425404,1.2620009926700941,2.828284351198079
series_1,2024-04-28 05:00:00,1.493110284,3.0434009653635474,1.4807388387188494,2.6588911086175244
series_1,2024-04-28 06:00:00,1.615157532,3.1527539727799696,1.0987160380350809,2.9551109421888677
series_1,2024-04-28 07:00:00,1.7939633119999998,3.24826747255501,1.2045671940108686,3.0166636286420294
series_1,2024-04-28 08:00:00,1.821522368,2.320321404981944,-1.3180677841066555,1.9096043409349364
series_1,2024-04-28 09:00:00,2.0688977040000003,3.3863276408813197,-2.377914441832339,2.4109620069014026
series_1,2024-04-28 10:00:00,2.072506628,3.5970177582854452,-2.602018713442948,2.483552972721451
series_1,2024-04-28 11:00:00,2.030183792,5.047307760925102,0.07114935233120773,5.046806257739405
series_1,2024-04-28 12:00:00,2.178805844,4.815499029255783,0.3143292247576658,4.80522923898815
series_1,2024-04-28 13:00:00,2.01115492,4.303015596596359,0.7483621222455898,4.237439953384543
series_1,2024-04-28 14:00:00,2.025590616,3.5888186815318197,-0.3032068082224349,3.5759872986854067
series_1,2024-04-28 15:00:00,2.184383272,3.704901124506274,0.7461206065517696,3.628993852687915
series_1,2024-04-28 16:00:00,2.077755972,4.5464768379627465,2.2841876922405273,3.931022541877448
series_1,2024-04-28 17:00:00,2.549540764,5.10713191998725,-0.8172292290753533,5.041322528394464
series_1,2024-04-28 18:00:00,3.086614272,6.081290330726513,0.7522002800460073,6.034590858151569
series_1,2024-04-28 19:00:00,2.96259852,4.370239759526854,0.773073032945969,4.3013199882688395
series_1,2024-04-28 20:00:00,3.185367556,4.128963409288144,1.7030771356964012,3.7613650587397816
series_1,2024-04-28 21:00:00,2.900918728,4.754749896575455,1.0732076085885713,4.632048359835193
series_1,2024-04-28 22:00:00,3.22834656,4.716409566335844,1.703168868106169,4.398151316648645
series_1,2024-04-28 23:00:00,2.790682504,4.643823322025085,0.7301323172554164,4.58606605332755
series_1,2024-04-29 00:00:00,2.9281497,7.119835690553995,1.4066276743696828,6.979502764967131
series_1,2024-04-29 01:00:00,3.283136588,7.417775539347859,2.153110652375086,7.098415912777748
series_1,2024-04-29 02:00:00,2.976706132,6.006967987474631,1.9019574240344705,5.6979138603268815
series_1,2024-04-29 03:00:00,2.875328176,5.793835856254323,3.1144857186933184,4.885541181616794
series_1,2024-04-29 04:00:00,3.15944892,5.682791059804489,2.1784676905025266,5.24865628049984
series_1,2024-04-29 05:00:00,3.20866152,4.053241738213045,3.1088875537034943,2.6006896713794614
series_1,2024-04-29 06:00:00,3.333989608,4.952312047965448,4.219972439729433,2.5917614142408527
series_1,2024-04-29 07:00:00,3.533136596,4.584090536929593,3.9205686864358587,2.3755056778938783
series_1,2024-04-29 08:00:00,3.313320316,4.056537530993274,3.9742913920099503,0.8127143851025527
series_1,2024-04-29 09:00:00,3.190944984,4.551528433053601,4.201382632129731,-1.7506556072894586
series_1,2024-04-29 10:00:00,2.64599746,6.7552066425136115,4.778159486141229,-4.775144888697997
series_1,2024-04-29 11:00:00,2.535761236,8.347613082261377,4.4118227968092665,-7.086498696866834
series_1,2024-04-29 12:00:00,2.444881968,8.63763236257405,3.6578335526042287,-7.82489274894099
series_1,2024-04-29 13:00:00,2.735564392,8.601500623967302,1.3333749848214367,-8.497524588605927
series_1,2024-04-29 14:00:00,2.866141824,8.523587511209765,1.2730000633286422,-8.42798996795893
series_1,2024-04-29 15:00:00,2.816273056,5.359882512272732,1.8096296177558138,-5.045154228753368
series_1,2024-04-29 16:00:00,2.532152312,4.571416445367746,1.6649026536450773,-4.257457864837216
series_1,2024-04-29 17:00:00,2.918963348,3.6527359424535972,3.650236950630225,-0.13509281826258351
series_1,2024-04-29 18:00:00,3.012467288,3.499930670027192,3.483380629219757,-0.33996189047238246
series_1,2024-04-29 19:00:00,3.117782252,3.6595439662479485,2.2289732403924027,-2.9024025107686837
series_1,2024-04-29 20:00:00,2.88877962,2.4368713100838764,1.9920580111581043,-1.4035835073449412
series_1,2024-04-29 21:00:00,2.88221794,2.365782131821835,1.6999341851810668,-1.6453415637186857
series_1,2024-04-29 22:00:00,2.532152312,2.3790812931435976,0.7861904929471477,-2.245424750060739
series_1,2024-04-29 23:00:00,2.404527636,2.1374715469575722,-1.0855047921262049,-1.8413212539707027
series_1,2024-04-30 00:00:00,1.991797964,2.9636948786642754,-1.8516683358070356,-2.314046608863023
series_1,2024-04-30 01:00:00,1.928149668,3.524852121561902,-2.5657627159741105,-2.416907975947077
series_1,2024-04-30 02:00:00,1.8700788,4.8229893822705,-3.7157044041723584,-3.074860543554474
series_1,2024-04-30 03:00:00,1.949475128,3.991502005369952,-2.7567570538824517,-2.886586012011714
series_1,2024-04-30 04:00:00,2.117454136,4.819167010681244,0.3157455481898723,-4.808812267664092
series_1,2024-04-30 05:00:00,2.149606368,6.278216261861008,-0.5831883023548159,-6.251071174982134
series_1,2024-04-30 06:00:00,2.383202176,7.980371206257504,-1.5706319342546797,-7.824285265553861
series_1,2024-04-30 07:00:00,3.271981732,5.964904676754314,-0.4804780633650229,-5.9455217292841915
series_1,2024-04-30 08:00:00,3.395341316,5.064171468153384,1.7015079189669877,-4.769769749217611
series_1,2024-04-30 09:00:00,3.206364932,5.704354443027155,1.2051713840012777,-5.575591587165266
series_1,2024-04-30 10:00:00,3.281168084,7.8271284705967075,-0.29629852245850524,-7.821518220960331
series_1,2024-04-30 11:00:00,2.817585392,8.165683815135889,-1.7447445616182409,-7.977108409911188
series_1,2024-04-30 12:00:00,2.851378044,9.285033201497978,-2.3238500112891574,-8.98952516420924
series_1,2024-04-30 13:00:00,3.50065628,8.680672212608254,-1.7086308680229,-8.510854870081406
series_1,2024-04-30 14:00:00,3.088582776,6.282643404743023,-0.738302625110751,-6.239111906747272
series_1,2024-04-30 15:00:00,3.119750756,5.629719118775266,0.7845365183637494,-5.574786077299957
series_1,2024-04-30 16:00:00,2.86581374,4.834683316718217,3.202939287188445,-3.621511106642949
series_1,2024-04-30 17:00:00,2.88057752,3.491348815766598,2.6111910580972046,-2.3175844777414323
series_1,2024-04-30 18:00:00,2.843504028,2.814155197335113,2.70852270131778,-0.7637894023449561
series_1,2024-04-30 19:00:00,2.970472536,6.349451036936188,6.246508216329543,1.1387113654379437
series_1,2024-04-30 20:00:00,2.696194312,6.130091725637464,5.986949590098069,1.316988675104483
series_1,2024-04-30 21:00:00,2.4589895800000003,4.966622668444726,4.679377544034842,1.6645619637284357
series_1,2024-04-30 22:00:00,2.27854338,4.333055871821874,4.302685236099425,0.5121259096961004
series_1,2024-04-30 23:00:00,2.058399016,3.2092783297948637,2.841821056593296,1.4911473704479628
series_1,2024-05-01 00:00:00,1.8946851,2.349626975475674,1.4954779431720737,1.8122617485807029
series_1,2024-05-01 01:00:00,1.762139164,3.204317450696087,3.020601316806632,1.0694007713394966
series_1,2024-05-01 02:00:00,1.567257268,3.062674798272074,3.0269064473197997,-0.46670577363550786
series_1,2024-05-01 03:00:00,1.552821572,3.1423975203422847,3.094697875291894,-0.5454422393958636
series_1,2024-05-01 04:00:00,1.551181152,1.7729403390030731,1.7726095605511154,-0.0342460436709604
series_1,2024-05-01 05:00:00,1.575131284,1.4905022682123175,1.4653447742310781,-0.2726934252594546
series_1,2024-05-01 06:00:00,1.709973808,4.85385867323397,0.4264964982179996,-4.835084772445713
series_1,2024-05-01 07:00:00,1.688648348,4.752741379256922,0.29119725112949507,-4.743812262203851
series_1,2024-05-01 08:00:00,1.697178532,3.982555252063309,-0.5052370582502709,-3.950377431424453
series_1,2024-05-01 09:00:00,1.574147032,2.7740671529098795,-0.2654414039826392,-2.761338340353324
series_1,2024-05-01 10:00:00,1.262139148,1.0476276925724128,-0.28998841849144086,-1.0066928525550536
series_1,2024-05-01 11:00:00,1.230643084,1.6184013778772133,-1.612280852057379,0.14061818518240954
series_1,2024-05-01 12:00:00,1.217847808,3.010263091030119,-2.817249796313221,1.0605599758577169
series_1,2024-05-01 13:00:00,1.034120768,3.738132052142087,-2.650324636200512,2.63617346963371
series_1,2024-05-01 14:00:00,0.934711316,2.9429296023205045,-1.2714131094622485,2.654118186762198
series_1,2024-05-01 15:00:00,1.12204728,1.9253201711519374,-0.33201668003201235,1.8964763867828796
series_1,2024-05-01 16:00:00,1.076771688,1.1512056311835976,0.9830807282808045,0.59902144114523
series_1,2024-05-01 17:00:00,1.081364864,2.5242229075639915,2.398809585146414,-0.7857568716088335
series_1,2024-05-01 18:00:00,1.251312376,2.592414294410273,2.3850025749449153,-1.0160583602179734
series_1,2024-05-01 19:00:00,1.239501352,2.110084590430331,1.9033753898389132,-0.9108342901577118
series_1,2024-05-01 20:00:00,1.363517104,3.3733896476717478,3.047525663173595,-1.4464940536750437
series_1,2024-05-01 21:00:00,1.190288752,4.545948410759637,4.3872691160814705,-1.1905950849746443
series_1,2024-05-01 22:00:00,1.1266404559999998,4.216487164448382,4.204177341114455,-0.3219579047293961
series_1,2024-05-01 23:00:00,1.055446228,3.9783289378085813,3.875164338762773,-0.9001124846298014
series_1,2024-05-02 00:00:00,1.062007908,3.3959138107535267,3.340566153046301,-0.610613123989304
series_1,2024-05-02 01:00:00,1.008202132,3.07674960707299,3.0687196812852657,-0.22214333732132563
series_1,2024-05-02 02:00:00,0.986548588,3.0518235416259967,2.935240140227687,0.835459303867513
series_1,2024-05-02 03:00:00,1.026246752,3.686746179967424,2.9906556106969644,2.1559397982576325
series_1,2024-05-02 04:00:00,0.997047276,6.308386483708976,4.661000330675559,4.250978233922684
series_1,2024-05-02 05:00:00,1.081364864,6.356463854313311,4.994913752033355,3.931344469890639
series_1,2024-05-02 06:00:00,1.206692952,4.61549748579848,4.471130773394855,1.145341280411048
series_1,2024-05-02 07:00:00,1.254265132,3.2401039408779204,3.0735933725533022,1.0253279123719627
series_1,2024-05-02 08:00:00,1.43044624,4.395112666826541,2.9881500047598935,3.223038147951798
series_1,2024-05-02 09:00:00,1.480315008,5.477336800282764,4.550773551627295,3.0482254682915624
series_1,2024-05-02 10:00:00,1.5764436199999998,4.85578674986979,3.635153809177003,3.2193666681254163
series_1,2024-05-02 11:00:00,1.3100394119999998,3.0087167239626904,0.6424177077276002,2.9393325456386865
series_1,2024-05-02 12:00:00,1.396981672,2.3390882788001517,-0.12489164831834998,2.3357517103066803
series_1,2024-05-02 13:00:00,1.41732288,2.7650185433430723,-1.85781800119097,2.0478866715426016
series_1,2024-05-02 14:00:00,1.513451492,4.255321924379877,-2.7636128017986517,3.235770226985016
series_1,2024-05-02 15:00:00,1.342191644,4.825907400638392,4.1370790396151245,2.484745310794166
series_1,2024-05-02 16:00:00,1.581036796,6.3106254720429344,-3.6389139800079753,5.155802449134337
series_1,2024-05-02 17:00:00,1.557414748,8.132876272809105,-2.072433433749283,7.864394199905005
series_1,2024-05-02 18:00:00,2.0065617440000003,5.8500368208924325,-2.560480506030437,5.259930644413037
series_1,2024-05-02 19:00:00,1.99146988,3.5342582918226118,-0.8598501688531393,3.4280664171570705
series_1,2024-05-02 20:00:00,2.108923952,3.260251836642119,-0.7292567839550734,3.1776448167445985
series_1,2024-05-02 21:00:00,2.144357024,3.3190105488049424,-1.5876314577782593,2.9146624808631554
series_1,2024-05-02 22:00:00,1.995406888,1.5199964293608068,-1.4881884034303288,0.3093289853296835
series_1,2024-05-02 23:00:00,2.060039436,1.0568903692323728,-1.0545825561398412,-0.06980605175555991
series_1,2024-05-03 00:00:00,1.87992132,2.3101244655318434,0.5545109508422079,-2.2425861525579918
series_1,2024-05-03 01:00:00,1.72900268,1.8606604955163006,-0.6056357191632481,-1.759335913135573
series_1,2024-05-03 02:00:00,1.661417376,5.788226799022355,-2.5350005731048775,-5.203589296944804
series_1,2024-05-03 03:00:00,1.472769076,5.528497321851009,-1.9831255818241131,-5.160571244002795
series_1,2024-05-03 04:00:00,1.569553856,3.2706217058534706,0.46320894265982226,-3.237654060927423
series_1,2024-05-03 05:00:00,1.44521002,4.69151437864637,-2.418928175124703,-4.01983751520301
series_1,2024-05-03 06:00:00,1.510498736,6.029255157931633,-2.3319059305942673,-5.560047885612541
series_1,2024-05-03 07:00:00,1.988845208,8.13461111655476,-4.076680920422394,-7.039358684613273
series_1,2024-05-03 08:00:00,2.78379274,9.525542645887699,-4.7038021197755935,-8.283127930716745
series_1,2024-05-03 09:00:00,3.678805892,9.824462193965942,-3.7854926294869573,-9.065875741083484
series_1,2024-05-03 10:00:00,3.938976504,10.009741285776162,-3.0005028815003776,-9.549445170599167
series_1,2024-05-03 11:00:00,4.147637928,10.632361838595775,-2.772617698334036,-10.264487779023005
series_1,2024-05-03 12:00:00,4.474737675999999,10.035086713907818,-3.85412724143709,-9.26545565865283
series_1,2024-05-03 13:00:00,4.172900396,8.67972035430169,-2.1986212078907075,-8.396642794182224
series_1,2024-05-03 14:00:00,3.773622168,8.311416172178909,-0.8062385288006444,-8.272219667165183
series_1,2024-05-03 15:00:00,3.829068364,7.388434077709739,-3.2309063152475535,-6.644561874401957
series_1,2024-05-03 16:00:00,3.313320316,7.3713082553337905,-3.3227864562870613,-6.579914555757344
series_1,2024-05-03 17:00:00,3.164698264,5.201010668731612,-1.7568539453690766,-4.895301440248717
series_1,2024-05-03 18:00:00,2.901246812,4.26957285455234,-1.4143080680817013,-4.0285214469938255
series_1,2024-05-03 19:00:00,2.8530184640000003,4.4935995987577115,-0.6326936036464591,-4.448835370955001
series_1,2024-05-03 20:00:00,2.712598512,4.194974770603538,-1.4533113464264038,-3.935187347045688
series_1,2024-05-03 21:00:00,2.941601144,3.0596206223980507,-0.7682744850134845,-2.9615929275781134
series_1,2024-05-03 22:00:00,2.739173316,2.909514166886834,0.18947861587697,-2.9033378276460584
series_1,2024-05-03 23:00:00,2.833661508,3.5658325765918666,-0.9079367321281799,-3.448305794841315
series_1,2024-05-04 00:00:00,2.58038066,5.30475404892492,-3.615278481308949,-3.882032589014393
series_1,2024-05-04 01:00:00,2.251640492,6.807071756578825,-5.980339950050409,-3.251424300371178
series_1,2024-05-04 02:00:00,2.43930454,7.047643010415188,-6.288225123386622,-3.18237282540298
series_1,2024-05-04 03:00:00,2.60662738,7.813830586552842,-6.523514546268715,-4.301128503075585
series_1,2024-05-04 04:00:00,3.118110336,9.028011437195943,-6.701694751833903,-6.049155144595208
series_1,2024-05-04 05:00:00,3.6253282,9.815002637347588,-7.397801999578428,-6.45033350658503
series_1,2024-05-04 06:00:00,4.417322976,10.313850147775705,-7.684079139307256,-6.879711669222483
series_1,2024-05-04 07:00:00,4.890748188,10.434769981354735,-7.215425463314505,-7.538040856027154
series_1,2024-05-04 08:00:00,4.30118124,8.95585489152703,-6.925818720445078,-5.6780605746699395
series_1,2024-05-04 09:00:00,4.16010512,9.182041060009851,-7.893077428941919,-4.69139709771348
series_1,2024-05-04 10:00:00,5.453084164,8.49206155750717,-6.846438687126474,-5.0240806920180985
series_1,2024-05-04 11:00:00,5.1053151240000005,7.627510236448867,-5.973713897177424,-4.742747587823072
series_1,2024-05-04 12:00:00,4.887139264,7.837359054005023,-6.677397499308816,-4.103237694506484
series_1,2024-05-04 13:00:00,4.556102508,8.037048835086615,-6.790888647620847,-4.2986027210224265
series_1,2024-05-04 14:00:00,4.130249476,7.3911293496754356,-5.65999001344718,-4.753241642428019
series_1,2024-05-04 15:00:00,3.883202224,7.289291049689385,-5.994189223491195,-4.147705336696882
series_1,2024-05-04 16:00:00,3.845472564,7.069497919105318,-6.751729270276489,-2.0956986160052034
series_1,2024-05-04 17:00:00,3.471456804,6.239364109527326,-6.011081306348973,-1.6722936403992135
series_1,2024-05-04 18:00:00,3.158136584,4.5913705433590595,-4.420282239190422,-1.241687719325181
series_1,2024-05-04 19:00:00,2.856955472,3.8930999784879248,-3.629793260000767,-1.4074190321846876
series_1,2024-05-04 20:00:00,2.55577436,3.572701604199921,-3.4071757868882515,-1.0748720434987196
series_1,2024-05-04 21:00:00,2.400590628,3.077282132412053,-3.0546281144120035,-0.37270954523092037
series_1,2024-05-04 22:00:00,2.017388516,1.4379733329358868,-1.0650270042905294,-0.966170164291303
series_1,2024-05-04 23:00:00,2.026246784,1.0971612095614502,-0.8583833010376187,-0.68333068734406
series_1,2024-05-05 00:00:00,1.899278276,0.1352256352146848,0.12853208984915432,0.04201754750367903
series_1,2024-05-05 01:00:00,2.027231036,0.25712223083396135,0.15330333101266835,0.2064217292085626
series_1,2024-05-05 02:00:00,2.281168052,1.3931875346175582,0.5744319079694873,-1.2692515470623955
series_1,2024-05-05 03:00:00,2.30643052,2.351887604669474,1.4909274317141765,-1.818931196708684
series_1,2024-05-05 04:00:00,2.347769104,2.2451059709579804,1.609645652127774,-1.5651011773739514
series_1,2024-05-05 05:00:00,2.058399016,3.0592042850071497,1.889681598664685,-2.4057918266288514
series_1,2024-05-05 06:00:00,1.885170664,2.2348856252692557,1.3285702462956979,-1.7971129231890082
series_1,2024-05-05 07:00:00,1.885170664,1.130451857149673,-1.1293136386073406,-0.050715944126017265
series_1,2024-05-05 08:00:00,1.912401636,1.153789726096991,-1.1522143362045334,0.06027317389781295
series_1,2024-05-05 09:00:00,2.039698228,1.513943261146344,-1.0225162413620807,1.1164608072481497
series_1,2024-05-05 10:00:00,2.003937072,1.5773705654640306,-1.0222340659958427,1.2013057125935611
series_1,2024-05-05 11:00:00,2.066273032,2.1484438636456353,-1.4491603746043666,1.5861100982949188
series_1,2024-05-05 12:00:00,2.214567,4.425818238305143,-2.4530754368023153,3.683787178960203
series_1,2024-05-05 13:00:00,2.247703484,6.014875335914119,-2.6429317946834225,5.403113624128169
series_1,2024-05-05 14:00:00,2.195538128,6.511348340528662,-3.8065785356497677,5.2827660428638925
series_1,2024-05-05 15:00:00,2.479986956,7.3641155966876655,-4.456104501663185,5.862877381596483
series_1,2024-05-05 16:00:00,2.458005328,7.502552342935685,-3.4241654936217625,6.675581048176988
series_1,2024-05-05 17:00:00,2.528215304,7.645904791357107,-2.1573755121005496,7.3352294427840805
series_1,2024-05-05 18:00:00,2.891076208,8.11894469129157,-3.083696179186851,7.5105313243950995
series_1,2024-05-05 19:00:00,2.817257308,8.311453867065843,-2.3115757058047657,7.983538259487266
series_1,2024-05-05 20:00:00,2.81496072,9.042118036911976,-3.1745264444717987,8.466538870565595
series_1,2024-05-05 21:00:00,3.110564404,8.483696637338207,-2.685841182076165,8.047320409866089
series_1,2024-05-05 22:00:00,3.056758628,8.610180358425941,-2.4416468530987787,8.256728556115714
series_1,2024-05-05 23:00:00,3.20374026,8.590300755170446,-1.480334209410355,8.461789272531629
series_1,2024-05-06 00:00:00,3.349409556,7.591975688065598,-0.2459545283291238,7.587990591597587
series_1,2024-05-06 01:00:00,3.501640532,7.629146902534549,-1.359372785332865,7.50706254742485
series_1,2024-05-06 02:00:00,3.388451552,7.567763757221901,-0.7962009032558894,7.525763244135166
series_1,2024-05-06 03:00:00,3.565616912,7.529604842627663,-0.641562969237622,7.502222740136749
series_1,2024-05-06 04:00:00,3.4878610039999995,6.873336305170614,1.0225524025376798,6.7968476919849286
series_1,2024-05-06 05:00:00,3.5419948639999994,6.646639737803943,1.2967374328210437,6.518917995685722
series_1,2024-05-06 06:00:00,3.321194332,6.461802755878513,0.7803232775586961,6.414514045380149
series_1,2024-05-06 07:00:00,3.437336068,7.002443684060472,1.5487068530884762,6.8290354100440265
series_1,2024-05-06 08:00:00,3.170603776,7.3416014398091045,1.5736082152308728,7.170974054196893
series_1,2024-05-06 09:00:00,3.138779628,6.941683593227147,1.2536100004146924,6.827549565937931
series_1,2024-05-06 10:00:00,3.256561784,6.898120325950863,1.209891521411088,6.791187417360384
series_1,2024-05-06 11:00:00,3.303149712,6.118865200996464,2.447758547865175,5.607939856963381
series_1,2024-05-06 12:00:00,3.4232284560000004,6.497952282470453,1.693926370946075,6.273276441786734
series_1,2024-05-06 13:00:00,3.561023736,5.408628612445443,2.390087028489964,4.851880817127264
series_1,2024-05-06 14:00:00,3.63188988,5.101223038960961,2.518076393064895,4.436413841371811
series_1,2024-05-06 15:00:00,3.533792764,3.7895766371466455,1.9286195857460953,3.262103245190783
series_1,2024-05-06 16:00:00,3.439632656,4.775844756961702,4.1491951939459275,2.3649254502276795
series_1,2024-05-06 17:00:00,3.088254692,4.212520976814278,4.024827757738976,1.2434204842426257
series_1,2024-05-06 18:00:00,2.984580148,3.287365752792149,1.9099436523372644,2.675609993539283
series_1,2024-05-06 19:00:00,2.753937096,3.646704680071132,2.421978654808791,2.7262564845045847
series_1,2024-05-06 20:00:00,2.633202184,3.90463983919626,2.499516302035309,2.9997717462664273
series_1,2024-05-06 21:00:00,2.844160196,3.5556208569829337,3.454349370119269,0.8425616344034782
series_1,2024-05-06 22:00:00,3.084973852,3.853296034148258,3.606493725174002,1.3568689461636452
series_1,2024-05-06 23:00:00,3.062992224,4.329230598691529,2.959730613925738,3.1594670863355723
series_1,2024-05-07 00:00:00,3.259186456,5.52362184758846,3.263431378186444,4.456502435209105
series_1,2024-05-07 01:00:00,3.381233704,4.570676112982378,2.85534921655041,3.569042025716797
series_1,2024-05-07 02:00:00,3.421588036,4.105942783436619,2.607402295364067,3.1717848935552753
series_1,2024-05-07 03:00:00,3.461614284,2.6726217908441243,0.7871417767568172,2.554078123350767
series_1,2024-05-07 04:00:00,3.4763780640000004,3.6377666353428637,2.9021973087120285,2.193307291402278
series_1,2024-05-07 05:00:00,3.049212696,3.3784837771895138,3.2171766634246244,1.031468346120581
series_1,2024-05-07 06:00:00,2.999672012,4.682853517466553,3.5837804782947265,-3.0142386351187405
series_1,2024-05-07 07:00:00,2.533464648,4.21204180614369,3.216595354859301,-2.719340085351547
series_1,2024-05-07 08:00:00,2.44094496,5.045276664341949,3.0978677861826265,-3.9822144340913357
series_1,2024-05-07 09:00:00,2.61975074,5.111714767938592,1.4314385971565595,-4.9071999563225415
series_1,2024-05-07 10:00:00,2.310695612,2.767633521122331,1.0600557264092414,-2.5565752803598345
series_1,2024-05-07 11:00:00,2.738517148,2.4742340627180637,1.0373448448165896,-2.2462746648722147
series_1,2024-05-07 12:00:00,2.875328176,2.056892298228288,1.8733185753412098,-0.8494018140976785
series_1,2024-05-07 13:00:00,3.012467288,2.8522925987944214,2.691085265043399,-0.9453217258710043
series_1,2024-05-07 14:00:00,3.008202196,3.3191107935846174,3.0354861365811883,-1.3425052605905572
series_1,2024-05-07 15:00:00,3.264107716,2.8322615088757894,2.3876668210315533,-1.5234015906531153
series_1,2024-05-07 16:00:00,3.069553904,2.690097164784405,2.3643452540317234,-1.2831579309339747
series_1,2024-05-07 17:00:00,2.880905604,2.529544462941859,2.4835040401000312,0.4804194758819005
series_1,2024-05-07 18:00:00,2.567585384,3.007203387179937,2.206805608472761,2.0428610374373615
series_1,2024-05-07 19:00:00,2.39337278,3.313655059317847,2.3457494302757107,2.3404635144569
series_1,2024-05-07 20:00:00,2.425853096,3.611507095141195,1.826972158004548,3.1153099736834213
series_1,2024-05-07 21:00:00,1.999343896,3.658088798589815,2.3266978454695866,2.8227806847602346
series_1,2024-05-07 22:00:00,2.077755972,3.5656214173513803,2.4029854607656937,2.634258333425853
series_1,2024-05-07 23:00:00,2.200131304,4.326751748347347,2.729209028675423,3.3574095326044726
series_1,2024-05-08 00:00:00,2.468504016,3.212146326818513,1.8963621858504718,2.5926230896468705
series_1,2024-05-08 01:00:00,2.5344489,2.7274035501056106,1.867440606029783,1.9878117888974811
series_1,2024-05-08 02:00:00,3.089238944,2.23865327673635,2.2278434377073606,0.21973190598237347
series_1,2024-05-08 03:00:00,3.134514536,2.3325343686999616,2.2097111083493406,0.7469226190202423
series_1,2024-05-08 04:00:00,2.38845152,1.8795964598714474,1.870483073466528,-0.18486731413770358
series_1,2024-05-08 05:00:00,2.558399032,1.6583668915860925,1.1012534144138661,1.2399280883788062
series_1,2024-05-08 06:00:00,2.098425264,3.0125420548717163,1.2035269626045,2.761690149646533
series_1,2024-05-08 07:00:00,2.169291408,3.43666819562235,1.676800905264461,2.999837830767934
series_1,2024-05-08 08:00:00,2.13582684,3.0103303374556254,0.9191214337471002,2.8665841223714987
series_1,2024-05-08 09:00:00,2.282808472,6.268456142151264,-6.046628786386375,-1.6528226540429387
series_1,2024-05-08 10:00:00,2.374343908,5.37908121662993,-5.169981775609248,-1.485194658948508
series_1,2024-05-08 11:00:00,2.730315048,5.861248640047555,-5.611443142487426,-1.692909176267339
series_1,2024-05-08 12:00:00,3.002624768,6.632818363378375,-6.571448719000356,-0.9001895217774727
series_1,2024-05-08 13:00:00,3.5433072,7.777957191231215,-7.491887091610913,-2.090034898076857
series_1,2024-05-08 14:00:00,3.498359692,7.536782860277839,-7.350255537421839,-1.6663851348284997
series_1,2024-05-08 15:00:00,3.447178588,7.494621821478396,-7.464424750069086,-0.6721007346642338
series_1,2024-05-08 16:00:00,3.237860996,7.521522064735422,-7.484239966759646,0.7479614229753995
series_1,2024-05-08 17:00:00,3.17093186,6.413994621369501,-3.8026000544400307,5.16522601915246
series_1,2024-05-08 18:00:00,3.118766504,7.321950291333501,-1.7862496331455155,7.1007230840842
series_1,2024-05-08 19:00:00,3.41863528,9.174306907415975,-3.165533589456326,8.610882900462892
series_1,2024-05-08 20:00:00,3.851049992,10.02667337779026,-4.522902963237033,8.9486047968401
series_1,2024-05-08 21:00:00,4.303477828,9.062123413802494,-4.815497408138964,7.676787445226962
series_1,2024-05-08 22:00:00,3.93208674,11.35690265987594,-5.952920813021536,9.671709870534384
series_1,2024-05-08 23:00:00,4.2772311080000005,10.728665035167872,-1.8746671442244485,10.56361096099241
series_1,2024-05-09 00:00:00,4.478018516,9.830509378611664,-0.44242434431919575,9.820548627369329
series_1,2024-05-09 01:00:00,4.529855788,8.512873143165834,1.2504966099945978,8.420526550045796
series_1,2024-05-09 02:00:00,4.7736222,7.468728640863574,2.203978761841416,7.136132364818343
series_1,2024-05-09 03:00:00,4.431430588,6.7437020994872,5.15253148246726,4.350739859933228
series_1,2024-05-09 04:00:00,3.997375456,5.568400563975175,4.100089550818857,3.7678044689374555
series_1,2024-05-09 05:00:00,3.922572304,5.76613338292931,5.489734805699631,-1.763832745138226
series_1,2024-05-09 06:00:00,3.6827429,6.572903114440044,5.888572950751815,-2.920233544682632
series_1,2024-05-09 07:00:00,3.250328188,4.4615411561953815,2.7856102071797397,-3.485071772873734
series_1,2024-05-09 08:00:00,3.110892488,6.391273257913035,4.511636917058045,-4.526975390473564
series_1,2024-05-09 09:00:00,3.025590648,5.969373728900959,3.912597643468777,-4.508325897227874
series_1,2024-05-09 10:00:00,3.261811128,5.665434857799224,1.8614661241376182,-5.350896746962567
series_1,2024-05-09 11:00:00,2.986220568,5.296852247014157,0.6542416393377076,-5.256292572151557
series_1,2024-05-09 12:00:00,2.989173324,7.265330175188863,-0.11720279719452886,-7.264384768088734
series_1,2024-05-09 13:00:00,3.2696851440000003,7.320493346599493,-1.5388281161089126,-7.156928871148583
series_1,2024-05-09 14:00:00,3.4235565400000003,8.174374273838396,-2.0765668049145414,-7.906216862287425
series_1,2024-05-09 15:00:00,3.909777028,10.190631177950635,-3.032744014744117,-9.728896522527787
series_1,2024-05-09 16:00:00,4.56528886,9.149995705716881,-2.791263914657075,-8.713854897424596
series_1,2024-05-09 17:00:00,4.785433223999999,8.998958146044297,-0.07354440379493266,-8.99865761849663
series_1,2024-05-09 18:00:00,4.545931904,8.395466513503607,-0.5157100280726454,-8.379612231261403
series_1,2024-05-09 19:00:00,4.18963268,7.647391614381583,-1.0909441109037863,-7.569176933497994
series_1,2024-05-09 20:00:00,4.065288844,8.26425734207093,-1.2693636017046415,-8.166190388586388
series_1,2024-05-09 21:00:00,3.992454196,8.369319151558624,-2.7791491469736758,-7.894417842977495
series_1,2024-05-09 22:00:00,4.779199628000001,10.097948689050684,-5.872890460820685,-8.214482659419389
series_1,2024-05-09 23:00:00,4.928477848,8.356638171275304,-3.9931520973455186,-7.340854027501195
series_1,2024-05-10 00:00:00,4.893044776,8.540812237762497,-4.3809493041866965,-7.331627164201663
series_1,2024-05-10 01:00:00,5.509186528,6.844793833266461,-3.365490819429445,-5.960257894106487
series_1,2024-05-10 02:00:00,5.064960792,6.907204875096108,-2.4322020767960426,-6.464818036432305
series_1,2024-05-10 03:00:00,4.904199632,6.873371587136173,-2.737020053622697,-6.304915399981037
series_1,2024-05-10 04:00:00,4.731955532,7.245846233050342,-3.0364248355079306,-6.578936984902687
series_1,2024-05-10 05:00:00,4.5521655,6.4878413852327474,-1.5171552653020781,-6.30795733505744
series_1,2024-05-10 06:00:00,3.886483064,6.572588958263489,-1.5988405718238723,-6.3751576012030515
series_1,2024-05-10 07:00:00,3.8221786,7.48079717019148,-3.0169040806403356,-6.845481434476362
series_1,2024-05-10 08:00:00,3.296259948,7.734218899539271,-3.3068191526154185,-6.991644232788614
series_1,2024-05-10 09:00:00,3.4120736000000003,8.28101801290528,-4.946360332815812,-6.64144402882445
series_1,2024-05-10 10:00:00,3.767716656,7.988159596667559,-4.7695085790981215,-6.408001377632611
series_1,2024-05-10 11:00:00,3.941601176,8.588101279831298,-6.0916851608576295,-6.053664633395784
series_1,2024-05-10 12:00:00,4.00426522,6.8362652965349815,-4.133579054827074,-5.4450020571257305
series_1,2024-05-10 13:00:00,4.357611688,6.634812736583307,-4.053164535019456,-5.252865627596864
series_1,2024-05-10 14:00:00,4.140091996,6.418086916041094,-4.048431585460333,-4.980164792424546
series_1,2024-05-10 15:00:00,4.314960768,7.129056659235001,-3.086902092840626,-6.4260784557768265
series_1,2024-05-10 16:00:00,4.181102496,8.035547653133621,-3.03582821509245,-7.440011635355811
series_1,2024-05-10 17:00:00,4.206693048,8.851834974854748,-6.519178330164574,-5.987929218149994
series_1,2024-05-10 18:00:00,3.949475192,9.448243124969762,-6.951898009400535,-6.398469521333306
series_1,2024-05-10 19:00:00,4.10761168,8.571633176565022,-7.183429460367758,-4.676669381248876
series_1,2024-05-10 20:00:00,4.055446324,7.427305474547886,-6.125793173565818,-4.199943405207196
series_1,2024-05-10 21:00:00,3.673556548,6.783211966963564,-4.894395669135151,-4.6964726787993545
series_1,2024-05-10 22:00:00,3.0839896,5.861334133404777,-4.5865326614470225,-3.6495144839958673
series_1,2024-05-10 23:00:00,3.027231068,4.542097848666619,-3.361759651459911,-3.0543779911265183
series_1,2024-05-11 00:00:00,2.749015836,5.381382522325086,-2.163528139235211,-4.927314059639727
series_1,2024-05-11 01:00:00,2.669619508,4.441071738226336,-3.1538866288830416,-3.1266783199148347
series_1,2024-05-11 02:00:00,2.718832108,4.256266561748276,-3.755069928120918,-2.003810090696834
series_1,2024-05-11 03:00:00,3.01181112,3.940725367498863,-3.28502736546274,-2.1766744428623173
series_1,2024-05-11 04:00:00,3.030183824,4.259895171372611,-1.2812419226968346,4.062650121116487
series_1,2024-05-11 05:00:00,2.893044712,5.526806544639714,-1.47505325260927,5.326331616022344
series_1,2024-05-11 06:00:00,2.653215308,3.6672444301869014,0.5304305650662053,3.6286809072141346
series_1,2024-05-11 07:00:00,2.291338656,1.8215632331433043,1.7521310842195479,-0.4981257632878664
series_1,2024-05-11 08:00:00,2.4593176640000003,3.451209391007739,-2.773469497186062,-2.0539506344502296
series_1,2024-05-11 09:00:00,2.013779592,3.449462607808347,-2.525164736450462,-2.349964964942037
series_1,2024-05-11 10:00:00,2.027231036,4.331727320549953,-2.805094582602528,-3.30080383577286
series_1,2024-05-11 11:00:00,2.058070932,5.260915633630028,-3.771134697834056,-3.6682116071683883
series_1,2024-05-11 12:00:00,1.956692976,5.400813661720964,-3.823184167329213,-3.814715065547496
series_1,2024-05-11 13:00:00,1.813648352,6.371493805266794,-3.000849571229493,-5.6205724940974555
series_1,2024-05-11 14:00:00,2.032152296,6.209888391714006,-3.1202843089589645,-5.369035264254542
series_1,2024-05-11 15:00:00,2.295275664,5.788114410461437,-4.775404018888265,-3.270746839022725
series_1,2024-05-11 16:00:00,2.360892464,5.11671026566602,-4.197717140062621,-2.925729781575278
series_1,2024-05-11 17:00:00,2.422572256,5.050545559035421,-3.008019320368689,-4.0570716301516185
series_1,2024-05-11 18:00:00,2.348425272,4.779206172313963,-3.6038419049326267,-3.1389703983528507
series_1,2024-05-11 19:00:00,2.44586622,5.679574927399376,-5.0214168678501006,-2.6538545542689604
series_1,2024-05-11 20:00:00,2.424868844,4.986414891292347,-4.398216392653902,-2.3494735647571288
series_1,2024-05-11 21:00:00,2.479986956,2.672174917374239,-2.306115663606205,-1.3499441970370978
series_1,2024-05-11 22:00:00,2.525918716,1.4056466679149442,-0.3841415095619162,-1.352138253157523
series_1,2024-05-11 23:00:00,2.912729752,2.2401400851312085,1.7001249898527466,-1.4586989476550178
series_1,2024-05-12 00:00:00,3.120735008,4.866741644646307,2.8418772124410796,-3.950811074341921
series_1,2024-05-12 01:00:00,2.948162824,5.052069029338174,1.8747966103611762,-4.691325947637427
series_1,2024-05-12 02:00:00,3.200787504,4.714609083725257,0.13911827369616592,-4.712556091790156
series_1,2024-05-12 03:00:00,3.643700904,3.7578354333464623,0.1191566731571827,-3.755945797180293
series_1,2024-05-12 04:00:00,3.895013248,3.207042793440507,-0.9069948701874984,-3.0761150473303585
series_1,2024-05-12 05:00:00,4.467191744,3.0565349893264737,-0.4059433628000797,-3.029458058329171
series_1,2024-05-12 06:00:00,5.260498856,2.0627247770275376,0.5603537094283976,-1.9851542071318138
series_1,2024-05-12 07:00:00,5.053477852,3.1403984245418926,0.49015773272690666,-3.101910324608566
series_1,2024-05-12 08:00:00,5.10006578,3.295551963253508,-0.024671314259268884,-3.2954596141899195
series_1,2024-05-12 09:00:00,4.530183872,3.3715540260886665,-0.7753222289168287,-3.2811967317096573
series_1,2024-05-12 10:00:00,4.11581378,4.949563078330714,-1.9961796222564812,-4.529176700247252
series_1,2024-05-12 11:00:00,3.650590668,4.709836172989635,-2.9608658570363926,-3.6627626394618864
series_1,2024-05-12 12:00:00,3.7319555,3.9579252765123085,-1.123182260621034,-3.79521199722509
series_1,2024-05-12 13:00:00,3.511811136,2.9732759452225963,-1.4727890164127169,-2.5828786962560564
series_1,2024-05-12 14:00:00,3.253609028,3.917211553722516,-0.4588048807165379,-3.8902499197413847
series_1,2024-05-12 15:00:00,3.334645776,4.297120479329199,-0.24396149078566265,-4.290189646727058
series_1,2024-05-12 16:00:00,3.841207472,3.8157964662014234,0.5447041086809382,-3.7767181660088665
series_1,2024-05-12 17:00:00,4.247703548,3.0958059761719574,2.22422082139566,-2.1533361046924426
series_1,2024-05-12 18:00:00,4.121719292,2.940278013395551,1.9868539730467405,-2.1674053810594986
series_1,2024-05-12 19:00:00,4.527887284,3.080835482761224,0.1332270357612716,-3.0779535130964617
series_1,2024-05-12 20:00:00,4.94094504,2.135620999648714,-0.0713227185971877,-2.1344296952470647
series_1,2024-05-12 21:00:00,4.34383216,3.3114542682175907,3.2660239927682397,-0.546641243558061
series_1,2024-05-12 22:00:00,4.302165491999999,4.325707698675025,3.8149301155185804,-2.039131017881335
series_1,2024-05-12 23:00:00,3.767716656,3.0016644585995103,2.923681962732956,-0.6797597390324457
series_1,2024-05-13 00:00:00,3.722769148,3.1365352500827273,2.618221307003612,-1.7270699356319688
series_1,2024-05-13 01:00:00,3.5685696679999994,3.03463658702607,2.3617894195456706,-1.905510417982373
series_1,2024-05-13 02:00:00,3.854658916,2.104863947064314,1.712953192914369,-1.2232103639749097
series_1,2024-05-13 03:00:00,3.540354444,1.7942002073770724,1.2956077561836081,-1.2411909306262296
series_1,2024-05-13 04:00:00,3.59416022,1.1790602900119065,0.6269025121044707,-0.9985872059064571
series_1,2024-05-13 05:00:00,3.910433196,1.7817710889578056,-0.3866828991823204,-1.7393057663693983
series_1,2024-05-13 06:00:00,4.06167992,1.7493427997658664,-0.5018474989637751,-1.675813032195562
series_1,2024-05-13 07:00:00,3.670931876,2.1597924841636837,-2.158008493760228,0.08776625495398509
series_1,2024-05-13 08:00:00,3.836614296,2.6783225307632925,-2.6607282181227028,0.30649131811500885
series_1,2024-05-13 09:00:00,3.52854342,1.2231011780174816,0.8246284160822429,-0.9033075152224974
series_1,2024-05-13 10:00:00,3.195210076,1.3836622009353603,-1.2561383635700496,-0.5802047034149616
series_1,2024-05-13 11:00:00,3.22834656,2.5368265059925004,-2.0756756767957354,1.4584441046076062
series_1,2024-05-13 12:00:00,2.862204816,2.2620554331097855,-1.5300715564105392,1.6660659694996864
series_1,2024-05-13 13:00:00,2.888123452,2.341289185504531,2.1754858481007275,0.8653879909462159
series_1,2024-05-13 14:00:00,2.837598516,1.6516264801249005,1.6130136048341372,-0.355045265381402
series_1,2024-05-13 15:00:00,2.613517144,0.6498073300912823,0.6498033469113652,-0.00227521057240288
series_1,2024-05-13 16:00:00,2.60334654,2.0848691573061777,-1.7765326915503798,1.091151226429836
series_1,2024-05-13 17:00:00,2.643700872,2.1705887139221356,1.8628728535300905,1.1140736495343602
series_1,2024-05-13 18:00:00,2.843832112,4.437748171219969,4.413091707303825,0.4671513824151561
series_1,2024-05-13 19:00:00,2.619422656,4.984200517403534,4.981786607222747,-0.15510318430555692
series_1,2024-05-13 20:00:00,2.646325544,3.880738578963183,3.876354534216257,0.1844110715609329
series_1,2024-05-13 21:00:00,2.710301924,3.716350640367399,3.5382546203264065,1.1366689596791195
series_1,2024-05-13 22:00:00,2.534776984,4.282598896847421,4.281718120533111,-0.08685187146606244
series_1,2024-05-13 23:00:00,2.353346532,3.1248106622907246,3.1238272482325042,0.07839003996641652
series_1,2024-05-14 00:00:00,2.2316273680000003,2.256455803347865,0.7528292306509442,2.1271673516533123
series_1,2024-05-14 01:00:00,2.183070936,2.9625217026308146,1.8313377880006103,2.328677037461316
series_1,2024-05-14 02:00:00,1.98982946,3.4018535182691783,1.9912180319303032,2.758198344767105
series_1,2024-05-14 03:00:00,1.867454128,4.179786413139227,2.893915623290547,3.01593548086463
series_1,2024-05-14 04:00:00,2.096784844,3.387222379228449,1.4558983505431566,3.0583713703917237
series_1,2024-05-14 05:00:00,2.169619492,3.136744607194973,2.768718085271042,1.474234341975454
series_1,2024-05-14 06:00:00,1.933727096,2.357816108667421,1.5491237999724494,1.7775016890710678
series_1,2024-05-14 07:00:00,1.844160164,2.5999574723481973,-1.7353097674399054,1.9360988789436582
series_1,2024-05-14 08:00:00,1.915354392,3.01519802561312,-0.861582660353403,2.889479962387628
series_1,2024-05-14 09:00:00,1.849737592,3.720911769633822,-1.738469474719673,3.289818882988455
series_1,2024-05-14 10:00:00,1.7975722360000002,4.1889829604362685,-2.1085435676925597,3.619616314744939
series_1,2024-05-14 11:00:00,1.698818952,3.801181952314149,-0.8530622128484826,3.7042231433336807
series_1,2024-05-14 12:00:00,1.7437664599999998,4.375320874286009,0.27030597878618867,4.366963181754036
series_1,2024-05-14 13:00:00,1.5239501800000002,4.384616657069977,-0.07540015874227901,4.383968298872284
series_1,2024-05-14 14:00:00,1.7007874559999998,5.477882958844536,-1.3833015750942539,5.300347013464413
series_1,2024-05-14 15:00:00,1.752624728,5.225621251508687,-1.5589384807611861,4.98766761897996
series_1,2024-05-14 16:00:00,1.97998694,5.711618825878309,0.08124025282261149,5.71104102887108
series_1,2024-05-14 17:00:00,1.954068304,6.929388343030299,1.8314535002601164,6.682978444145181
series_1,2024-05-14 18:00:00,2.11942264,7.766838314914315,2.3033401114262166,7.417439028473109
series_1,2024-05-14 19:00:00,2.322506636,7.73333592197814,2.3554021321558887,7.365905597955555
series_1,2024-05-14 20:00:00,2.452755984,8.17536295933939,3.1596961083843995,7.540084881458496
series_1,2024-05-14 21:00:00,2.498687744,8.59334000526443,1.8481122877062193,8.392256753585853
series_1,2024-05-14 22:00:00,2.664370164,8.680330863784487,1.7787585690955892,8.496126285410226
series_1,2024-05-14 23:00:00,3.1338583680000003,7.962393547067949,1.8048353356299496,7.755145415119618
series_1,2024-05-15 00:00:00,3.419291448,7.496790580046474,1.9297869853020717,7.244155657661719
series_1,2024-05-15 01:00:00,3.39895024,6.695424790745875,0.9787360089041792,6.6235027706953336
series_1,2024-05-15 02:00:00,3.611876756,5.407458153148743,-0.8453750632956969,5.340968515205141
series_1,2024-05-15 03:00:00,3.581693028,5.873972600444021,-0.5416448542138612,5.8489464831429885
series_1,2024-05-15 04:00:00,3.513451556,5.2517110439119525,-0.7453267583819672,5.1985533479985175
series_1,2024-05-15 05:00:00,3.4967192720000004,6.79949141289805,0.4142600775865404,6.786860250674999
series_1,2024-05-15 06:00:00,3.527231084,7.678692711169602,2.739642846004797,7.173331083179133
series_1,2024-05-15 07:00:00,3.296916116,7.655970804531856,2.4099854015516637,7.266764020122851
series_1,2024-05-15 08:00:00,3.51542006,7.144122365340413,2.427769872701632,6.718959578398981
series_1,2024-05-15 09:00:00,3.609580168,7.681079191238622,3.982056874716348,6.568272268154178
series_1,2024-05-15 10:00:00,3.4288058839999995,7.397225580440676,4.501183412798319,5.870118752825633
series_1,2024-05-15 11:00:00,3.4826116600000003,5.916778834213901,3.568176971693962,4.719786528189015
series_1,2024-05-15 12:00:00,3.921588052,4.752047853150717,3.6928544312542417,2.9907833335432787
series_1,2024-05-15 13:00:00,3.3307087680000005,4.8633668132179535,3.5048570953150318,3.371692972577668
series_1,2024-05-15 14:00:00,3.204396428,4.5025682944171725,2.5825908190024878,3.6882713982968798
series_1,2024-05-15 15:00:00,2.833333424,4.757601704627624,2.7633411611913528,3.872818044620906
series_1,2024-05-15 16:00:00,2.535433152,4.875091533544331,3.1021589861545444,3.7607349128935192
series_1,2024-05-15 17:00:00,2.545603756,4.72505647959342,2.793009012804287,3.8112018300979265
series_1,2024-05-15 18:00:00,2.458661496,5.078750694890749,3.1628841543978607,3.9736472473927775
series_1,2024-05-15 19:00:00,2.458333412,4.570285946754479,3.011462303185337,3.437820302400221
series_1,2024-05-15 20:00:00,2.186351776,3.789734461712339,2.8437162387997543,2.505067911949034
series_1,2024-05-15 21:00:00,2.279527632,4.079520609635123,1.0363114712008008,3.9456998034690076
series_1,2024-05-15 22:00:00,2.095144424,4.466445860871403,0.9781878170766812,4.358014137496348
series_1,2024-05-15 23:00:00,2.15879272,4.4622468207116155,1.8271064490048792,4.0710353367363075
series_1,2024-05-16 00:00:00,1.841207408,3.8260197963339135,0.5385030117990856,3.7879337359861927
series_1,2024-05-16 01:00:00,1.874015808,3.134687612787035,0.48125735894504784,3.0975244606333163
series_1,2024-05-16 02:00:00,1.8208662,3.6838115525921156,0.15682744367742113,3.680471805070749
series_1,2024-05-16 03:00:00,1.613517112,4.26049518118662,0.32506888864186156,4.2480759652519815
series_1,2024-05-16 04:00:00,1.487204772,4.303765018065605,-0.5803024452010365,4.264462733196169
series_1,2024-05-16 05:00:00,1.430118156,3.288660761351197,-0.40041032396131016,3.2641938018010253
series_1,2024-05-16 06:00:00,1.413057788,3.9005494887840237,0.38003422304528955,3.88199179594286
series_1,2024-05-16 07:00:00,1.469160152,2.63627147603392,0.7039320847205611,2.5405524823256513
series_1,2024-05-16 08:00:00,1.482611596,2.026811865611299,0.7093211656222123,1.8986389394993197
series_1,2024-05-16 09:00:00,1.453740204,3.428635891299944,-2.153631842651407,-2.6678481893518726
series_1,2024-05-16 10:00:00,1.64042,2.5169199538609,-1.9428872265412775,-1.6000235245414045
series_1,2024-05-16 11:00:00,1.496719208,2.9630898906826624,-2.8575094993795442,-0.7839267575618647
series_1,2024-05-16 12:00:00,1.356299256,3.0645043092828796,-3.055957864316021,0.22870984486550888
series_1,2024-05-16 13:00:00,1.426181148,3.5615610812775143,-3.5565306941452905,0.1892267350906653
series_1,2024-05-16 14:00:00,1.293307128,3.520202766019305,-3.520202710199458,0.0006268926192883884
series_1,2024-05-16 15:00:00,1.394028916,3.644287586098578,-3.596196116748656,0.5900894000692505
series_1,2024-05-16 16:00:00,2.41469824,3.316730344698084,-3.303759920897702,0.29303679719632747
series_1,2024-05-16 17:00:00,2.708661504,3.271185376664395,-3.196726108009536,-0.6939711513263236
series_1,2024-05-16 18:00:00,3.041010596,2.966053660057788,-2.964480028518577,-0.09660473516705936
series_1,2024-05-16 19:00:00,3.878937132,3.7515340155328127,-2.71044001093268,-2.5937467911951244
series_1,2024-05-16 20:00:00,4.333333472,3.48882938614411,-3.1810898297996295,-1.4326890731655806
series_1,2024-05-16 21:00:00,3.718504056,3.847446098946818,-2.801320738517039,-2.637317501601853
series_1,2024-05-16 22:00:00,3.578740272,3.5302087560437383,-3.1709986094635036,-1.5514965936244927
series_1,2024-05-16 23:00:00,4.037729788,3.7111319838572046,-2.596816008754287,-2.651235036409515
series_1,2024-05-17 00:00:00,3.875984376,4.0368399996344095,-2.1984323146098306,-3.3857011889308257
series_1,2024-05-17 01:00:00,3.472112972,4.980742278921166,-3.138812822948278,-3.8672532515376177
series_1,2024-05-17 02:00:00,3.893044744,4.80220234503185,-2.782733199319035,-3.9137633173247774
series_1,2024-05-17 03:00:00,3.5232940760000004,4.067464507551738,-2.4400278582425914,-3.254309691961288
series_1,2024-05-17 04:00:00,3.91076128,2.8460780029131323,-2.7132762690060805,0.8592391324389552
series_1,2024-05-17 05:00:00,3.704724528,3.08221823200426,-1.959385700352542,-2.3792597392788886
series_1,2024-05-17 06:00:00,4.027887268,3.441070505936008,-2.0629474923783078,-2.754126698340646
series_1,2024-05-17 07:00:00,4.35203426,2.976119425443485,-2.3405291964344737,-1.8382627437719168
series_1,2024-05-17 08:00:00,4.290682552,2.8893253858040766,-2.072335333544331,-2.013362225332437
series_1,2024-05-17 09:00:00,3.979987004,3.5820946682501678,-2.172125860539349,-2.848380497455084
series_1,2024-05-17 10:00:00,4.177493572,4.767597146583357,-2.814099126294074,-3.8484839429963453
series_1,2024-05-17 11:00:00,4.950459476,6.044199564436398,-5.009787623370155,-3.381475468410256
series_1,2024-05-17 12:00:00,4.390420088,5.773621234061255,-4.92095778614241,-3.0197477744684904
series_1,2024-05-17 13:00:00,4.403215364,4.826824862836024,-3.7465134628636476,-3.043332898168297
series_1,2024-05-17 14:00:00,4.720472592,5.20034526109103,-3.904562551861245,-3.434819080119757
series_1,2024-05-17 15:00:00,4.979330868,5.439084228706688,-4.153322894760842,-3.5119148877530115
series_1,2024-05-17 16:00:00,4.846784932,5.2724354203596535,-4.327964495056924,-3.0111955418719893
series_1,2024-05-17 17:00:00,4.800853172,4.072204951331229,-3.3541270255724625,-2.3092607176260986
series_1,2024-05-17 18:00:00,4.326771792,4.7553838011901854,-4.5460837634731135,-1.3952768585869069
series_1,2024-05-17 19:00:00,5.056102524,3.914249829534457,-3.522774247793283,-1.7062864141447638
series_1,2024-05-17 20:00:00,4.908792808,4.436846317497109,-3.757912729581652,-2.3587490671828206
series_1,2024-05-17 21:00:00,4.713910912,4.069103556262759,-3.1238577974321493,-2.607511498155395
series_1,2024-05-17 22:00:00,4.851378108,3.6899062120107384,-2.9922051460972923,-2.1591934181782597
series_1,2024-05-17 23:00:00,4.873031652,3.6861830482997147,-3.0219406557695487,-2.110881365349386
series_1,2024-05-18 00:00:00,4.78346472,2.988257417600183,-2.420443012015279,-1.7524662677007274
series_1,2024-05-18 01:00:00,4.810367608,2.6336681351716145,-2.529725439733424,-0.7325961000332067
series_1,2024-05-18 02:00:00,4.875656324,4.735334362407006,-4.583675772854394,-1.1888262838363879
series_1,2024-05-18 03:00:00,5.15255922,4.33958958016936,-4.333704690038488,0.2259234026233113
series_1,2024-05-18 04:00:00,5.019029032,7.329946728579585,-7.309867864329484,0.5421723433168242
series_1,2024-05-18 05:00:00,5.4278216960000005,8.357071157612255,-8.2264314064824,1.4718915204031313
series_1,2024-05-18 06:00:00,5.049868928,7.117646392467159,-7.061254721310876,-0.8941878599967868
series_1,2024-05-18 07:00:00,5.890420136,6.015952402785825,-5.46128652820537,-2.523099833424565
series_1,2024-05-18 08:00:00,5.394685212000001,5.595395970617991,-4.842806504149776,-2.8027988210666646
series_1,2024-05-18 09:00:00,5.234252135999999,5.289604973969844,-4.21167674614394,-3.2002655775164826
series_1,2024-05-18 10:00:00,5.354987048,3.9493999057592966,-3.321007360623545,-2.1374446721016604
series_1,2024-05-18 11:00:00,5.274934552,4.74401010113113,-4.006865273256102,-2.5398154503051007
series_1,2024-05-18 12:00:00,5.048556592,4.397728801205506,-3.982826092458833,-1.86470236932909
series_1,2024-05-18 13:00:00,4.78838598,6.030316304247354,-5.270094911308433,-2.9310091018405986
series_1,2024-05-18 14:00:00,5.432742955999999,5.099725871693081,-3.9714255199695896,-3.1992160454945875
series_1,2024-05-18 15:00:00,4.936351864,5.498471248850284,-4.101515241813298,-3.662070288184868
series_1,2024-05-18 16:00:00,5.18208678,6.1465935316698035,-4.701435817271349,-3.9594334569030383
series_1,2024-05-18 17:00:00,5.148294128,6.204169453187046,-4.7038281950892245,-4.045456576820829
series_1,2024-05-18 18:00:00,5.326115656,5.208203398406434,-3.3500056803531817,-3.9878370805204346
series_1,2024-05-18 19:00:00,5.544947683999999,5.093285273267078,-3.8444434589703222,-3.340929416443813
series_1,2024-05-18 20:00:00,5.383530356,4.763645949915101,-3.258963093734418,-3.474403875461161
series_1,2024-05-18 21:00:00,5.322178648,4.69725588256241,-3.568169928042309,-3.054893810082718
series_1,2024-05-18 22:00:00,5.29199492,3.977798946953423,-2.822949317096643,-2.802470627051666
series_1,2024-05-18 23:00:00,5.268700956,6.022994560950788,-5.966432494233662,-0.8234966745503298
series_1,2024-05-19 00:00:00,5.38221802,4.340425939573742,-4.250326639031076,-0.8797845182016975
series_1,2024-05-19 01:00:00,5.2034122400000005,4.572088369304838,-4.048301145932053,-2.1249117366558563
series_1,2024-05-19 02:00:00,5.345800696,4.901304562918763,-4.196266910647126,-2.53261336036441
series_1,2024-05-19 03:00:00,5.373359752,5.19257023667391,-3.808675395034069,-3.5294160137413417
series_1,2024-05-19 04:00:00,5.344160276,7.384259389353738,-6.653383167425563,-3.203089002303405
series_1,2024-05-19 05:00:00,5.15584006,8.725424400690912,-7.733124020859822,-4.041265129903404
series_1,2024-05-19 06:00:00,5.41502642,8.634906033637222,-7.227248416285666,-4.725302375408461
series_1,2024-05-19 07:00:00,5.745407008,7.856793837744679,-5.053195309713744,-6.0161803971215635
series_1,2024-05-19 08:00:00,6.538057952,8.282534568431666,-5.420129419750541,-6.262792983200083
series_1,2024-05-19 09:00:00,6.022966072,8.421731087703712,-6.86102148045863,-4.883844669753577
series_1,2024-05-19 10:00:00,6.645997588,9.003588169182159,-7.626832424879983,-4.784979318976861
series_1,2024-05-19 11:00:00,6.398950336,10.797038627957043,-10.749122635390705,1.0160736700297301
series_1,2024-05-19 12:00:00,7.085630148,10.015257504134354,-10.010016392023054,-0.3239671365265954
series_1,2024-05-19 13:00:00,6.54199496,7.252754778334845,-6.501902621717363,-3.2136761150377016
series_1,2024-05-19 14:00:00,6.116470012000001,6.481323590434105,-5.851171878901758,-2.7877128846900465
series_1,2024-05-19 15:00:00,6.084973948,6.639783458539661,-5.490301046048044,-3.734075360790225
series_1,2024-05-19 16:00:00,5.60039388,7.1292109062298,-6.101708176388943,-3.6871134340692917
series_1,2024-05-19 17:00:00,5.097113024,6.446023117210527,-4.834344599003045,-4.263839387887705
series_1,2024-05-19 18:00:00,4.951443728,5.519439198686046,-3.491970873658711,-4.274382819251368
series_1,2024-05-19 19:00:00,5.46095818,5.465755258857272,-3.4770503732895097,-4.217179300353877
series_1,2024-05-19 20:00:00,5.576771832,6.33984356721972,-2.5264140352923237,-5.814709672812153
series_1,2024-05-19 21:00:00,5.389763952,6.173960576340015,-2.8112715842028964,-5.496775534625192
series_1,2024-05-19 22:00:00,5.706365012,5.49515820782948,-3.122459266537479,-4.5218372215162645
series_1,2024-05-19 23:00:00,5.881889952,4.153428509755872,-3.521081854300602,-2.202941433848825
series_1,2024-05-20 00:00:00,6.298556632,3.393641156882678,-3.1214317595961045,-1.3317147111422805
series_1,2024-05-20 01:00:00,6.633530396,2.6931551631006525,-1.475210752629281,-2.2531839622770824
series_1,2024-05-20 02:00:00,6.292323036,3.24031554180751,-3.2399922726346877,0.04576990000871023
series_1,2024-05-20 03:00:00,5.669619604,4.213196606427695,-4.140000267698184,0.7819356929267317
series_1,2024-05-20 04:00:00,4.976706195999999,4.691625540183541,-4.563436391633983,1.0892192198144097
series_1,2024-05-20 05:00:00,4.779199628000001,4.411342791693248,-4.403250296429979,0.2670806110770325
series_1,2024-05-20 06:00:00,4.20603688,3.678283157035441,-3.6426762402433326,-0.510565169295075
series_1,2024-05-20 07:00:00,4.44717862,3.8207444008083185,-3.3582587126810273,-1.822137809006247
series_1,2024-05-20 08:00:00,4.364829536,4.3825206884966725,-4.092150769520541,-1.5686904298215736
series_1,2024-05-20 09:00:00,4.450787544,4.574052145391162,-4.196259132662625,-1.820264354510905
series_1,2024-05-20 10:00:00,4.006561808,3.963164741743902,-3.5773541064530736,-1.7056413360508542
series_1,2024-05-20 11:00:00,4.391732424,4.431087958017769,-3.320691927742221,-2.9338618939407723
series_1,2024-05-20 12:00:00,4.882874172,4.76190645691358,-2.976652643807743,-3.7168928075083922
series_1,2024-05-20 13:00:00,5.484252144,3.9258665970978663,-2.891929201713686,-2.6550280658562584
series_1,2024-05-20 14:00:00,5.717519868,3.8728424269187247,-3.2790601762210514,-2.0607456962136026
series_1,2024-05-20 15:00:00,5.141732448,3.7118425054444786,-3.429866275837608,-1.4190814335675748
series_1,2024-05-20 16:00:00,4.77034136,2.9123685096241014,-2.9031989602724035,-0.23092451780472406
series_1,2024-05-20 17:00:00,4.511155,1.734968670844622,-1.731978096425425,-0.10182417352925344
series_1,2024-05-20 18:00:00,4.080380708,0.7333458834652241,-0.7167624638187147,-0.1550733866784233
series_1,2024-05-20 19:00:00,3.905511936,1.6244903642239312,-0.7011421151036943,1.4653902817626159
series_1,2024-05-20 20:00:00,3.7483597,2.7880146081039454,0.683634077662238,2.7029002761589074
series_1,2024-05-20 21:00:00,4.079396456,3.3470089598553123,0.9271271598274495,3.216038589143797
series_1,2024-05-20 22:00:00,3.649606416,3.720964953535693,0.339390482163982,3.7054546665770154
series_1,2024-05-20 23:00:00,4.027559184,3.2896617058560462,1.3654452694832284,2.992897150759041
series_1,2024-05-21 00:00:00,4.216863652000001,3.716918316234587,0.7866966228562369,3.6327111353845285
series_1,2024-05-21 01:00:00,4.809383356,4.313765231898518,0.4483039514371303,4.290407211799637
series_1,2024-05-21 02:00:00,5.154855808,4.708759904333469,0.18685702195229129,4.705050933837557
series_1,2024-05-21 03:00:00,4.820866296,4.0010503482496125,1.5316349354632062,3.6962816875472253
series_1,2024-05-21 04:00:00,4.331036884,4.20645857295176,1.4926173053858551,3.9327328037411884
series_1,2024-05-21 05:00:00,3.527231084,4.3402396157617185,0.15264038839756464,4.337554706750944
series_1,2024-05-21 06:00:00,3.471456804,4.9223233560477215,1.1846585989961531,4.777640759341097
series_1,2024-05-21 07:00:00,3.259186456,5.219896338417148,1.713208774145503,4.930743704555288
series_1,2024-05-21 08:00:00,3.116141832,5.057867465905142,2.7674386211844064,4.23359265643716
series_1,2024-05-21 09:00:00,3.189632648,4.560627154335927,2.5882811462634905,3.755012749480775
series_1,2024-05-21 10:00:00,3.186351808,4.125537118018799,0.43452650839275003,4.102589819328135
series_1,2024-05-21 11:00:00,3.3464568,4.105216267092622,2.0234722046722373,3.571884773690322
series_1,2024-05-21 12:00:00,3.294947612,4.480537832458462,0.8988826785757074,4.389445203923628
series_1,2024-05-21 13:00:00,3.692913504,5.877145280497446,-0.31763893129452647,5.868555372270033
series_1,2024-05-21 14:00:00,3.5360893520000003,6.695940856392965,0.20328331473658237,6.692854387050585
series_1,2024-05-21 15:00:00,3.658792768,6.3205516556244365,0.33777412713781685,6.311519775018779
series_1,2024-05-21 16:00:00,3.718504056,6.042461026288575,0.12679036789447284,6.041130643913071
series_1,2024-05-21 17:00:00,3.5889108760000004,7.024525748067519,3.1839231407160455,6.261517022198087
series_1,2024-05-21 18:00:00,3.219488292,6.433152856118927,2.1564846566130313,6.060942962607689
series_1,2024-05-21 19:00:00,3.238845248,5.810248145378944,2.5621097580102004,5.214842001325484
series_1,2024-05-21 20:00:00,3.245406928,6.813671107339378,2.2763864968264853,6.4221630683172055
series_1,2024-05-21 21:00:00,3.2168636200000003,7.4623315851382,1.6363594939999881,7.280708776825736
series_1,2024-05-21 22:00:00,3.461942368,6.987007650662866,1.130674659510762,6.894914845359705
series_1,2024-05-21 23:00:00,3.404527668,7.328400001219846,0.8735657313048519,7.276147984405544
series_1,2024-05-22 00:00:00,3.578412188,8.968255032853156,1.295817700926976,8.874145300830964
series_1,2024-05-22 01:00:00,3.4383203200000003,8.952274320178109,1.7958788058167974,8.770292744175558
series_1,2024-05-22 02:00:00,3.598097228,7.768323072129124,2.877451908279389,7.215754559885818
series_1,2024-05-22 03:00:00,3.58103686,6.628457863243807,2.1889367740160472,6.256597273611182
series_1,2024-05-22 04:00:00,3.3044620480000004,7.836937860579717,0.8124715709888625,7.79470878076421
series_1,2024-05-22 05:00:00,3.47440956,7.172093494462607,1.3802156046784866,7.038034525200544
series_1,2024-05-22 06:00:00,3.4557087719999995,6.612473687259903,3.3554534891830907,5.697871545290714
series_1,2024-05-22 07:00:00,3.255577532,6.699503929979545,2.366817094079124,6.267497885997746
series_1,2024-05-22 08:00:00,3.220800628,6.456360819271131,1.296346590500478,6.324877907589772
series_1,2024-05-22 09:00:00,3.223753384,7.381975206579216,2.0943386820973346,7.078651244073341
series_1,2024-05-22 10:00:00,3.260498792,7.657550478152036,2.5445007472134096,7.2224369345032615
series_1,2024-05-22 11:00:00,3.3047901320000004,8.318520722918459,5.243470723972023,6.457848076911699
series_1,2024-05-22 12:00:00,3.522309824,7.886134015302859,5.398639104642522,5.748548123234368
series_1,2024-05-22 13:00:00,3.574147096,7.640205329064376,6.1084459231538935,4.58907679976793
series_1,2024-05-22 14:00:00,3.30052504,6.204975660632791,4.409861038149625,4.36518597235619
series_1,2024-05-22 15:00:00,3.147309812,5.635580440002209,3.9718068603047136,3.9980641765949554
series_1,2024-05-22 16:00:00,3.147309812,4.799410336509041,2.729018469058029,3.9480118760877603
series_1,2024-05-22 17:00:00,2.8953413,5.718766698129743,2.8393997013042944,4.964081172167801
series_1,2024-05-22 18:00:00,2.940288808,5.434907330309894,3.113435980592243,4.4547428751623634
series_1,2024-05-22 19:00:00,2.986548652,5.728185953265413,3.15238068698467,4.78274087940307
series_1,2024-05-22 20:00:00,2.968175948,6.339671268156736,4.136447706610617,4.804293096675909
series_1,2024-05-22 21:00:00,2.940616892,6.156832282214366,4.182916305843942,4.517720103063251
series_1,2024-05-22 22:00:00,2.77723106,6.736375414924645,4.116079353276314,5.332602037311018
series_1,2024-05-22 23:00:00,3.075459416,7.009593152410242,4.343783419372606,5.501449060738469
series_1,2024-05-23 00:00:00,3.309383308,8.024370994522977,4.519422150523855,6.630637471849596
series_1,2024-05-23 01:00:00,3.4940946,7.859987684095,4.925409413137256,6.1253366035756756
series_1,2024-05-23 02:00:00,3.727362324,7.399557772255645,4.284073437623283,6.033255340692913
series_1,2024-05-23 03:00:00,3.810039492,7.355717880369768,4.363332369222524,5.921816965365146
series_1,2024-05-23 04:00:00,4.024606427999999,6.999382955984917,3.426573524719983,6.103274174098704
series_1,2024-05-23 05:00:00,4.095472572,7.233145539367737,4.039911006512467,5.999792784183034
series_1,2024-05-23 06:00:00,4.097441076,7.452473761764702,4.577072640480864,5.881306930738513
series_1,2024-05-23 07:00:00,4.375984392,7.702527211632799,4.355768957030883,6.352653165324693
series_1,2024-05-23 08:00:00,4.134842652,7.239414999252867,2.716012301348266,6.710618951358533
series_1,2024-05-23 09:00:00,4.61122062,8.083010472901652,3.246980732527861,7.402173628579015
series_1,2024-05-23 10:00:00,4.580380723999999,7.968742488588204,2.8840568830509272,7.428530995072815
series_1,2024-05-23 11:00:00,5.077756068,7.433582310663022,3.236786893060396,6.691887370414614
series_1,2024-05-23 12:00:00,4.79330724,6.970147053353252,3.414705278700098,6.076408298080924
series_1,2024-05-23 13:00:00,4.56364844,6.550234906557374,3.209114757022384,5.7102679278072275
series_1,2024-05-23 14:00:00,4.267060504,5.914439161998547,3.007264463319255,5.092833302655725
series_1,2024-05-23 15:00:00,3.872703536,6.381260016125019,3.721545213310223,5.183684077823767
series_1,2024-05-23 16:00:00,3.954068368,5.490594592533715,1.9155467073142252,5.145610730676982
series_1,2024-05-23 17:00:00,3.691273084,6.417097162711401,3.8290316385980256,5.149529367456218
series_1,2024-05-23 18:00:00,3.590551296,6.302862699210058,2.280288029158846,5.875913946712321
series_1,2024-05-23 19:00:00,3.447506672,7.415870053727441,5.239958350454995,5.24766282637027
series_1,2024-05-23 20:00:00,3.719160224,7.652761844618502,4.771347570573402,5.9832270733469635
series_1,2024-05-23 21:00:00,3.648622164,5.140697919021241,3.428389161789753,3.830525140232324
series_1,2024-05-23 22:00:00,3.3313649360000004,3.0634453772925583,3.0593419300495084,-0.15850720707934157
series_1,2024-05-23 23:00:00,3.325459424,6.251795729303167,0.6195726642507635,6.221019173306455
series_1,2024-05-24 00:00:00,3.400918744,8.163743030658148,0.5245378143109456,8.14687426882098
series_1,2024-05-24 01:00:00,3.340879372,8.172123506981574,-0.7572372032645951,8.136964693996948
series_1,2024-05-24 02:00:00,3.5357612680000003,7.387329369363132,2.396067843376132,6.9879534988001994
series_1,2024-05-24 03:00:00,3.531496176,7.120820934654481,2.452561158594723,6.685135342441919
series_1,2024-05-24 04:00:00,3.959317712,6.892873705666285,2.3333545174386034,6.485920491203583
series_1,2024-05-24 05:00:00,3.987532936,6.01441489160089,3.3963880479517288,4.963641275922464
series_1,2024-05-24 06:00:00,3.859252092,4.265153733546168,3.5468367866114354,2.3688573574452896
series_1,2024-05-24 07:00:00,3.5295276720000004,3.1701290319471047,3.167252838676502,0.13500938889398584
series_1,2024-05-24 08:00:00,3.33333344,5.120703821311632,4.080537015991956,-3.09367504542979
series_1,2024-05-24 09:00:00,2.811023712,5.02629107627035,3.7111421581488804,-3.3898415693664834
series_1,2024-05-24 10:00:00,2.440616876,4.774475180851298,3.2793354180264385,-3.4700968961460426
series_1,2024-05-24 11:00:00,2.315944956,3.322904436448736,2.8834427234455537,-1.6514999104994164
series_1,2024-05-24 12:00:00,2.492782232,2.444159542997551,2.4018504228608024,-0.45280284653409786
series_1,2024-05-24 13:00:00,2.480643124,2.575580593107435,1.9381490272729098,1.6962292709633098
series_1,2024-05-24 14:00:00,2.515091944,3.833955686729943,3.602282803897363,1.3125451643864383
series_1,2024-05-24 15:00:00,2.42290034,4.083744828236428,3.1231506455390567,2.6311407920171717
series_1,2024-05-24 16:00:00,2.29986884,4.402327659804433,3.177454171423603,3.0470106354888102
series_1,2024-05-24 17:00:00,2.29166674,5.15488281680002,2.5344484139953884,4.488806978667759
series_1,2024-05-24 18:00:00,2.1571523,5.636833271887439,3.2697023056813013,4.591615855804973
series_1,2024-05-24 19:00:00,2.103674608,6.288185483570436,3.6036025747801035,5.153185923176473
series_1,2024-05-24 20:00:00,2.33431766,6.72954197213869,3.9713747565354596,5.432763357438754
series_1,2024-05-24 21:00:00,2.550525016,7.946746685073486,4.549464292510678,6.515608761113327
series_1,2024-05-24 22:00:00,2.864829488,8.8742563725017,5.577094249529218,6.902785372351885
series_1,2024-05-24 23:00:00,3.110564404,8.687814287123855,6.376512051855711,5.900695818299081
series_1,2024-05-25 00:00:00,3.254265196,7.8396082141185435,6.542728567644356,4.318814633786148
series_1,2024-05-25 01:00:00,3.078740256,7.2140872855968015,6.572986962335501,-2.9730283814953635
series_1,2024-05-25 02:00:00,2.997703508,6.254893192985794,3.130604022104664,-5.415072235200757
series_1,2024-05-25 03:00:00,2.494750736,5.712283985945012,1.2514894029835362,-5.57350541493446
series_1,2024-05-25 04:00:00,2.236876712,4.393987660463748,0.3123420859569562,-4.382872343754463
series_1,2024-05-25 05:00:00,2.179133928,3.817588952178684,2.428891110123491,-2.9452458951605074
series_1,2024-05-25 06:00:00,2.19652238,4.336864933678593,3.9725518283776373,-1.7398935093345567
series_1,2024-05-25 07:00:00,2.092847836,3.962900566247664,3.527361107091963,-1.8061850730589655
series_1,2024-05-25 08:00:00,2.0068898280000003,5.709466695571389,5.142885988342771,-2.479664021343713
series_1,2024-05-25 09:00:00,2.141076184,5.42765737304371,4.739063134111795,-2.645892131221194
series_1,2024-05-25 10:00:00,1.983595864,5.376116649892164,5.0423827524682,-1.8646732718787407
series_1,2024-05-25 11:00:00,1.8372704,5.629684147860408,4.8213700177365,-2.906498710947986
series_1,2024-05-25 12:00:00,2.044291404,4.767734716769163,4.182147057700239,-2.289310008988553
series_1,2024-05-25 13:00:00,1.86351712,4.504309432700856,4.420872568161085,-0.862953765620568
series_1,2024-05-25 14:00:00,1.859908196,3.9412787280193577,3.8252432936617984,-0.9493112009416736
series_1,2024-05-25 15:00:00,1.868110296,4.825275318953318,4.800841745791193,0.48497467518275295
series_1,2024-05-25 16:00:00,1.810695596,5.412483265993512,5.3792519676571935,0.5988517121257976
series_1,2024-05-25 17:00:00,1.940944944,5.112596705264161,5.038678712675069,0.8662343222899087
series_1,2024-05-25 18:00:00,1.865813708,5.743749061393582,5.686040141990314,0.8121581027942952
series_1,2024-05-25 19:00:00,1.933727096,5.911770756374422,5.654000692143831,1.726646938189998
series_1,2024-05-25 20:00:00,1.808399008,5.632678187589846,5.090981880010019,2.4101798817432885
series_1,2024-05-25 21:00:00,1.549868816,5.220107763011971,4.458660371700615,2.7147509549283493
series_1,2024-05-25 22:00:00,1.420931804,5.226500359489708,4.665075108538592,2.3565611045418886
series_1,2024-05-25 23:00:00,1.344816316,4.971542156480611,3.6600725001736993,3.364535734263515
series_1,2024-05-26 00:00:00,1.367126028,5.234235572159875,3.7476439698987916,3.65409177494833
series_1,2024-05-26 01:00:00,1.2959318,4.866765752070778,2.494028453804843,4.179142371006385
series_1,2024-05-26 02:00:00,1.321522352,5.133205458313477,2.473134828066258,4.49815544411984
series_1,2024-05-26 03:00:00,1.483267764,5.41366626454705,3.1043209629408723,4.43519715265744
series_1,2024-05-26 04:00:00,1.683399004,5.0644135970399216,2.7969376381011606,4.222016689978373
series_1,2024-05-26 05:00:00,1.7139108159999998,5.4123062008602565,2.722683985183104,4.6776116051568275
series_1,2024-05-26 06:00:00,1.681102416,5.455326625226059,1.7457806239748346,5.168446439778048
series_1,2024-05-26 07:00:00,1.5419948,5.2161181320371135,1.7751814140918802,4.904754765982607
series_1,2024-05-26 08:00:00,1.524278264,5.445109641756308,1.8582099782727184,5.118229643870546
series_1,2024-05-26 09:00:00,1.71587932,5.5732138616167095,0.7671125181717686,5.520167672433583
series_1,2024-05-26 10:00:00,1.629265144,5.780929651049556,1.8231879282900156,5.485903153403412
series_1,2024-05-26 11:00:00,1.577099788,7.531331851128047,1.097162492250495,7.450986103692215
series_1,2024-05-26 12:00:00,1.729330764,7.393696252570083,1.8961677384991542,7.146418136573307
series_1,2024-05-26 13:00:00,1.954396388,7.338840496446906,2.1406661248767924,7.019695746547285
series_1,2024-05-26 14:00:00,2.314304536,6.446827049312084,0.17390058701100025,6.444481173033185
series_1,2024-05-26 15:00:00,2.222112932,5.79192011044569,0.07958347536284305,5.791373329032967
series_1,2024-05-26 16:00:00,1.907480376,6.091927566385824,0.2843963480780036,6.085285547227131
series_1,2024-05-26 17:00:00,2.005249408,3.1329021131017107,2.3731779179947123,2.0452633619706404
series_1,2024-05-26 18:00:00,2.01935702,2.0707433271987665,1.4140178113861546,1.5127893297551143
series_1,2024-05-26 19:00:00,2.202755976,1.7206025724989515,-1.6237111992266238,0.5692408576306243
series_1,2024-05-26 20:00:00,2.139435764,2.938595244352662,-2.5975097932370836,1.3741487853102088
series_1,2024-05-26 21:00:00,1.871391136,2.1600140859417283,-1.8357685282294065,1.138250746641143
series_1,2024-05-26 22:00:00,1.6873360119999998,3.277926213405577,-2.517499955973657,2.0992842190146765
series_1,2024-05-26 23:00:00,1.506889812,2.625191868713482,-2.1109991105464694,1.560549615626302
series_1,2024-05-27 00:00:00,1.4114173680000002,3.7230140888117274,-3.110736038249482,2.045520766412928
series_1,2024-05-27 01:00:00,1.240813688,3.4003130158068307,-2.9203123558399637,1.7418106526812218
series_1,2024-05-27 02:00:00,1.463582724,2.0990719991309197,-2.088104206879376,0.2142990404741199
series_1,2024-05-27 03:00:00,1.508202148,2.0776690739425163,-2.0283767389828586,0.4498850804043382
series_1,2024-05-27 04:00:00,1.3966535880000002,2.112490559337783,-2.1014471037265263,-0.21572304821380123
series_1,2024-05-27 05:00:00,1.62893706,2.512296697814059,-2.5102229284235054,0.10205658951947127
series_1,2024-05-27 06:00:00,1.670275644,2.973791378174955,-2.9676731817311084,0.1906595062976403
series_1,2024-05-27 07:00:00,1.549212648,2.857572284788448,-2.7900960232794474,0.6173196446503919
series_1,2024-05-27 08:00:00,1.375328128,2.826991807150114,-2.825709448013741,0.08513984437234301
series_1,2024-05-27 09:00:00,1.438320256,3.7435835487580857,-3.610450763762686,0.9894761588727748
series_1,2024-05-27 10:00:00,1.344160148,5.614851816704129,-5.54681336984918,0.8714484285418429
series_1,2024-05-27 11:00:00,1.550853068,6.043752816600544,-5.268592156962136,2.9612302834740976
series_1,2024-05-27 12:00:00,2.054790092,7.420655913442998,-6.750352549796917,3.082024438444121
series_1,2024-05-27 13:00:00,2.750656256,8.22027507376575,-7.474306609446935,3.4216462406789465
series_1,2024-05-27 14:00:00,3.64337282,8.596290852410648,-8.162337668327869,2.696749934167971
series_1,2024-05-27 15:00:00,3.5515093,9.10026247190598,-8.413099784628264,3.469081877308204
series_1,2024-05-27 16:00:00,4.580708808000001,10.50334820249762,-9.369594382376262,4.746685640808034
series_1,2024-05-27 17:00:00,4.964895172,11.333273298338305,-10.250161482489215,4.8350049883865145
series_1,2024-05-27 18:00:00,5.023294124,11.351991844176856,-10.698052557188317,3.7972872308918606
series_1,2024-05-27 19:00:00,5.568897816,11.773500715321875,-10.91049456761595,4.424525667651568
series_1,2024-05-27 20:00:00,5.485236396,11.462767387286778,-10.821747324634323,3.7795265598769365
series_1,2024-05-27 21:00:00,5.443569728,11.443928410381492,-9.203886486874783,6.800880163527397
series_1,2024-05-27 22:00:00,5.7650920480000005,11.49219126501126,-9.682076120957154,6.190950012687259
series_1,2024-05-27 23:00:00,6.180774476,9.552912884316674,-7.470771518177108,5.953630614888466
series_1,2024-05-28 00:00:00,6.244094688,9.5857286855183,-7.722047669872251,5.6794519292436085
series_1,2024-05-28 01:00:00,6.187664239999999,9.613292995808573,-7.832371836932704,5.573989023247677
series_1,2024-05-28 02:00:00,5.978018564,9.84941579994938,-7.689954149760179,6.1543152969992265
series_1,2024-05-28 03:00:00,6.31725742,10.114103966769093,-7.631573554126603,6.6373326071976955
series_1,2024-05-28 04:00:00,6.558071076,10.805152316838173,-7.56402595586401,7.71601114106822
series_1,2024-05-28 05:00:00,5.835302024,10.17201279333431,-6.74351563589006,7.61543440233472
series_1,2024-05-28 06:00:00,5.237532976,9.777946975927994,-5.006165886527074,8.39919937735925
series_1,2024-05-28 07:00:00,5.826115672,10.489374027212511,-4.2116781694047525,9.60670258101706
series_1,2024-05-28 08:00:00,6.76509208,10.523982093654364,-5.175401038645755,9.163483136708559
series_1,2024-05-28 09:00:00,6.4632548,9.724663068721847,-3.4017771418905607,9.11026805736656
series_1,2024-05-28 10:00:00,6.7946196400000005,10.02779207427125,-3.7098651861474576,9.316303676106118
series_1,2024-05-28 11:00:00,6.7296590080000005,8.417159618742488,-2.5044704267658964,8.035932051034543
series_1,2024-05-28 12:00:00,6.613517272,7.0229874525392395,-2.3406037393787233,6.621474676666062
series_1,2024-05-28 13:00:00,6.128281036,6.979961787191539,-1.146074902334983,6.8852290353256915
series_1,2024-05-28 14:00:00,5.623687844,5.946297984969332,-1.4455961582096126,5.7679035596497235
series_1,2024-05-28 15:00:00,5.325787571999999,5.712468101638487,-1.6994422998399772,5.453823216950823
series_1,2024-05-28 16:00:00,5.130905676,5.567451945271823,-1.0278959635713258,5.471741135231525
series_1,2024-05-28 17:00:00,5.131889928,7.38650665603807,-1.9287476379551545,7.130246358210711
series_1,2024-05-28 18:00:00,4.948490972,8.204890129181585,0.6696209606105964,8.177519782981411
series_1,2024-05-28 19:00:00,4.70472456,7.446887151022783,2.4796817657982917,7.021916161592624
series_1,2024-05-28 20:00:00,4.808399104,6.984707351052614,1.8167742441455228,6.7442915214022205
series_1,2024-05-28 21:00:00,4.712270492,5.99977175426959,0.6821699969880717,5.960864467385623
series_1,2024-05-28 22:00:00,4.07972454,6.5854544994169135,0.9064036498877124,6.522778808710342
series_1,2024-05-28 23:00:00,4.247375464,6.844087495997913,2.099891077229471,6.5139842735953115
series_1,2024-05-29 00:00:00,4.294291476,6.41960007451944,1.0561466967334234,6.33212596777331
series_1,2024-05-29 01:00:00,3.017457733367366,6.9381007406440585,0.8924673246932024,6.8804610282800525
series_1,2024-05-29 02:00:00,5.44455398,7.449613609312587,1.3216074514222165,7.331445742307624
series_1,2024-05-29 03:00:00,5.691929316,6.4828491899534875,3.5345777476949616,5.434527924776925
series_1,2024-05-29 04:00:00,6.157152428,6.887963007421664,5.120283854015128,4.6072472959372694
series_1,2024-05-29 05:00:00,6.154527755999999,5.942201165614726,4.895033332307557,3.3687391362690846
series_1,2024-05-29 06:00:00,5.185039536,5.852927662301487,4.8478727858915285,3.2794651502868972
series_1,2024-05-29 07:00:00,5.830380764,5.255396685658035,4.999087661987089,1.6212084601907055
series_1,2024-05-29 08:00:00,6.250328284,5.399947427177356,5.244806095167569,1.28508413746823
series_1,2024-05-29 09:00:00,6.744094704,4.747107423851943,4.58771538047294,1.2197936224469512
series_1,2024-05-29 10:00:00,6.4603020440000005,4.6532341535186825,4.641880134917467,0.32486443408185844
series_1,2024-05-29 11:00:00,6.610892600000001,5.314147759188784,5.073155878083836,-1.58216808309187
series_1,2024-05-29 12:00:00,6.2477036120000005,4.918405773831801,4.81504232571331,-1.0030367678462042
series_1,2024-05-29 13:00:00,6.01706056,4.011624052890577,3.892086354166687,0.9720037826262223
series_1,2024-05-29 14:00:00,5.6410762960000005,4.13144095568819,3.995115610353773,1.0525472104591551
series_1,2024-05-29 15:00:00,5.778871576,4.67554071936484,3.771674574073632,2.7631778671893654
series_1,2024-05-29 16:00:00,5.622375508,5.569892838987592,4.707895345018412,2.9764790706738093
series_1,2024-05-29 17:00:00,5.0905513440000005,5.23795557177247,4.496177211775214,2.6871116560678168
series_1,2024-05-29 18:00:00,5.093176016,5.413770765587595,4.5829722792767145,2.8818880945852303
series_1,2024-05-29 19:00:00,5.341535604000001,4.932317978089816,3.4714765804408625,3.503799507454533
series_1,2024-05-29 20:00:00,4.538385972,4.8493114417251375,2.4878401528990506,4.162507997886558
series_1,2024-05-29 21:00:00,4.96719176,3.9507183415085643,1.430930421832319,3.68247383450405
series_1,2024-05-29 22:00:00,4.69816288,3.726208669862946,1.9428995201244712,3.1795868451831732
series_1,2024-05-29 23:00:00,4.515420092,4.5456815522379825,2.3225720456235646,3.9075414095367798
series_1,2024-05-30 00:00:00,4.670603824,4.567050265673121,2.2599188050953947,3.9687170626741746
series_1,2024-05-30 01:00:00,4.716535584,4.3300816044192905,3.0575790145670356,3.066075222594777
series_1,2024-05-30 02:00:00,4.442913528,3.374393177804351,2.1683920457484893,2.585460356367359
series_1,2024-05-30 03:00:00,4.645341355999999,3.634827709814194,1.758414325024439,3.181187127721654
series_1,2024-05-30 04:00:00,4.745078892,3.3582079785105554,1.4929444273127668,3.00810202019275
series_1,2024-05-30 05:00:00,3.966863644,3.9369410893377896,3.6144987710096355,-1.560417820740988
series_1,2024-05-30 06:00:00,3.931430572,2.05137704495087,1.8386035297077676,-0.9097718621157188
series_1,2024-05-30 07:00:00,3.355643152,1.3933611390028464,1.236837512406072,0.6416293568630332
series_1,2024-05-30 08:00:00,3.451115596,4.8800633688014035,-2.414750635180813,-4.240754396733105
series_1,2024-05-30 09:00:00,3.575459432,6.943797460973204,-5.0503539225967975,-4.765527088951341
series_1,2024-05-30 10:00:00,3.760498808,7.452410073186124,-5.543949449120721,-4.9802650937997335
series_1,2024-05-30 11:00:00,3.619094604,7.8480636361178755,-6.528246675858553,-4.355926787228806
series_1,2024-05-30 12:00:00,4.221784912,8.148108515677336,-7.0585483442337695,-4.070450546974895
series_1,2024-05-30 13:00:00,4.505577572,7.7125388583612695,-6.903743029615065,-3.4382536007069002
series_1,2024-05-30 14:00:00,4.5761156320000005,6.89884558919827,-6.117216846786464,-3.189628271913876
series_1,2024-05-30 15:00:00,4.124672048,5.715289629056565,-3.711110933709797,-4.346514831643984
series_1,2024-05-30 16:00:00,4.000656296,5.209608084803209,-3.3896222111310474,-3.956068460359859
series_1,2024-05-30 17:00:00,4.075787532,6.801592668827928,-2.958885338547577,-6.124268151051356
series_1,2024-05-30 18:00:00,3.779855764,6.810218261189073,-2.633743640913736,-6.280323813226478
series_1,2024-05-30 19:00:00,4.007217976,5.743772507185083,-3.6692999416796654,-4.418954690001338
series_1,2024-05-30 20:00:00,3.819225844,3.918050291490334,-2.7704280665075998,-2.7705317928070152
series_1,2024-05-30 21:00:00,3.115813748,3.471413923865962,1.4361738652505434,-3.1603985918839084
series_1,2024-05-30 22:00:00,3.09711296,4.727023456936547,1.6210587511613246,-4.4403737779281185
series_1,2024-05-30 23:00:00,3.258530288,5.264277523896806,2.422725713289135,-4.673651459701797
series_1,2024-05-31 00:00:00,2.992454164,6.173510307967038,4.124414160593978,-4.593630084635368
series_1,2024-05-31 01:00:00,3.161745508,5.841220214478178,3.5782791435346843,-4.616900688229409
series_1,2024-05-31 02:00:00,2.790682504,4.917897560765692,3.491994242797325,-3.462902341455138
series_1,2024-05-31 03:00:00,2.821194316,5.1839807120478065,3.6793875864050563,-3.6518163989844905
series_1,2024-05-31 04:00:00,2.666666752,5.285264278879044,4.6631330458179026,-2.4878120295946538
series_1,2024-05-31 05:00:00,2.854658884,5.671817971057161,5.044713611372915,-2.5923702814289116
series_1,2024-05-31 06:00:00,3.001312432,5.5077272157633725,4.627072045615952,-2.9875179276349058
series_1,2024-05-31 07:00:00,2.667979088,5.259293249013121,2.968088542798027,-4.341729595590457
series_1,2024-05-31 08:00:00,2.652887224,4.278712867951361,0.24911560560880527,-4.27145469616789
series_1,2024-05-31 09:00:00,2.776902976,5.10528540182033,0.8547560700751153,-5.033222734462435
series_1,2024-05-31 10:00:00,2.606955464,4.961756530625476,0.25313954742415357,-4.955294969901838
series_1,2024-05-31 11:00:00,2.3500656920000003,4.899705244255609,1.169481250870265,-4.758090487206904
series_1,2024-05-31 12:00:00,2.493110316,3.909473892562296,1.5917652952387609,-3.5707519322265515
series_1,2024-05-31 13:00:00,2.57381898,3.8326683689931644,0.8469966858688868,-3.7379062910682825
series_1,2024-05-31 14:00:00,2.05708668,4.170850726041257,3.4235905498045205,-2.382230787771845
series_1,2024-05-31 15:00:00,2.430446272,4.788660518104811,4.636385981178845,-1.1979960731088064
series_1,2024-05-31 16:00:00,2.375656244,5.198077337674005,4.9983732066791555,-1.4269804817137475
series_1,2024-05-31 17:00:00,2.369750732,5.4337481678703625,5.410493780012455,0.5021714928996428
series_1,2024-05-31 18:00:00,2.251312408,4.874036487029826,4.792054818997736,0.8901922762070117
series_1,2024-05-31 19:00:00,2.29494758,5.4638959843614225,5.082912464888288,2.004534909200672
series_1,2024-05-31 20:00:00,2.095800592,4.366010760368246,4.0310983457385845,1.6769901868034158
series_1,2024-05-31 21:00:00,2.088910828,4.882384588666318,4.7464778071503595,1.143952664176053
series_1,2024-05-31 22:00:00,1.785761212,7.441967978604419,6.970659322707165,-2.606299292354817
series_1,2024-05-31 23:00:00,2.142060436,3.971970718240056,3.961982407608442,-0.28150806091058767
series_1,2024-06-01 00:00:00,2.013123424,2.281465131220225,2.132964439591929,-0.8096578563875041
series_1,2024-06-01 01:00:00,1.973753344,3.2488485856188083,3.04237399293493,-1.1397269933587186
series_1,2024-06-01 02:00:00,2.194553876,3.104597435156014,2.451714396771501,-1.904631657575988
series_1,2024-06-01 03:00:00,2.176509256,4.401316981726643,3.270736972284516,-2.9451436012130956
series_1,2024-06-01 04:00:00,2.4524279,4.92435241576291,4.229423507043594,-2.522146608089441
series_1,2024-06-01 05:00:00,2.328740232,3.455288808409708,2.900760588298716,-1.8773941405294385
series_1,2024-06-01 06:00:00,2.072506628,4.402781648275377,2.8920305939910955,-3.3197357252965123
series_1,2024-06-01 07:00:00,2.022309776,4.969113678549066,3.216410171879917,-3.7877165095306218
series_1,2024-06-01 08:00:00,1.7837927079999998,5.545594511839711,3.4071107517319343,-4.375524518863925
series_1,2024-06-01 09:00:00,1.792322892,4.8465999596541876,2.6541643257043894,-4.0552364790574345
series_1,2024-06-01 10:00:00,2.011483004,5.229738077542696,2.7207371728454377,-4.466290361810009
series_1,2024-06-01 11:00:00,1.859252028,6.254625542598226,3.0322700857275646,-5.470436802059219
series_1,2024-06-01 12:00:00,2.01115492,5.567404416306541,1.2220488644587437,-5.431628531811125
series_1,2024-06-01 13:00:00,2.021653608,5.519103973889913,0.44409031395372406,-5.501208273430476
series_1,2024-06-01 14:00:00,1.895997436,5.33010292264177,-0.6375664845130895,-5.291833911205071
series_1,2024-06-01 15:00:00,2.067585368,4.767929077361489,-1.9633507031659998,-4.3449282736458095
series_1,2024-06-01 16:00:00,1.841863576,5.530931777036453,-4.859640656800699,-2.641041273626993
series_1,2024-06-01 17:00:00,1.91765098,5.521186490524171,-5.050395220730539,-2.2309209707133837
series_1,2024-06-01 18:00:00,1.976049932,5.970407681371343,-5.524705921996539,-2.26349118779692
series_1,2024-06-01 19:00:00,2.0357612200000004,4.022194609213778,-3.8761034192543407,-1.0741842289073065
series_1,2024-06-01 20:00:00,1.844488248,3.2949761882680595,-3.012378450713024,-1.3350820764781894
series_1,2024-06-01 21:00:00,1.7217848320000002,4.016358049497107,-3.4095619582575347,-2.1227386166373035
series_1,2024-06-01 22:00:00,1.7887139680000002,5.071181860101229,-4.832763758948435,-1.5366456678149158
series_1,2024-06-01 23:00:00,1.759842576,4.115072440805879,-3.850489038128106,-1.451742181082905
series_1,2024-06-02 00:00:00,1.93733602,1.6567761674571029,1.0459908371060715,1.284838681603253
series_1,2024-06-02 01:00:00,2.418963332,3.0970024679094834,2.6757372769569514,1.559440383900721
series_1,2024-06-02 02:00:00,2.648950216,2.529174433873831,2.0402868999388333,1.494641322491453
series_1,2024-06-02 03:00:00,2.51148302,4.2140556764803545,3.9385445232080483,1.4987102065390054
series_1,2024-06-02 04:00:00,2.2611549280000003,4.6106816485218385,4.41073358404429,1.3430616198074712
series_1,2024-06-02 05:00:00,1.90616804,3.2444982454389644,3.244080542694172,-0.05206051449616239
series_1,2024-06-02 06:00:00,1.5469160599999998,3.0270703872670595,2.848772811607409,1.0235470664876933
series_1,2024-06-02 07:00:00,1.384842564,4.440792016614473,4.234751071410118,-1.336980589992877
series_1,2024-06-02 08:00:00,1.254265132,5.458331635639816,4.303308764409514,-3.3578144562769827
series_1,2024-06-02 09:00:00,1.180774316,5.172819350057754,2.6765037463935597,-4.426554836876322
series_1,2024-06-02 10:00:00,1.077427856,3.830380239536833,2.047537726749342,-3.2371904542322465
series_1,2024-06-02 11:00:00,1.2057087,3.378222491293467,2.636219269797877,-2.112518677367702
series_1,2024-06-02 12:00:00,1.2280184120000002,3.7897522822122505,3.2117734675164438,-2.011649460987267
series_1,2024-06-02 13:00:00,1.21062996,2.7667733178745046,1.7858740311291503,-2.1132175792948567
series_1,2024-06-02 14:00:00,1.077099772,3.430422928122716,3.4300452558813634,-0.050901948840692546
series_1,2024-06-02 15:00:00,0.948490844,3.3702741799795453,3.3701962072338585,-0.022925378586007295
series_1,2024-06-02 16:00:00,0.946194256,3.841175259808107,3.42322457374475,1.7424582905401063
series_1,2024-06-02 17:00:00,0.82185042,5.239062192995192,4.637099643698341,2.4382533823383303
series_1,2024-06-02 18:00:00,0.832021024,5.499133828895913,5.372175796017991,1.1748191711007685
series_1,2024-06-02 19:00:00,0.74967194,6.467788294592914,6.338536042705318,1.286563740744596
series_1,2024-06-02 20:00:00,1.034120768,6.072688404295285,6.020152984828777,0.7970586521201399
series_1,2024-06-02 21:00:00,1.325787444,5.209103877793546,4.931609576180543,1.6774952154233183
series_1,2024-06-02 22:00:00,1.18766408,5.067928744429557,4.674115489930093,1.9587103270802722
series_1,2024-06-02 23:00:00,1.255249384,3.8578099462730155,3.438383285905259,1.7493478672837945
series_1,2024-06-03 00:00:00,0.974737564,4.193216772395886,4.04627345688371,1.1003354090551334
series_1,2024-06-03 01:00:00,1.091535468,3.108700378262007,3.1049343257441935,-0.1529734441718391
series_1,2024-06-03 02:00:00,1.026246752,3.5910819234124265,3.590352508081066,-0.072375744386452
series_1,2024-06-03 03:00:00,1.657152284,3.3040047925385974,3.2925470703656443,-0.2749208223191428
series_1,2024-06-03 04:00:00,1.574475116,4.111990115863843,4.10368448490601,0.2612209051811084
series_1,2024-06-03 05:00:00,1.659448872,3.1317032735828914,2.603428297455897,-1.7406109541697388
series_1,2024-06-03 06:00:00,1.4921260319999998,3.352951946924711,-1.5259546886070432,-2.9855902342257874
series_1,2024-06-03 07:00:00,1.309383244,3.021810074061122,-2.6519226287256195,-1.448669215159308
series_1,2024-06-03 08:00:00,1.072178512,5.034058236751489,-4.984093531617554,-0.7074984092516087
series_1,2024-06-03 09:00:00,1.150262504,6.094274232331878,-5.720735840898752,-2.100799813766355
series_1,2024-06-03 10:00:00,1.227690328,5.973092840700347,-5.277472835869013,-2.7975200714723067
series_1,2024-06-03 11:00:00,1.413385872,6.448966062972078,-5.430555635647417,-3.478250820384243
series_1,2024-06-03 12:00:00,1.750656224,6.412152492678861,-5.333241329196925,-3.5598084939942423
series_1,2024-06-03 13:00:00,1.914698224,6.078557516135158,-5.143492912813601,-3.239342855086426
series_1,2024-06-03 14:00:00,1.975393764,5.849545359473917,-5.5377002678469545,-1.8844247546746473
series_1,2024-06-03 15:00:00,2.08825466,4.617460608142234,-4.038980080141936,-2.2377628069037794
series_1,2024-06-03 16:00:00,2.1548557120000003,4.590752323013814,-4.332583572842821,-1.5178031741926465
series_1,2024-06-03 17:00:00,1.934383264,4.357869012987568,-3.8560430682760574,-2.0302596360951988
series_1,2024-06-03 18:00:00,1.646653596,3.391957208546682,-3.276904866293982,-0.8759384692263597
series_1,2024-06-03 19:00:00,1.512795324,3.4991831002346685,-3.4953328430462953,-0.16410571376344119
series_1,2024-06-03 20:00:00,1.309711328,2.804624441031884,-2.7902676501360832,0.283416117815251
series_1,2024-06-03 21:00:00,1.2673884919999998,2.658661867335896,-2.437744197764699,1.0610778251808561
series_1,2024-06-03 22:00:00,1.216863556,2.399979992621658,-2.2525422716257895,0.828225379666176
series_1,2024-06-03 23:00:00,1.412073536,2.5001882081401154,-2.2717801168857834,1.044009663099579
series_1,2024-06-04 00:00:00,1.3405512240000002,2.750131009728569,2.7059973628938336,-0.49071258663529094
series_1,2024-06-04 01:00:00,1.3697507,3.3499985030021975,2.934036739984093,-1.6167616950374848
series_1,2024-06-04 02:00:00,1.328084032,3.158090744838752,1.6784724456065394,-2.6751200724408215
series_1,2024-06-04 03:00:00,1.275590592,4.3231478521421005,2.750435465775512,-3.3353728577304667
series_1,2024-06-04 04:00:00,1.238845184,5.218642973895535,4.062141274153491,-3.2761628100275924
series_1,2024-06-04 05:00:00,1.088910796,5.689883647170926,3.9300121085016215,-4.1145814787623
series_1,2024-06-04 06:00:00,1.098425232,5.403764687247327,2.9440384131420223,-4.531369618237449
series_1,2024-06-04 07:00:00,1.18602366,4.684897715979788,0.9392659354321762,-4.589776259441124
series_1,2024-06-04 08:00:00,1.0574147319999998,4.900140496567829,-1.1108123919951192,-4.772575061315861
series_1,2024-06-04 09:00:00,1.36318902,5.945682921744932,-4.438454478091664,-3.9561682537320633
series_1,2024-06-04 10:00:00,1.527559104,5.157358103232544,-3.766540470308177,-3.52299808267178
series_1,2024-06-04 11:00:00,1.581692964,5.324972154196011,-4.165132870884424,-3.3176794014553277
series_1,2024-06-04 12:00:00,1.581692964,5.354998307355102,-3.528163002860039,-4.028408208837039
series_1,2024-06-04 13:00:00,1.66666672,5.155510375167867,-4.24343615913478,-2.927889477389983
series_1,2024-06-04 14:00:00,1.815616856,3.8021415601982036,-1.3606278423920042,-3.550348196768045
series_1,2024-06-04 15:00:00,1.631889816,4.00675624836708,-0.9515817764713348,-3.892118671946719
series_1,2024-06-04 16:00:00,1.643372756,3.844050477446622,-0.9959840491994592,-3.7127806085059554
series_1,2024-06-04 17:00:00,1.55347774,3.882279082223803,2.5295210163477253,-2.945100049255995
series_1,2024-06-04 18:00:00,1.6525591080000002,3.534457888726253,2.460336409564676,-2.537545530419039
series_1,2024-06-04 19:00:00,1.445866188,4.353348876796674,4.319695649167185,-0.5402554411322062
series_1,2024-06-04 20:00:00,1.396981672,4.661490751540497,4.660943646674866,-0.07141672926416093
series_1,2024-06-04 21:00:00,1.448162776,4.967550948370049,4.905776460605491,0.7809735867628564
series_1,2024-06-04 22:00:00,1.513779576,4.612411225781249,4.554933582859515,0.7258907434672668
series_1,2024-06-04 23:00:00,1.595144408,4.320964102518937,4.244263932670729,0.8105272636300909
series_1,2024-06-05 00:00:00,1.639107664,4.266235906491322,4.114932605953659,1.1260987782140868
series_1,2024-06-05 01:00:00,1.656496116,3.9628035447993892,3.831511966497442,1.0115967503217433
series_1,2024-06-05 02:00:00,1.540026296,3.4803881900488447,3.298333661061894,1.1108991915279784
series_1,2024-06-05 03:00:00,1.500656216,3.332840706931025,3.159385261474048,1.0611842193309584
series_1,2024-06-05 04:00:00,1.352362248,5.3390015004095055,5.314339550907445,0.5125740522459163
series_1,2024-06-05 05:00:00,1.35990818,5.917912756037267,5.887983434247181,0.5944261653892519
series_1,2024-06-05 06:00:00,1.1866798280000002,4.926552206480305,4.909507571413223,0.4094533543789787
series_1,2024-06-05 07:00:00,1.063320244,5.408330515771641,5.185739102050514,1.5356265604928425
series_1,2024-06-05 08:00:00,1.20734912,5.181274015202615,4.74824991778293,2.07357737711623
series_1,2024-06-05 09:00:00,1.16797904,5.99578816143184,5.225202356033304,2.9405332875637056
series_1,2024-06-05 10:00:00,1.410433116,6.4787987968682055,5.23998137736729,3.8101744074444817
series_1,2024-06-05 11:00:00,1.687007928,5.821594833070101,4.518256904445971,3.6710108888226975
series_1,2024-06-05 12:00:00,1.867126044,6.329080312614907,5.058427473364695,3.803888681367907
series_1,2024-06-05 13:00:00,1.741469872,5.408210413454262,4.640376616259916,2.777704940317329
series_1,2024-06-05 14:00:00,1.594816324,4.7191939512941445,3.7922287526868304,2.8088774692439906
series_1,2024-06-05 15:00:00,1.606299264,5.570534406477533,4.0183002883614,3.8579938266286393
series_1,2024-06-05 16:00:00,3.022055303316216,5.8006648839643145,4.217233734006089,3.982794587826215
series_1,2024-06-05 17:00:00,1.5370735400000002,4.513599795699288,3.51554841194881,2.8308130420394866
series_1,2024-06-05 18:00:00,1.601706088,4.3374527994721666,2.989793745762979,3.1423924238461223
series_1,2024-06-05 19:00:00,1.627952808,4.4347698127851825,2.1090980023522845,3.9011394372496255
series_1,2024-06-05 20:00:00,1.697178532,4.645265481459651,1.9543951933725388,4.214122781951527
series_1,2024-06-05 21:00:00,1.774606356,4.682236711549926,1.1077388860154576,4.54931370465866
series_1,2024-06-05 22:00:00,1.905839956,4.665245699726872,0.7850442169438491,4.598719714905779
series_1,2024-06-05 23:00:00,1.885498748,5.1286204472146535,1.4669856999383861,4.914336236742915
series_1,2024-06-06 00:00:00,1.982611612,5.1853309919826795,1.614899296599931,4.927449417118062
series_1,2024-06-06 01:00:00,1.865485624,5.604950127436202,-0.6454215476837726,5.567665305748234
series_1,2024-06-06 02:00:00,2.003280904,6.528218664705404,0.46685213602327114,6.511504282214558
series_1,2024-06-06 03:00:00,1.828084048,6.411946457534974,0.3451117781680452,6.4026522031783815
series_1,2024-06-06 04:00:00,1.846456752,6.00600112858058,1.223175262043262,5.880126855335401
series_1,2024-06-06 05:00:00,1.7811680360000002,5.111115680244187,3.6771192822910783,3.5499714478628057
series_1,2024-06-06 06:00:00,1.876968564,5.591354504385203,4.83208818551458,2.813213280417806
series_1,2024-06-06 07:00:00,1.86843838,4.9241018954156806,3.621082284552,3.336846200372436
series_1,2024-06-06 08:00:00,1.955052556,4.887988731808121,4.039603720287087,2.7520965872087197
series_1,2024-06-06 09:00:00,1.816601108,3.2387491374563417,1.513382378887881,2.863419241160095
series_1,2024-06-06 10:00:00,1.7388452,4.38480182894586,2.7161163671696333,3.4422665438806734
series_1,2024-06-06 11:00:00,1.842847828,3.3121287953418816,1.4562627748378782,2.974810227149683
series_1,2024-06-06 12:00:00,1.860892448,5.246158397806155,1.9475410935921205,4.871268995204643
series_1,2024-06-06 13:00:00,2.089566996,4.67360333937205,1.784287721688036,4.319593210016761
series_1,2024-06-06 14:00:00,2.16863524,2.9909382373553526,-1.1347982787905972,2.767299117574434
series_1,2024-06-06 15:00:00,2.2555775,3.019528438628245,-1.3553876312026003,2.6982357867443185
series_1,2024-06-06 16:00:00,2.398622124,3.3796906217672245,-2.187952667671796,2.575882726928615
series_1,2024-06-06 17:00:00,2.116797968,3.6795367961276844,-2.6002177266746243,2.6034321208636557
series_1,2024-06-06 18:00:00,2.022965944,3.3174416393531434,-3.31742008432867,-0.011958871469877369
series_1,2024-06-06 19:00:00,1.977034184,3.2340430571645866,-2.011891914469784,2.5320595214341965
series_1,2024-06-06 20:00:00,1.896981688,4.769458672038869,-1.5109287755333736,4.523807053749308
series_1,2024-06-06 21:00:00,1.66338588,4.508303795925022,-1.6108186147310835,4.210708551632112
series_1,2024-06-06 22:00:00,1.549540732,4.639617572532353,-3.3693392775684083,3.1896087615859408
series_1,2024-06-06 23:00:00,1.718832076,4.6895739456212935,-3.7041032179911078,2.8760603508824327
series_1,2024-06-07 00:00:00,1.577099788,5.7106874175597655,-4.271502068488089,3.7902797865035507
series_1,2024-06-07 01:00:00,1.7408137039999998,6.722123135971722,-5.705677666440032,3.5541780796484748
series_1,2024-06-07 02:00:00,1.953084052,6.966995514540144,-6.070533485650868,3.4187204769056505
series_1,2024-06-07 03:00:00,2.125328152,6.823048072157981,-6.425615162426503,2.2946578785024494
series_1,2024-06-07 04:00:00,2.381561756,6.999881280992954,-6.919742869190972,1.0561707117110637
series_1,2024-06-07 05:00:00,2.56397646,6.825241993438545,-6.591425373512682,1.7711690530297097
series_1,2024-06-07 06:00:00,2.6410762,7.235378525658512,-7.024087169752947,1.7357712525769005
series_1,2024-06-07 07:00:00,3.003280936,7.60594762418953,-7.576198575201619,0.6720523871152484
series_1,2024-06-07 08:00:00,3.312992232,8.593886725490343,-8.573996088457262,0.584363008479044
series_1,2024-06-07 09:00:00,3.46620746,9.909927951513383,-9.837712849749801,1.1941850317492242
series_1,2024-06-07 10:00:00,3.74343844,9.31718287769294,-9.303659161419503,0.5018196732984974
series_1,2024-06-07 11:00:00,4.1059712600000005,9.032947817716426,-8.955090810904785,1.183425048761692
series_1,2024-06-07 12:00:00,4.265748168,8.752703401422835,-8.620312877351715,1.5165825825991361
series_1,2024-06-07 13:00:00,4.525262612,8.809871873129415,-8.56347515856248,2.0689938689227843
series_1,2024-06-07 14:00:00,4.738189128,7.971147680314874,-7.179679846127733,3.4628590281003993
series_1,2024-06-07 15:00:00,4.053805904,7.478367598193163,-6.405405465096849,3.859632464550582
series_1,2024-06-07 16:00:00,4.116798031999999,7.344558954375934,-6.78769251994319,2.8053121910067302
series_1,2024-06-07 17:00:00,3.773622168,5.909572839889169,-5.083791094527028,3.0129917452863064
series_1,2024-06-07 18:00:00,3.815288836,6.210366471908404,-5.587666384828202,2.710467872391219
series_1,2024-06-07 19:00:00,3.654199592,5.80052804904399,-4.67108501915701,3.4390537058256347
series_1,2024-06-07 20:00:00,4.041666796,4.696116457205518,-3.7255859669609555,2.8589366873752398
series_1,2024-06-07 21:00:00,3.967519812,2.8378666819888574,-1.8469772403086604,2.154567793903049
series_1,2024-06-07 22:00:00,4.140091996,4.2641080293366365,-3.887365206420154,1.7524294672731244
series_1,2024-06-07 23:00:00,4.71292666,3.429884745876476,-2.5936151018180893,2.244386346781071
series_1,2024-06-08 00:00:00,4.959317744,2.6305291871097016,1.4657152173192942,2.1843449146036167
series_1,2024-06-08 01:00:00,4.537073636,2.393182877087629,1.3633854665981164,1.9668513804185763
series_1,2024-06-08 02:00:00,4.16174554,2.948296058546295,2.103178889567541,2.0661771964952718
series_1,2024-06-08 03:00:00,4.108595932,3.853069991885446,2.603098590673141,2.8407791342523647
series_1,2024-06-08 04:00:00,4.4366799320000005,5.303411408038114,4.95818720198321,1.8821668982847182
series_1,2024-06-08 05:00:00,4.319553944,4.211435443044184,3.8875913612801734,1.6195128584326024
series_1,2024-06-08 06:00:00,4.019029000000001,3.8757604945376847,-3.230033799044078,2.142055337299174
series_1,2024-06-08 07:00:00,3.920275716,4.7816284413402705,-1.4989426571173725,4.5406102521255995
series_1,2024-06-08 08:00:00,4.003937135999999,5.0049550846515976,0.06596254643225352,5.004520390791514
series_1,2024-06-08 09:00:00,4.179133992,4.654297740604223,0.8659002092267543,4.5730410326012425
series_1,2024-06-08 10:00:00,4.010170732,4.291384926058204,2.912182055178949,3.1520120972314327
series_1,2024-06-08 11:00:00,3.87795288,3.4560011381486118,1.3305540141720307,3.189603405167356
series_1,2024-06-08 12:00:00,3.790354452,3.1593957658776874,1.3688001407588977,2.847484465296392
series_1,2024-06-08 13:00:00,3.819553928,3.5373855355143546,1.5309263502467498,3.1889435455941113
series_1,2024-06-08 14:00:00,3.72539382,5.149795700071714,4.041950036008197,3.1910869087021805
series_1,2024-06-08 15:00:00,3.621719276,5.771803747960552,4.608840364821058,3.474522844444627
series_1,2024-06-08 16:00:00,3.432742892,5.821053775213497,4.551872110938226,3.6283780590768204
series_1,2024-06-08 17:00:00,3.3372704480000004,7.445315281440811,6.851565692711246,2.9135489010000026
series_1,2024-06-08 18:00:00,3.50065628,7.5111036955988135,6.7275613502646205,3.3401492488306315
series_1,2024-06-08 19:00:00,3.650590668,9.29405189313996,7.935689733548335,4.8377917529833825
series_1,2024-06-08 20:00:00,3.908792776,9.193697101663933,7.456062766274892,5.378772575831125
series_1,2024-06-08 21:00:00,4.18799226,8.03639600298672,7.21844385188073,3.5323829172481056
series_1,2024-06-08 22:00:00,3.939632672,7.35575015193589,5.863077754280016,4.442001749771343
series_1,2024-06-08 23:00:00,4.110892519999999,7.276643231343601,5.555900989818207,4.6990957542484395
series_1,2024-06-09 00:00:00,4.318569692,6.498419424184475,4.814827919026568,4.364273951389896
series_1,2024-06-09 01:00:00,4.482939776,8.568676146949155,6.85119343025947,5.146198547711203
series_1,2024-06-09 02:00:00,4.51279542,8.574033873139665,7.816195108369001,3.5243653167137587
series_1,2024-06-09 03:00:00,4.127624804,9.349066955887803,8.85755555385185,2.991448237242539
series_1,2024-06-09 04:00:00,4.040026376,9.605475179072664,9.28865369240022,2.446643823371272
series_1,2024-06-09 05:00:00,3.94028884,8.265837755417417,8.092003191415394,1.6862853106776183
series_1,2024-06-09 06:00:00,4.150918768,8.835926888594487,8.764991248738502,1.1173774608987517
series_1,2024-06-09 07:00:00,3.86646994,7.505467181205244,7.410140916715113,1.1924131845017019
series_1,2024-06-09 08:00:00,4.026574932,7.888080401918839,7.728773312934014,1.5773000679690146
series_1,2024-06-09 09:00:00,3.810039492,7.624760703595212,7.5105804105457254,1.3145941137159218
series_1,2024-06-09 10:00:00,4.296916148,7.004056109027791,6.995204532294745,0.35201637713685874
series_1,2024-06-09 11:00:00,4.23720486,7.961245271818279,6.850322454090487,4.056415727342623
series_1,2024-06-09 12:00:00,3.86975078,7.211584934622508,6.1938822305294865,3.693613431804335
series_1,2024-06-09 13:00:00,3.992454196,7.157490349123121,5.779868239491708,4.22170477791918
series_1,2024-06-09 14:00:00,3.837926632,6.483660692030703,5.312528223961038,3.7168400340882903
series_1,2024-06-09 15:00:00,3.752296708,4.817408821957803,4.341663673226542,2.087434862806951
series_1,2024-06-09 16:00:00,3.62860904,4.921664865742652,4.9164749254745725,0.22596317811853395
series_1,2024-06-09 17:00:00,3.358923992,5.328754805047453,3.3943635757708015,-4.107788174650292
series_1,2024-06-09 18:00:00,3.10203422,4.052751873055973,-4.0523708796556335,0.0555697604612983
series_1,2024-06-09 19:00:00,3.022637892,4.7882303643403805,-4.505224821378935,1.6217580987380191
series_1,2024-06-09 20:00:00,3.0429791,8.267367807793894,3.886383835181653,-7.296943959972939
series_1,2024-06-09 21:00:00,2.998031592,7.884107649120566,3.2463731375218567,-7.184720932290824
series_1,2024-06-09 22:00:00,2.907152324,6.796009074810931,1.8168249063509978,-6.548655327971935
series_1,2024-06-09 23:00:00,2.661745492,5.365379500799838,3.8941501389908604,-3.690920194558611
series_1,2024-06-10 00:00:00,2.603018456,6.701013786303881,6.671328347036716,0.6300506727708872
series_1,2024-06-10 01:00:00,2.723753368,7.375893536766662,7.241171781813991,1.4032949411926947
series_1,2024-06-10 02:00:00,2.76902896,7.422614517749305,5.905149729966843,4.4971560953312775
series_1,2024-06-10 03:00:00,3.105971228,7.605699611903549,6.43677121205859,4.051498852292025
series_1,2024-06-10 04:00:00,3.5357612680000003,7.896082291619718,5.884423400358926,5.2651378710665115
series_1,2024-06-10 05:00:00,3.63024946,8.039988991544824,6.7514955007081525,4.365630709081968
series_1,2024-06-10 06:00:00,3.479002736,7.840827330790002,7.393756536033725,2.609777292629016
series_1,2024-06-10 07:00:00,3.4963911880000005,7.097742050936364,6.8313667114037795,1.9262323525355516
series_1,2024-06-10 08:00:00,3.409777012,7.494961476880999,7.347202814576852,1.4808978159900748
series_1,2024-06-10 09:00:00,3.3973098200000003,7.441186953524631,7.020594517427588,2.466275714345595
series_1,2024-06-10 10:00:00,3.4442258320000003,7.306238645324571,6.25741181209615,3.7717264689096686
series_1,2024-06-10 11:00:00,3.062336056,8.03775016644048,7.880717830953872,1.5810484518191308
series_1,2024-06-10 12:00:00,3.404855752,7.92612842980284,7.781586800399919,1.5067908791768638
series_1,2024-06-10 13:00:00,3.33497386,7.516229467470382,6.834660923663867,3.127477492518895
series_1,2024-06-10 14:00:00,3.332677272,7.078506645258705,6.623351603468352,2.4972925066569287
series_1,2024-06-10 15:00:00,3.5623360720000004,7.085463472580439,5.838944181750755,4.013791656734397
series_1,2024-06-10 16:00:00,3.676837388,7.69712101635856,6.735912857269737,3.724667759644728
series_1,2024-06-10 17:00:00,3.5022967,8.413931073913904,6.699771388270269,5.089921361031922
series_1,2024-06-10 18:00:00,3.552165468,7.727328770861122,6.142087279892792,4.688962974811938
series_1,2024-06-10 19:00:00,3.650590668,9.028725984957735,5.128955103092296,7.430458428785839
series_1,2024-06-10 20:00:00,3.796588048,9.22665356649079,6.18308059144039,6.8484049555929705
series_1,2024-06-10 21:00:00,3.730971248,8.989813644411417,6.079887851199786,6.622062599981892
series_1,2024-06-10 22:00:00,3.739501432,7.765596562690527,6.296707803023917,4.544882926743949
series_1,2024-06-10 23:00:00,3.209317688,8.366450022843818,5.359301950075862,6.424590928040196
series_1,2024-06-11 00:00:00,3.15944892,7.826329086157054,5.3604157229568585,5.702400392984065
series_1,2024-06-11 01:00:00,3.1899607320000003,6.69946110744975,4.846544096768897,4.625342089868207
series_1,2024-06-11 02:00:00,3.06430456,5.4205627571983435,3.7510841822765033,3.9130382137414306
series_1,2024-06-11 03:00:00,3.132217948,5.127148201000165,2.8981691222418338,4.229452022887035
series_1,2024-06-11 04:00:00,3.119750756,4.706852540272152,2.9556575406957584,3.6631338138259038
series_1,2024-06-11 05:00:00,3.173228448,3.3338053437247805,3.1384787967475267,1.1243704515034616
series_1,2024-06-11 06:00:00,3.064960728,2.539259202089902,2.0615560859516755,1.4825059190012881
series_1,2024-06-11 07:00:00,2.91010508,2.3273071522629825,2.3237383009343557,0.12883667857076253
series_1,2024-06-11 08:00:00,2.7723098,2.6650785448270824,2.569536967401402,-0.7071940492221689
series_1,2024-06-11 09:00:00,2.395669368,3.5296901611223026,3.2397611590844777,-1.4009497726939353
series_1,2024-06-11 10:00:00,2.3146326200000003,4.552167641381945,4.208292250278752,-1.7356573888554905
series_1,2024-06-11 11:00:00,2.309383276,3.989849090539548,3.871827527576206,-0.9632483386865415
series_1,2024-06-11 12:00:00,2.272965952,3.598769972898028,3.284165343920051,-1.4715309414439661
series_1,2024-06-11 13:00:00,2.2719817,2.5131033101651576,2.2709145250480205,-1.0763993067114992
series_1,2024-06-11 14:00:00,2.2906824880000003,2.439481353971625,1.789323932999811,1.6581282034780431
series_1,2024-06-11 15:00:00,2.35892396,2.6157382886857454,2.4926462584157405,0.7929700027760456
series_1,2024-06-11 16:00:00,2.566273048,2.683148705743908,0.15696468729137955,2.6785535395206734
series_1,2024-06-11 17:00:00,2.575787484,5.131849774788811,1.5010830747984911,4.907405802820211
series_1,2024-06-11 18:00:00,2.401902964,5.464181682575662,1.8424036742872163,5.144203549741044
series_1,2024-06-11 19:00:00,2.375000076,5.482129985791985,2.4480097613335117,4.90520105495539
series_1,2024-06-11 20:00:00,2.40813656,5.164684298773328,2.0661540182607263,4.733389005651321
series_1,2024-06-11 21:00:00,2.415026324,4.611304389746427,1.0661226792309197,4.486369423902155
series_1,2024-06-11 22:00:00,2.639763864,3.9319170216016754,0.6251741122896464,3.8818975764545676
series_1,2024-06-11 23:00:00,2.280839968,3.853147765045855,0.9514762599910583,3.7338238611310115
series_1,2024-06-12 00:00:00,2.602034204,3.0638620107087364,0.45966707182767497,3.029184148205842
series_1,2024-06-12 01:00:00,2.76574812,2.4425458278331145,-0.35539575796991446,2.416552084330471
series_1,2024-06-12 02:00:00,2.854986968,2.862560672203572,-0.5712927425610319,2.8049738330942877
series_1,2024-06-12 03:00:00,2.632217932,2.3375539404198213,-0.6432325654849933,2.247311792135623
series_1,2024-06-12 04:00:00,2.982939728,3.4585294431939837,-1.532546760506031,3.10043970047833
series_1,2024-06-12 05:00:00,2.790682504,3.0095933523506844,-0.2623538834689244,2.9981365189634386
series_1,2024-06-12 06:00:00,2.647309796,2.8175548741729632,-2.2021223506461123,1.7576326754361005
series_1,2024-06-12 07:00:00,2.805446284,3.006491137156266,-2.2519094257416374,1.9919570517596872
series_1,2024-06-12 08:00:00,2.729986964,3.614613160285054,-3.0137066341811782,1.9957456304845715
series_1,2024-06-12 09:00:00,2.597112944,3.15588600014121,-0.708778247712075,3.075264190513961
series_1,2024-06-12 10:00:00,2.638123444,2.575346779678334,-1.3937615042219282,2.1656038199422794
series_1,2024-06-12 11:00:00,2.377296664,2.9326016446069705,-1.1005701187494286,2.7182527144596724
series_1,2024-06-12 12:00:00,2.478346536,1.6737691233235936,-0.7148606022073698,1.5134323234301388
series_1,2024-06-12 13:00:00,2.251312408,1.9865578230068175,-1.770822357261906,0.9003333622447702
series_1,2024-06-12 14:00:00,2.651246804,2.687578004647446,-2.2979639777518694,1.393713416746625
series_1,2024-06-12 15:00:00,2.392060444,2.8566020588742416,-1.9093507513509769,2.1247482276919345
series_1,2024-06-12 16:00:00,2.789698252,3.266214148807802,0.5856086868745918,3.2132876204487655
series_1,2024-06-12 17:00:00,2.372375404,2.376203682605804,1.2446154215436729,2.0241730147606085
series_1,2024-06-12 18:00:00,2.471784856,1.6724032177688086,1.5658195239002723,-0.5874876521052926
series_1,2024-06-12 19:00:00,2.40977698,1.833554995738404,1.1183214655191196,1.4530247837378505
series_1,2024-06-12 20:00:00,2.220472512,2.4713726287043283,1.6182794671591498,1.8678474873715036
series_1,2024-06-12 21:00:00,2.266404272,2.6437949808769,0.8444828397814804,2.505294520455528
series_1,2024-06-12 22:00:00,2.426509264,3.1113224766799488,1.1693117821924048,2.883233863202892
series_1,2024-06-12 23:00:00,2.101706104,3.7996659369351318,2.4778303187693007,2.8805933665987564
series_1,2024-06-13 00:00:00,2.306758604,4.023745976281052,2.4718199625408923,3.175002008569806
series_1,2024-06-13 01:00:00,2.136483008,3.986662825668564,1.78348960933963,3.565479673051753
series_1,2024-06-13 02:00:00,2.139763848,4.760782633341627,2.06198664097996,4.291067742922199
series_1,2024-06-13 03:00:00,2.2801838,4.780645919735386,1.291195498872263,4.602976166957049
series_1,2024-06-13 04:00:00,2.18503944,5.106694541761207,2.074830168021932,4.6661985509319885
series_1,2024-06-13 05:00:00,2.324803224,4.538871665542631,2.261294049893083,3.9354675981621137
series_1,2024-06-13 06:00:00,2.3129922,4.84613719386083,2.4223600074503664,4.197286944685386
series_1,2024-06-13 07:00:00,2.255249416,4.456339921420996,0.8383517022620137,4.376771860465756
series_1,2024-06-13 08:00:00,2.149278284,3.510140428511577,0.09669459992928231,3.508808342189119
series_1,2024-06-13 09:00:00,2.275918708,3.10958719706853,0.10124606412377046,3.1079385081870523
series_1,2024-06-13 10:00:00,2.16371398,3.620310572277768,-0.595053911751015,3.571072595433478
series_1,2024-06-13 11:00:00,2.134514504,3.230775774892228,-0.2877159444850105,3.2179390365449088
series_1,2024-06-13 12:00:00,2.102034188,3.6648834920938347,-1.695072847591759,3.2493228605324935
series_1,2024-06-13 13:00:00,2.03248038,3.883939605766081,0.14253838139401953,3.8813231855989465
series_1,2024-06-13 14:00:00,2.258530256,3.6426466770746586,0.332204763571154,3.6274667206004367
series_1,2024-06-13 15:00:00,2.140420016,3.1214760056728057,0.29589622171755914,3.1074198107053905
series_1,2024-06-13 16:00:00,2.321850468,4.6148899261951675,1.399799952253972,4.397473038526492
series_1,2024-06-13 17:00:00,2.382874092,4.741059961649849,1.9479528256497423,4.322398564339301
series_1,2024-06-13 18:00:00,2.487860972,6.339792759501899,3.7135312834186593,5.138351646248402
series_1,2024-06-13 19:00:00,2.554462024,6.682757904425633,4.385324703664893,5.042636260190664
series_1,2024-06-13 20:00:00,2.444881968,6.453497362149854,3.3557737881844374,5.512387004357494
series_1,2024-06-13 21:00:00,2.589895096,5.97874787343839,2.816660991461357,5.2736938660984105
series_1,2024-06-13 22:00:00,2.456692992,6.452351465168102,2.7612264433536198,5.831677971097314
series_1,2024-06-13 23:00:00,2.674212684,6.532858532510195,2.0340742966973058,6.208122289493549
series_1,2024-06-14 00:00:00,2.833989592,6.4243819138871405,1.6692137211149913,6.203741494350135
series_1,2024-06-14 01:00:00,2.886483032,7.009927462286657,2.0906275550604168,6.690916189322861
series_1,2024-06-14 02:00:00,2.80839904,6.7724865960916345,1.6343007333148654,6.572338686291764
series_1,2024-06-14 03:00:00,2.792979092,7.321038805938236,2.0078217596441226,7.040331027697002
series_1,2024-06-14 04:00:00,3.176837372,7.826481910435777,2.1289064380419482,7.531372814596419
series_1,2024-06-14 05:00:00,3.581693028,7.591535457793098,3.0923513744555673,6.933164759605287
series_1,2024-06-14 06:00:00,3.74343844,7.2537744977289185,2.5030333877069006,6.808235331121196
series_1,2024-06-14 07:00:00,3.75492138,9.042777909660769,2.5105352963899397,8.687292147097914
series_1,2024-06-14 08:00:00,4.082349212,9.349494536685908,3.2135214662270704,8.779881996793435
series_1,2024-06-14 09:00:00,4.607611696,10.954142233155022,3.6216795534704307,10.338117298433245
series_1,2024-06-14 10:00:00,4.882546088,10.497738647184441,4.220909206342887,9.61178662769829
series_1,2024-06-14 11:00:00,5.476050044,10.001827748120032,3.315943937547247,9.43615780421817
series_1,2024-06-14 12:00:00,5.476050044,9.706133666107597,2.95143714863951,9.246515532998254
series_1,2024-06-14 13:00:00,5.793635356,9.837761686849834,1.41839405560318,9.734973719033865
series_1,2024-06-14 14:00:00,5.878609112,9.554509421621903,2.7761447677179723,9.142301160896737
series_1,2024-06-14 15:00:00,6.26148314,9.419993892863106,2.273932700194983,9.141417560562594
series_1,2024-06-14 16:00:00,5.869750844,10.268566753791092,1.296121524705998,10.186438640185171
series_1,2024-06-14 17:00:00,6.052493632,9.673038810965616,2.125678904367669,9.43658672582271
series_1,2024-06-14 18:00:00,6.297244296,10.039429941147262,0.5257081820825495,10.025656310212094
series_1,2024-06-14 19:00:00,6.061679984,9.814355687517232,1.2412869558945119,9.735542319471882
series_1,2024-06-14 20:00:00,5.861548744,9.722335792684582,-0.319061128033441,9.717099014741683
series_1,2024-06-14 21:00:00,6.127296783999999,11.321492931302094,-1.7746589696346324,11.181537807252571
series_1,2024-06-14 22:00:00,6.583333544,7.199647002502253,0.08544191173786153,7.199139993107389
series_1,2024-06-14 23:00:00,6.2171918,4.590119789264566,-0.7186253960000508,4.5335170916212455
series_1,2024-06-15 00:00:00,5.802493624,4.063902221296883,-0.5570869721081284,4.025537898190643
series_1,2024-06-15 01:00:00,5.502952932,5.684146469202554,-2.7323005553298385,4.984381080805531
series_1,2024-06-15 02:00:00,4.678149756,4.730080628415011,-1.5662240715030855,4.463250486937882
series_1,2024-06-15 03:00:00,4.30118124,6.0938445793656,1.2569322351354129,5.962806647355002
series_1,2024-06-15 04:00:00,3.85006574,6.916035362246063,0.18925059642109043,6.913445547886545
series_1,2024-06-15 05:00:00,3.789698284,5.157817306566743,1.0921198896746969,5.040868329414719
series_1,2024-06-15 06:00:00,4.333333472,4.481951143557972,1.2376914857636798,4.307668260127364
series_1,2024-06-15 07:00:00,3.624343948,4.270162896619185,2.6672108918763513,3.334707966512106
series_1,2024-06-15 08:00:00,3.569882004,4.5376221483171975,4.185167376066975,-1.7533935083726782
series_1,2024-06-15 09:00:00,3.5561024760000004,6.372191311370378,1.7915827785705494,-6.115149487644073
series_1,2024-06-15 10:00:00,2.951771748,4.9114811435461005,4.1432850992491295,-2.637391819534792
series_1,2024-06-15 11:00:00,3.089895112,7.3433318177206175,2.581402211723068,-6.874655250007759
series_1,2024-06-15 12:00:00,2.790682504,7.332796651804471,1.3928198200851982,-7.199302722173356
series_1,2024-06-15 13:00:00,2.741797988,7.957066446309914,2.752747344493552,-7.46574098722791
series_1,2024-06-15 14:00:00,2.725721872,6.568546694357323,2.624980182590909,-6.021236145257675
series_1,2024-06-15 15:00:00,2.580708744,7.3437283668472535,3.1046349166547955,-6.655192586268627
series_1,2024-06-15 16:00:00,2.481627376,6.883484459636687,-0.30056616503100886,-6.876919243854644
series_1,2024-06-15 17:00:00,2.5180447,5.604445652681048,2.648370222629789,-4.939225266956686
series_1,2024-06-15 18:00:00,2.586286172,3.2539929988450744,1.6466348572092997,-2.80661078234159
series_1,2024-06-15 19:00:00,2.272309784,4.1286260680225535,4.1148511754375505,-0.33697628040498784
series_1,2024-06-15 20:00:00,2.06528878,4.6013604091248625,4.535866311656744,-0.7735854299553242
series_1,2024-06-15 21:00:00,2.023950196,4.041533649546853,4.039638508133439,-0.12375364247141984
series_1,2024-06-15 22:00:00,1.913057804,4.123904292647831,3.941887765307417,-1.21165484385567
series_1,2024-06-15 23:00:00,1.7539370639999998,5.82793994516611,4.994875193366511,-3.0026831013536253
series_1,2024-06-16 00:00:00,1.732611604,6.5719669628097055,4.715966696880977,-4.577161552116307
series_1,2024-06-16 01:00:00,1.7244095039999998,5.077795362638398,3.507923771729557,-3.671304476145597
series_1,2024-06-16 02:00:00,1.530839944,5.228428178227677,4.194905530565854,-3.1207737509331244
series_1,2024-06-16 03:00:00,2.153543376,6.879204808670592,4.983779262954151,-4.741877587811054
series_1,2024-06-16 04:00:00,2.415682492,7.678990883429065,4.585803430018626,-6.159326902269118
series_1,2024-06-16 05:00:00,3.1003938,7.162748450254798,2.655777552816574,-6.652203465888811
series_1,2024-06-16 06:00:00,3.538714024,6.921479311671257,1.9998395453911635,-6.626274794677843
series_1,2024-06-16 07:00:00,3.573490928,6.977855358691601,-0.03371777429824924,-6.977773894195588
series_1,2024-06-16 08:00:00,3.998031624,7.33265186419323,0.4318847144047039,-7.319922059347355
series_1,2024-06-16 09:00:00,3.400918744,8.022047853890683,-0.11015786193309968,-8.021291480526465
series_1,2024-06-16 10:00:00,4.312008012,7.182680574328148,0.6443953080156091,-7.153716161537191
series_1,2024-06-16 11:00:00,3.681758648,6.631997136860318,1.0044802881050616,-6.55548666188345
series_1,2024-06-16 12:00:00,3.79265104,5.9602162450833776,0.9093337757267829,-5.8904405414602286
series_1,2024-06-16 13:00:00,3.618438436,4.6407113841800065,0.5323235551692578,-4.610079585416056
series_1,2024-06-16 14:00:00,3.6827429,4.274593914587706,2.032387984141372,-3.760525523985713
series_1,2024-06-16 15:00:00,3.55479014,4.779191363794344,3.0216683401775666,-3.702727445240196
series_1,2024-06-16 16:00:00,3.546259956,4.4540122751592275,3.5541142340307568,-2.684492011299166
series_1,2024-06-16 17:00:00,2.908136576,4.907319184995253,4.905605687212847,0.12967044770278874
series_1,2024-06-16 18:00:00,2.946522404,5.654043026223538,5.649237185362539,0.23307030249295912
series_1,2024-06-16 19:00:00,2.984580148,5.347903361833846,5.310212545405524,0.6338084017520891
series_1,2024-06-16 20:00:00,2.88057752,5.250571350872082,4.832264882466901,2.0537077728527566
series_1,2024-06-16 21:00:00,2.423228424,5.619361862104165,4.693177510554303,3.090519793125116
series_1,2024-06-16 22:00:00,2.516076196,5.163263986083521,4.379638650548976,2.7346042274165803
series_1,2024-06-16 23:00:00,2.556102444,5.530928138384563,5.025538143997167,2.3097905608958653
series_1,2024-06-17 00:00:00,2.535433152,6.034434023834964,5.253918076255246,2.9682888734109785
series_1,2024-06-17 01:00:00,2.16699482,5.942828467811162,4.980366790849088,3.2423998560378577
series_1,2024-06-17 02:00:00,2.36548564,5.847072246656162,5.08092004174531,2.8935281901180034
series_1,2024-06-17 03:00:00,2.420275668,4.543665764305345,3.9383057802094696,2.2659757631733743
series_1,2024-06-17 04:00:00,2.193569624,5.033443252964559,3.4186557307573433,3.6943665188194874
series_1,2024-06-17 05:00:00,2.441601128,4.849392894340101,3.5869963129010958,3.2634443299848392
series_1,2024-06-17 06:00:00,2.126968572,5.663749023645346,4.8786755327285345,2.876904247485406
series_1,2024-06-17 07:00:00,2.5127953560000003,5.3536882064628415,4.385848776355216,3.0702292948512455
series_1,2024-06-17 08:00:00,2.196194296,4.936814487579934,3.172826240146458,3.782236234639134
series_1,2024-06-17 09:00:00,2.117454136,4.996787371145406,1.9091304149921002,4.617694781055837
series_1,2024-06-17 10:00:00,2.11286096,4.825352066711725,1.713433962380011,4.510894215594271
series_1,2024-06-17 11:00:00,1.99475072,5.953857945556466,1.7292134419560923,5.69721381975648
series_1,2024-06-17 12:00:00,1.964566992,6.399746197567155,2.259343954921939,5.987663675143498
series_1,2024-06-17 13:00:00,1.837926568,7.2114424872702125,2.0814202340204244,6.904534202726231
series_1,2024-06-17 14:00:00,2.021653608,7.100306860184809,2.82551789644259,6.513893315496509
series_1,2024-06-17 15:00:00,2.19980322,7.458522627108255,1.7762773383185282,7.243921492980296
series_1,2024-06-17 16:00:00,2.2043963960000004,7.338081047750676,1.9091523503953827,7.085377249401576
series_1,2024-06-17 17:00:00,2.482283544,7.389376793551689,0.7017886389756152,7.355975944990915
series_1,2024-06-17 18:00:00,2.62959326,8.796830743719472,-3.4681559130593445,8.084313557523581
series_1,2024-06-17 19:00:00,3.019685136,9.260684237250357,-2.7828172205664585,8.83267801173438
series_1,2024-06-17 20:00:00,3.277887244,7.801272564126715,-1.5932518735136576,7.636845034917328
series_1,2024-06-17 21:00:00,3.265091968,8.60674882660394,-0.7179213806458821,8.576754296087758
series_1,2024-06-17 22:00:00,3.707677284,9.187429470106995,-2.6527291015928802,8.796129181734017
series_1,2024-06-17 23:00:00,3.629921376,8.029294895567821,-1.2980740653309826,7.923672143703736
series_1,2024-06-18 00:00:00,3.808070988,8.336315545973246,-1.70797917636224,8.159470817102552
series_1,2024-06-18 01:00:00,3.69586626,8.027479276901827,-1.3099030732557537,7.919884941068489
series_1,2024-06-18 02:00:00,4.0272311,7.131328731623303,-1.106294188117068,7.044995574719293
series_1,2024-06-18 03:00:00,4.105643176,7.481949836516331,-0.0450976852980266,7.481813921431588
series_1,2024-06-18 04:00:00,4.361220611999999,7.715312368789118,0.142696704389499,7.713992649630069
series_1,2024-06-18 05:00:00,4.31266418,7.284848041444833,1.3627839600409741,7.156244187085685
series_1,2024-06-18 06:00:00,4.269357092,6.676116755687005,2.31970233176477,6.26015303547524
series_1,2024-06-18 07:00:00,5.021981788,5.785917469180771,1.29244043228863,5.639719734983006
series_1,2024-06-18 08:00:00,4.590223244,5.787143541632731,1.1447208259718156,5.672798656928327
series_1,2024-06-18 09:00:00,4.664042144,5.832582577310967,1.1663267420545353,5.7147792128760235
series_1,2024-06-18 10:00:00,4.074147112,4.820076459163395,1.616417766204101,4.54096142653523
series_1,2024-06-18 11:00:00,3.602034236,4.33116251092945,0.9476319385550759,4.2262231844888465
series_1,2024-06-18 12:00:00,3.90255918,3.886676791792834,1.139192508452008,3.7159785941993606
series_1,2024-06-18 13:00:00,3.542651032,3.3473767981979257,0.12276852824275863,3.345124708824307
series_1,2024-06-18 14:00:00,3.282152336,3.4102941714869575,1.0607515631328952,3.2411282691971683
series_1,2024-06-18 15:00:00,3.441273076,3.3059843051781246,0.8869924049658489,3.184772629186735
series_1,2024-06-18 16:00:00,3.354330816,3.369993787670295,0.8327519258210844,3.265483480126282
series_1,2024-06-18 17:00:00,3.286089344,2.934893617950395,1.145743486059051,2.702012659637111
series_1,2024-06-18 18:00:00,2.972112956,2.0349254569613926,-0.022393028008371674,2.0348022428939254
series_1,2024-06-18 19:00:00,2.964895108,2.5183368895750657,-1.6879889076667873,1.868880450159534
series_1,2024-06-18 20:00:00,2.628937092,2.60388834582423,-1.5074101063582241,2.123193182159441
series_1,2024-06-18 21:00:00,2.769685128,3.681060707211378,0.08926055878832873,3.679978326406329
series_1,2024-06-18 22:00:00,2.4891733080000003,4.4741955857897295,0.3738639123297271,4.45854818466256
series_1,2024-06-18 23:00:00,2.47047252,3.978711257442647,0.2593592410407094,3.970248865523122
series_1,2024-06-19 00:00:00,2.415026324,4.010791770505776,-0.7789771364824725,3.9344180315765156
series_1,2024-06-19 01:00:00,2.478346536,4.455607162902725,-0.32284282415584176,4.443895554690855
series_1,2024-06-19 02:00:00,2.202099808,4.076762877219681,-0.6231457994292102,4.028856521363131
series_1,2024-06-19 03:00:00,2.203740228,3.860928242747295,1.3544059272103777,3.615570699071049
series_1,2024-06-19 04:00:00,2.400590628,4.279698395401713,1.0361688430623928,4.152369502377015
series_1,2024-06-19 05:00:00,2.103346524,4.437070604140448,1.0392386037004961,4.313650272183168
series_1,2024-06-19 06:00:00,2.18339902,4.710433876602393,1.5828607025073462,4.436523335034022
series_1,2024-06-19 07:00:00,2.341535508,4.770793627299005,1.1766905846445097,4.623404708900764
series_1,2024-06-19 08:00:00,2.254265164,6.204683213202177,3.6255066576584345,5.035255232008329
series_1,2024-06-19 09:00:00,2.523950212,6.728227165064832,4.669874230299992,4.843688208162909
series_1,2024-06-19 10:00:00,3.034448916,6.610112559567373,4.721857294185177,4.625759585570846
series_1,2024-06-19 11:00:00,3.374672024,5.354332414224203,3.7569870937891685,3.8149604950921305
series_1,2024-06-19 12:00:00,3.141076216,5.681208372347681,3.886229101267592,4.14407431671951
series_1,2024-06-19 13:00:00,3.21194236,4.782144759580359,2.7554133646530876,3.908529863193199
series_1,2024-06-19 14:00:00,3.3910762240000003,5.896088865195266,2.8440681317679117,5.164798192392592
series_1,2024-06-19 15:00:00,3.28084,5.15089418209731,2.231539622905262,4.642406895842689
series_1,2024-06-19 16:00:00,3.114829496,5.392313970347608,1.188941868847556,5.259607132410867
series_1,2024-06-19 17:00:00,2.995078836,4.925715897678462,1.715882781805125,4.6171878220132045
series_1,2024-06-19 18:00:00,2.566929216,5.140900536019245,1.6560582149845093,4.866860333913979
series_1,2024-06-19 19:00:00,2.605971212,6.258373945522759,2.7209302855643123,5.635936729869935
series_1,2024-06-19 20:00:00,2.65583998,6.213286657842077,2.527019755989602,5.676187298297742
series_1,2024-06-19 21:00:00,2.712926596,6.1924122891915525,1.6262775604599278,5.975047385224244
series_1,2024-06-19 22:00:00,2.694225808,7.196888367677146,2.753023960284248,6.649515865903881
series_1,2024-06-19 23:00:00,2.662073576,8.299268022581995,4.692269693257938,6.845469657838322
series_1,2024-06-20 00:00:00,3.261811128,8.762261172511403,5.169258291213629,7.075025764901499
series_1,2024-06-20 01:00:00,3.80905524,8.305058814205601,3.609029827883731,7.479900106877075
series_1,2024-06-20 02:00:00,4.108924016,8.216867742133429,4.057155250235379,7.145376600795819
series_1,2024-06-20 03:00:00,4.204068376,8.378526128868733,4.250548918322371,7.220286281380027
series_1,2024-06-20 04:00:00,4.085301968,7.889243999849638,4.34565304906494,6.5844871073088225
series_1,2024-06-20 05:00:00,3.906168104,8.235419192824976,4.67195367324519,6.781959757813427
series_1,2024-06-20 06:00:00,4.6423886,8.333778466372237,5.780065587823007,6.003557722470393
series_1,2024-06-20 07:00:00,4.108924016,8.249796038621087,6.217531044670075,5.422309691212041
series_1,2024-06-20 08:00:00,4.287401711999999,8.428600707359896,6.745910013366847,5.0531186385899
series_1,2024-06-20 09:00:00,4.515092008,8.269967275634755,7.0685355654797,4.292803710818642
series_1,2024-06-20 10:00:00,4.24376654,7.708244515484431,6.659780505736604,3.881282922682461
series_1,2024-06-20 11:00:00,3.82874028,7.270994695073055,6.39177271519837,3.4659205722327457
series_1,2024-06-20 12:00:00,3.745406944,7.030618591878,6.037934735075571,3.601797040288152
series_1,2024-06-20 13:00:00,3.458661528,5.031698765683292,4.291910985413696,2.6263077812518483
series_1,2024-06-20 14:00:00,3.567585416,4.136588654803242,2.2253839102548953,3.486980377206835
series_1,2024-06-20 15:00:00,3.23326782,5.3138180863716284,2.65118592037435,4.605200958770317
series_1,2024-06-20 16:00:00,3.463910872,5.965490544335308,3.4746804317148,4.8490899488473325
series_1,2024-06-20 17:00:00,3.0593833,6.757360425783913,4.881215169234216,4.672864046341209
series_1,2024-06-20 18:00:00,3.06430456,6.368462725974554,4.497994265006156,4.508366121345846
series_1,2024-06-20 19:00:00,2.93307096,5.394681040880541,3.980029226845874,3.641696155129995
series_1,2024-06-20 20:00:00,2.730643132,6.458895126270905,5.366579553194774,3.594043704714486
series_1,2024-06-20 21:00:00,2.7375328960000003,6.93493059686652,5.637644882878163,4.0385916552572
series_1,2024-06-20 22:00:00,2.866797992,6.654968290938302,5.880513024440185,3.1157935622861173
series_1,2024-06-20 23:00:00,2.791338672,5.621017094027425,4.490714932707704,-3.380726632619763
series_1,2024-06-21 00:00:00,2.611220556,4.83457603841946,4.592543875841916,1.510518526773672
series_1,2024-06-21 01:00:00,2.418963332,5.263337723651699,4.480890026177355,2.761222295745013
series_1,2024-06-21 02:00:00,2.562992208,3.9783092372066475,3.1719214265219438,2.4012202836921763
series_1,2024-06-21 03:00:00,2.554790108,6.008293767472423,5.022083649938436,3.2982222195099276
series_1,2024-06-21 04:00:00,2.405839972,6.814415345473704,5.67975828486903,3.7651829073883145
series_1,2024-06-21 05:00:00,2.618766488,3.7295490064176944,3.5000459544359748,1.2881048513640407
series_1,2024-06-21 06:00:00,2.415026324,4.368796514969672,4.254758675315103,0.9916711168739465
series_1,2024-06-21 07:00:00,2.38353026,4.133077729051806,4.116742013065354,0.3671058597280261
series_1,2024-06-21 08:00:00,2.382217924,4.843616219331675,4.816165838324438,-0.5149414509723766
series_1,2024-06-21 09:00:00,2.120406892,4.234263193227039,4.203453001863724,-0.5098702292153311
series_1,2024-06-21 10:00:00,2.090223164,4.332386193541777,4.32659231007544,-0.22398462533726915
series_1,2024-06-21 11:00:00,2.007217912,3.80067559383991,2.440845106863086,-2.913316003099026
series_1,2024-06-21 12:00:00,1.990485628,4.809108183440624,-0.5592105633992759,-4.7764845928588775
series_1,2024-06-21 13:00:00,1.90944888,5.352361136306555,-1.4521812650989683,-5.151595801956939
series_1,2024-06-21 14:00:00,1.949803212,7.294316046233096,-2.401190068206998,-6.887766897818022
series_1,2024-06-21 15:00:00,2.253608996,4.830648530560245,-2.0636745251520345,-4.367655284021666
series_1,2024-06-21 16:00:00,2.213254664,4.6409982380756,-2.404735668657708,-3.9693968067838954
series_1,2024-06-21 17:00:00,1.994094552,4.4281327409060385,-2.611437494565875,-3.576136712020323
series_1,2024-06-21 18:00:00,1.896653604,4.419120727019056,-2.540689811779523,-3.6157327445884553
series_1,2024-06-21 19:00:00,1.809711344,4.281930430571634,-2.8904546130356845,-3.159145508240498
series_1,2024-06-21 20:00:00,1.581036796,3.279117283527394,-2.5235522436531497,-2.09387063417997
series_1,2024-06-21 21:00:00,1.516404248,2.2579263169532204,-0.5484980915890554,2.190292468213572
series_1,2024-06-21 22:00:00,1.534776952,2.154142914401705,0.8330974059400237,1.9865247060842393
series_1,2024-06-21 23:00:00,1.595800576,2.580295758701449,0.4713883114412302,2.5368719443853034
series_1,2024-06-22 00:00:00,1.483595848,2.5935944506117776,1.8424277999374143,1.825429258082051
series_1,2024-06-22 01:00:00,1.46981632,2.5542407910469613,2.034821142162301,1.5439070367277674
series_1,2024-06-22 02:00:00,1.467191648,2.5654031043217227,2.052296420994228,1.5392766119310113
series_1,2024-06-22 03:00:00,1.422572224,2.514256956730011,1.3519723286342678,2.1198251972916284
series_1,2024-06-22 04:00:00,1.497375376,3.1079058894512865,1.031525407052751,-2.931728901568262
series_1,2024-06-22 05:00:00,1.532808448,3.772679752588072,1.24304026436519,-3.562016762559508
series_1,2024-06-22 06:00:00,1.532808448,5.115302047002745,0.7547511378575057,-5.059314751226027
series_1,2024-06-22 07:00:00,1.516404248,1.9544910994419378,0.5494644142005899,-1.8756663656751318
series_1,2024-06-22 08:00:00,1.42552498,4.791282067043799,-4.165409390744321,-2.3676461841826204
series_1,2024-06-22 09:00:00,1.328412116,6.135883698917981,-5.76408269473016,-2.103430401738957
series_1,2024-06-22 10:00:00,1.374343876,6.910647162938103,-5.352922867635708,-4.370727740750636
series_1,2024-06-22 11:00:00,1.454068288,6.78592392460451,-6.017991408508786,-3.1356885874771288
series_1,2024-06-22 12:00:00,1.41568246,6.440202121226636,-6.336820311899565,-1.1493092259914892
series_1,2024-06-22 13:00:00,1.595472492,5.572066410539016,-4.913344740954895,2.6281110212447323
series_1,2024-06-22 14:00:00,1.47145674,5.018806450750985,-2.508891800033522,4.346709114470883
series_1,2024-06-22 15:00:00,1.426837316,4.596976825608632,-3.232689382484016,3.268319949386523
series_1,2024-06-22 16:00:00,1.33038062,5.4262827958780075,-1.2152961228428933,5.288440253481614
series_1,2024-06-22 17:00:00,1.312007916,4.310209094596424,-1.9483056427186327,3.8447376453657363
series_1,2024-06-22 18:00:00,1.35662734,2.4455519712021063,-1.6391512171582605,1.814912596005411
series_1,2024-06-22 19:00:00,1.33202104,2.700590379518059,-1.456197899014045,2.274351792676888
series_1,2024-06-22 20:00:00,1.38451448,3.7518453304785293,-1.4318237521361432,-3.4678846760889153
series_1,2024-06-22 21:00:00,1.332677208,2.679588416447419,-1.80773527690343,-1.9779502648444085
series_1,2024-06-22 22:00:00,1.401574848,3.322069744717076,-3.308900906098695,-0.29550326966686974
series_1,2024-06-22 23:00:00,1.382545976,3.5908772717046347,-3.5707509854037114,-0.3796537642159551
series_1,2024-06-23 00:00:00,1.4491470279999998,4.244020305321429,-2.9332041948069607,-3.067249827377524
series_1,2024-06-23 01:00:00,1.5501969,4.783958784183466,-3.6324833476037406,-3.1130895229896085
series_1,2024-06-23 02:00:00,1.653215276,4.123710405402304,-3.9539101776926446,-1.1711455137435973
series_1,2024-06-23 03:00:00,1.52066934,4.221255136188882,-4.18498498458924,-0.5521735266776233
series_1,2024-06-23 04:00:00,1.336286132,4.300386023326139,-4.011889866706194,-1.5485669656295011
series_1,2024-06-23 05:00:00,1.328412116,4.600303827674999,-4.44616228857419,-1.1808624858898553
series_1,2024-06-23 06:00:00,1.276574844,4.126564747221539,-4.075396436605111,-0.6478275214267537
series_1,2024-06-23 07:00:00,1.220800564,4.810304880048432,-4.678027688331834,-1.1203079872153332
series_1,2024-06-23 08:00:00,1.172244132,4.885145586970041,-4.796984714873071,-0.9238966669314185
series_1,2024-06-23 09:00:00,1.140419984,5.554215678605804,-5.516807929516766,0.6435387115717794
series_1,2024-06-23 10:00:00,1.1023622400000002,7.0556870121692485,-6.848014535008788,1.6992398718256885
series_1,2024-06-23 11:00:00,1.312664084,7.0493606561248,-6.334167714550174,3.0938333866047962
series_1,2024-06-23 12:00:00,1.435695584,6.503577609992745,-4.446318833662893,4.746237516034526
series_1,2024-06-23 13:00:00,1.7276903439999998,6.877093845801245,-4.594221716373919,5.1173769242411336
series_1,2024-06-23 14:00:00,2.0669292,7.271710843455796,-4.623506222652188,5.612572387054718
series_1,2024-06-23 15:00:00,2.15387146,7.239628669524044,-3.8543430464604707,6.128316486017697
series_1,2024-06-23 16:00:00,2.123031564,6.229121764301159,-4.327826193457698,4.4801649962598304
series_1,2024-06-23 17:00:00,2.16371398,7.052424484150661,-4.649626044482427,5.302609617077088
series_1,2024-06-23 18:00:00,2.1571523,5.618083207333022,-4.352775015193494,3.5519302627760836
series_1,2024-06-23 19:00:00,2.076443636,5.622716417835429,0.5923732202229592,5.591425031542385
series_1,2024-06-23 20:00:00,2.073818964,9.16412187986215,1.1665524035706016,9.08957013937908
series_1,2024-06-23 21:00:00,3.096128708,11.943411436328953,1.8647380610171114,11.796941497745395
series_1,2024-06-23 22:00:00,5.790354516,11.102295771986125,1.7866476304901644,10.957593789382997
series_1,2024-06-23 23:00:00,6.51902908,11.46440177813894,3.5865685763648596,10.888940902476579
series_1,2024-06-24 00:00:00,6.903543528,11.447469630192243,2.856452985872015,11.085361395718074
series_1,2024-06-24 01:00:00,8.117782412,13.365818084161628,6.556470327682161,11.647222411421762
series_1,2024-06-24 02:00:00,8.522638068000001,13.1548686881936,6.358334449220373,11.516169208355436
series_1,2024-06-24 03:00:00,9.122047536,13.178799083222167,5.744481104098137,11.860930912900423
series_1,2024-06-24 04:00:00,8.990813936,12.452804435920642,7.133990411154097,10.206787894967066
series_1,2024-06-24 05:00:00,8.674869044,10.961503961059417,5.885280027667899,9.247596881582513
series_1,2024-06-24 06:00:00,8.980971416000001,11.70250485870139,6.7373967178055505,9.568495463490205
series_1,2024-06-24 07:00:00,8.803806055999999,11.799203538141324,6.610726971015088,9.77340744311729
series_1,2024-06-24 08:00:00,8.075131492,11.173490110155996,5.605653334042673,9.665584924891515
series_1,2024-06-24 09:00:00,8.246063256,11.035554137150479,5.418452277445608,9.613731327170713
series_1,2024-06-24 10:00:00,8.03149632,10.533197079381566,5.005480011356804,9.26786979672243
series_1,2024-06-24 11:00:00,8.246719424,10.359369270325697,7.267118210927359,7.382785692905917
series_1,2024-06-24 12:00:00,7.774606547999999,9.439686313834512,5.752056889546614,7.484752450349573
series_1,2024-06-24 13:00:00,7.312008108,8.922234562715492,3.1215219432861945,8.358371273740936
series_1,2024-06-24 14:00:00,6.89304484,10.183271873119471,3.28579559107649,9.638598102189366
series_1,2024-06-24 15:00:00,6.936680012,10.131208815300932,4.08323128607292,9.271926138816388
series_1,2024-06-24 16:00:00,6.165682612,9.186958457752853,3.8964891569042677,8.31971020857122
series_1,2024-06-24 17:00:00,6.239501512,8.348649360225323,2.534066127248369,7.954775609828548
series_1,2024-06-24 18:00:00,6.02526266,8.063859150781756,2.9095456502270607,7.520662770852809
series_1,2024-06-24 19:00:00,5.52985582,6.641087339904413,3.2578893283113244,5.787071641228736
series_1,2024-06-24 20:00:00,5.452427996,6.2639092146610125,2.7765936181284703,5.614898621460889
series_1,2024-06-24 21:00:00,5.728018556,5.854830139586135,2.0041445059475262,5.501130862167028
series_1,2024-06-24 22:00:00,6.019685232,5.2345119525761055,2.4043236547049758,4.649660540844699
series_1,2024-06-24 23:00:00,6.155840092,4.652332524747237,1.6582073059682327,4.346785760910535
series_1,2024-06-25 00:00:00,6.296916212,4.383706988568558,1.1089487478631077,4.241122450040515
series_1,2024-06-25 01:00:00,6.50590572,3.731388491253543,0.03472080105351971,3.7312269481544
series_1,2024-06-25 02:00:00,6.124344028,2.384687369760607,0.21800850715208714,2.374701274330117
series_1,2024-06-25 03:00:00,5.547244272,1.3415048874251483,1.2388872734061573,-0.5145810789154772
series_1,2024-06-25 04:00:00,5.310695708,6.403084589194396,-1.1711190971967835,-6.295075243121385
series_1,2024-06-25 05:00:00,5.856299399999999,7.807671333776091,-2.179695409321199,-7.497243465357986
series_1,2024-06-25 06:00:00,4.93274294,8.155339891256235,-1.4237891593765186,-8.03009297402945
series_1,2024-06-25 07:00:00,5.524606476,7.028523898635477,-0.4470847616178093,-7.014289943366983
series_1,2024-06-25 08:00:00,4.9783466160000005,6.463778484812638,-0.6821422798577379,-6.427683424901793
series_1,2024-06-25 09:00:00,5.172572344,6.851768564445243,-1.9479810981524297,-6.569025962953784
series_1,2024-06-25 10:00:00,5.958333524,6.7738925647786425,4.880055751211138,-4.697943842175476
series_1,2024-06-25 11:00:00,5.74475084,6.211580988012383,2.806287190273477,-5.54152421057094
series_1,2024-06-25 12:00:00,4.988845304,6.837767947473485,2.3656667094870816,-6.415503996033384
series_1,2024-06-25 13:00:00,4.943569712,6.485032828420548,1.446672946848073,-6.321612782395812
series_1,2024-06-25 14:00:00,4.632217996,4.7628265453034375,1.2403138191557883,-4.5984930499739
series_1,2024-06-25 15:00:00,4.275590687999999,6.10135455469487,5.718211873489659,-2.1280461395321577
series_1,2024-06-25 16:00:00,3.871719284,6.0350872927430395,5.4384794469951725,-2.6163371219396776
series_1,2024-06-25 17:00:00,3.43503948,3.2641434448594553,2.9427834532928405,-1.4123236086835116
series_1,2024-06-25 18:00:00,3.23818908,4.529289925824881,4.509728508572956,-0.4204949597118847
series_1,2024-06-25 19:00:00,3.155511912,4.936645381752622,4.928896578021189,-0.2764889660556143
series_1,2024-06-25 20:00:00,4.01738858,5.637446518441637,5.636122477179377,0.12217475403343386
series_1,2024-06-25 21:00:00,3.5948163879999995,5.100516315025947,5.09925369178762,0.11348333197521632
series_1,2024-06-25 22:00:00,3.608595916000001,5.235543431621435,4.278366551930256,3.0176969151521447
series_1,2024-06-25 23:00:00,3.619094604,5.7744302674633925,4.376111266003667,3.7674520702131216
series_1,2024-06-26 00:00:00,4.124343964,6.000744643734529,3.7018277597131752,4.722860099211661
series_1,2024-06-26 01:00:00,4.053149736,6.318868042993926,3.849324821527986,5.011066928622928
series_1,2024-06-26 02:00:00,3.967847896,5.992957216463787,3.9190783711209534,4.533912319330549
series_1,2024-06-26 03:00:00,3.865157604,6.070577985800892,3.810233125197442,4.7258904571877824
series_1,2024-06-26 04:00:00,3.56463266,6.7671663280029355,4.448436939094972,5.099602818823451
series_1,2024-06-26 05:00:00,3.440944992,6.96140930090261,5.1514984526493794,4.682230573887238
series_1,2024-06-26 06:00:00,3.726378072,6.5601689644061905,5.106065744347038,4.118726678958428
series_1,2024-06-26 07:00:00,3.3638452520000004,6.365111415283744,4.971072752465637,3.9753086696090847
series_1,2024-06-26 08:00:00,3.349409556,6.785967926418426,4.161863025541205,5.35987470515987
series_1,2024-06-26 09:00:00,3.825787524,6.750979378244841,4.366477194200361,5.148747369799303
series_1,2024-06-26 10:00:00,3.854002748,7.077947238445202,4.568120291312239,5.4064419089004785
series_1,2024-06-26 11:00:00,4.062664172,8.38512972149117,5.683191760434023,6.165365509065088
series_1,2024-06-26 12:00:00,5.092847932,8.817578887911333,5.53513231640007,6.863818739192
series_1,2024-06-26 13:00:00,5.122375492,7.71266409930258,4.56211320905912,6.218706503477968
series_1,2024-06-26 14:00:00,4.977690448000001,7.545086356594451,4.634107630694717,5.954273641310476
series_1,2024-06-26 15:00:00,4.9540684,7.7222311800901045,3.4290696573530663,6.919128245940838
series_1,2024-06-26 16:00:00,5.197178644,7.576065313229997,4.4655670717751805,6.120087937097308
series_1,2024-06-26 17:00:00,5.132218012,5.876084252202326,3.3389790728686686,4.835244036232841
series_1,2024-06-26 18:00:00,5.2001314,7.402976314990075,2.8358402075166094,6.838279654835431
series_1,2024-06-26 19:00:00,5.2358925560000005,8.567843943390443,3.8104261145240663,7.673890972905814
series_1,2024-06-26 20:00:00,5.418963428,7.739028241813808,4.138723646393022,6.5393825936688375
series_1,2024-06-26 21:00:00,5.446522484,7.833888594752716,4.3164951772124365,6.53740620583565
series_1,2024-06-26 22:00:00,5.60039388,7.871159616744352,4.0922492226513185,6.723737800656475
series_1,2024-06-26 23:00:00,6.138779724,7.187546677376384,4.344676316673135,5.725785094011464
series_1,2024-06-27 00:00:00,6.119094684,5.843396446425314,5.255979336213329,2.5534218702350135
series_1,2024-06-27 01:00:00,5.8891078,6.11184752450801,4.16402390667366,4.473878079193144
series_1,2024-06-27 02:00:00,5.621391256,4.359566536582305,2.1724428326822562,3.779723868963939
series_1,2024-06-27 03:00:00,5.243110404,4.2614684845039035,0.8700094194187817,4.171713946873945
series_1,2024-06-27 04:00:00,5.043307248,6.767489217399124,1.6944885448600417,6.55191719109388
series_1,2024-06-27 05:00:00,4.981627456,7.396953139701643,2.652704164438412,6.9049313079069154
series_1,2024-06-27 06:00:00,4.90157496,11.50048509445815,9.353985619189006,6.69059866109598
series_1,2024-06-27 07:00:00,5.577427999999999,10.402564787047304,9.26893611234029,4.722306374439359
series_1,2024-06-27 08:00:00,5.471456868,10.216277574658763,6.725506112992349,7.690246745493808
series_1,2024-06-27 09:00:00,5.542651096,8.65520615372145,5.325017198186002,6.823253285819087
series_1,2024-06-27 10:00:00,5.31824164,8.193857334877642,4.032293583802462,7.133015244505905
series_1,2024-06-27 11:00:00,4.891404356,7.847769820820501,4.731691149283071,6.260877736258494
series_1,2024-06-27 12:00:00,4.76213926,5.037812025414407,3.064789945154482,3.99832622424559
series_1,2024-06-27 13:00:00,4.541994896,6.1343236843284945,5.271082299063444,3.1377728503850553
series_1,2024-06-27 14:00:00,4.36679804,6.054067563875884,5.041899940423011,3.351265292204798
series_1,2024-06-27 15:00:00,4.316929272,5.958509387270429,4.8992284178601215,3.391370670956161
series_1,2024-06-27 16:00:00,4.123359712,7.000691768138082,6.9768468911053905,0.5773150704332484
series_1,2024-06-27 17:00:00,3.831364952,6.397862689388813,6.30839158897409,1.0662281896641075
series_1,2024-06-27 18:00:00,3.697178596,5.527505292746659,5.0725953338814636,2.1959260779967824
series_1,2024-06-27 19:00:00,3.76804474,4.612364929988463,3.748630608198803,2.6873181446681276
series_1,2024-06-27 20:00:00,3.400918744,5.177364765370037,2.9676309213066165,4.242437109563321
series_1,2024-06-27 21:00:00,3.5826772800000004,5.031619849961394,2.944948487685547,4.079764297040225
series_1,2024-06-27 22:00:00,3.609252084,4.8756174944146355,4.241711360593098,2.404065449453799
series_1,2024-06-27 23:00:00,3.33333344,4.587048867984128,1.9208928508039111,4.165475719891415
series_1,2024-06-28 00:00:00,3.17585312,5.086699291269705,1.6627040840404985,4.807278316128448
series_1,2024-06-28 01:00:00,3.064632644,5.831769337726034,5.8046150176414555,-0.5621192982035323
series_1,2024-06-28 02:00:00,2.956693008,5.386461428009252,5.262206975489467,-1.15028016697736
series_1,2024-06-28 03:00:00,3.181102464,7.440037256005849,5.041058896036889,-5.471917358425873
series_1,2024-06-28 04:00:00,3.09547254,8.471727245494545,5.514107052279536,-6.431546154546019
series_1,2024-06-28 05:00:00,3.792322956,9.294387131469145,5.38353510123946,-7.576488762173536
series_1,2024-06-28 06:00:00,3.895013248,6.80159549312995,3.9373993876867823,-5.5460424911831865
series_1,2024-06-28 07:00:00,4.068569684,6.066801278036923,4.004053422779625,-4.557810212669809
series_1,2024-06-28 08:00:00,3.843832144,7.678700831250043,6.438957250135086,-4.183572156276609
series_1,2024-06-28 09:00:00,3.519028984,7.624459961428295,6.135356067605365,-4.526565544330624
series_1,2024-06-28 10:00:00,3.732611668,7.5044122483074345,6.088160094096828,-4.387540297386855
series_1,2024-06-28 11:00:00,3.585301952,7.816152649907088,6.694109877876464,-4.034988871058548
series_1,2024-06-28 12:00:00,3.633202216,9.28770257756962,7.693112495813205,-5.203598687077637
series_1,2024-06-28 13:00:00,3.714895132,8.968807727418561,7.863021111026599,-4.314210363317129
series_1,2024-06-28 14:00:00,3.58759854,8.571614582226642,7.948214869866171,-3.2091208965507496
series_1,2024-06-28 15:00:00,3.575459432,6.923267634826006,5.884244814592329,-3.64791689946092
series_1,2024-06-28 16:00:00,3.182086716,6.079960176179933,5.8851671620811095,-1.5266706318967747
series_1,2024-06-28 17:00:00,3.002952852,5.669216759878854,5.445068683229861,-1.5783680513114529
series_1,2024-06-28 18:00:00,3.1574804160000003,5.531181733879403,5.185085881935848,1.9258389782509613
series_1,2024-06-28 19:00:00,2.751640508,6.0961936152597165,5.535127951766085,2.5545909951127443
series_1,2024-06-28 20:00:00,2.621719244,6.280115199284326,5.6119976263132765,2.8187460968551528
series_1,2024-06-28 21:00:00,2.717847856,5.930830024462579,5.127745769940175,2.9800953169198205
series_1,2024-06-28 22:00:00,2.784448908,5.871443361254594,5.376116647551772,2.360342546398159
series_1,2024-06-28 23:00:00,2.592519768,5.563233653042341,5.276475378825399,1.7630587780877294
series_1,2024-06-29 00:00:00,2.285761228,6.990965525770999,6.440424491424862,2.7192887586229975
series_1,2024-06-29 01:00:00,2.347769104,6.631950944823712,5.873173560545463,3.08035804124421
series_1,2024-06-29 02:00:00,2.239829468,6.449748106766084,5.395211526015715,3.534252853189745
series_1,2024-06-29 03:00:00,2.000656232,6.125919733029418,4.88092256996703,3.7018221785366263
series_1,2024-06-29 04:00:00,1.97834652,5.531636888725813,3.9318244316742734,3.8909848762493877
series_1,2024-06-29 05:00:00,1.988845208,5.610257969286351,3.9125715100747476,4.020793287461123
series_1,2024-06-29 06:00:00,1.924540744,3.7685266245201063,1.9799543046280124,3.206489337468926
series_1,2024-06-29 07:00:00,1.857939692,3.626506223650648,1.4420232402955346,3.327478980342994
series_1,2024-06-29 08:00:00,1.835301896,3.666792894227335,0.21372386576802738,3.66055900626629
series_1,2024-06-29 09:00:00,1.808727092,3.936154830430814,0.7031208719990665,3.872845967564822
series_1,2024-06-29 10:00:00,1.79297906,5.7013754692176795,-0.16562924991709393,5.698969134200414
series_1,2024-06-29 11:00:00,1.7388452,5.884713622566335,1.1279416268855749,5.775604046847093
series_1,2024-06-29 12:00:00,1.921916072,6.286249872969587,0.9020092115238086,6.221198987955324
series_1,2024-06-29 13:00:00,2.020341272,6.189002796370111,0.5578541675196191,6.163810050711981
series_1,2024-06-29 14:00:00,2.236220544,7.235001290800177,-0.17882906396252252,7.232790875157564
series_1,2024-06-29 15:00:00,2.296259916,7.199679857452654,-0.7943434718346849,7.155725574570555
series_1,2024-06-29 16:00:00,2.366141808,7.089524143089581,-0.4323742349575981,7.07632709082861
series_1,2024-06-29 17:00:00,2.420931836,7.110472188178619,-0.07238845854670645,7.110103701770521
series_1,2024-06-29 18:00:00,2.291010572,7.126328126170343,-0.6843940076528491,7.0933882879858885
series_1,2024-06-29 19:00:00,2.451443648,7.544649171670828,-1.7680135418805345,7.334566056647139
series_1,2024-06-29 20:00:00,2.57217856,8.293367908416904,-1.3992152700168385,8.174481506035173
series_1,2024-06-29 21:00:00,3.073818996,9.449492859295523,-2.510949910439665,9.109777486038839
series_1,2024-06-29 22:00:00,3.252296692,9.836988436561493,-2.661642068085879,9.470058236486196
series_1,2024-06-29 23:00:00,3.678149724,9.216825844566227,-1.8910034164343714,9.020753002277441
series_1,2024-06-30 00:00:00,3.890091988,9.952485961313911,-1.9842635747657023,9.752675267638542
series_1,2024-06-30 01:00:00,4.64730986,9.926079634461054,-1.6612884359653344,9.786070592540723
series_1,2024-06-30 02:00:00,4.728018524,9.81468638947173,0.027542283508884546,9.814647744381901
series_1,2024-06-30 03:00:00,5.068897799999999,9.90795855206595,1.5125916305190177,9.791818484262286
series_1,2024-06-30 04:00:00,4.884186508,10.600893977049175,1.301997130061899,10.520634799571177
series_1,2024-06-30 05:00:00,5.136811188,10.416039399056613,0.4461378953597809,10.406480564582033
series_1,2024-06-30 06:00:00,5.570210152,10.838820500995125,1.6716303003990078,10.70914011448072
series_1,2024-06-30 07:00:00,5.791338768,12.367564850035453,3.101550196387146,11.972345079353639
series_1,2024-06-30 08:00:00,6.06791358,11.445611880250633,2.4353270239415927,11.183524203031627
series_1,2024-06-30 09:00:00,6.367454272,11.030449388596375,4.374293279160138,10.126024492478804
series_1,2024-06-30 10:00:00,6.125656364,10.642071079552302,5.8011187704130105,8.921922319422276
series_1,2024-06-30 11:00:00,5.768372888,10.205782838785689,5.200684627857434,8.781280245728402
series_1,2024-06-30 12:00:00,6.108267912,8.956071055035613,4.302460305186884,7.854937559595105
series_1,2024-06-30 13:00:00,6.054462136,9.045427239697329,4.641970787973513,7.763495421023896
series_1,2024-06-30 14:00:00,5.921588116,8.012139768766094,3.4679160488765626,7.2227378432411316
series_1,2024-06-30 15:00:00,6.08267736,8.53511905272194,3.8156292218473764,7.63473842941076
series_1,2024-06-30 16:00:00,6.131561876,8.392976230846651,3.3069211651604205,7.714034120936393
series_1,2024-06-30 17:00:00,5.868110424,9.212379142842979,3.1404930902185666,8.66055613813442
series_1,2024-06-30 18:00:00,5.838582864,8.939850907578391,4.9124415991719665,7.469193516334608
series_1,2024-06-30 19:00:00,5.464895188,8.965158683019531,3.712597632671843,8.160311821836217
series_1,2024-06-30 20:00:00,5.331036916,9.503599784065802,3.602668773636566,8.794270098374257
series_1,2024-06-30 21:00:00,5.395013296,8.836976643561991,2.681084934912079,8.420447717945148
series_1,2024-06-30 22:00:00,5.780511996,8.501951984932868,3.0535055295034574,7.934689126575518
series_1,2024-06-30 23:00:00,5.622047424,7.13868773133213,3.282418128911574,6.339289688321911
series_1,2024-07-01 00:00:00,5.956036935999999,7.067217968934654,2.5501190114884564,6.591089655563637
series_1,2024-07-01 01:00:00,5.500000176,5.1848112902909635,5.170573082574193,0.383981918438685
series_1,2024-07-01 02:00:00,5.259514604,1.6438040808356003,1.5826073682680473,-0.4443487077459074
series_1,2024-07-01 03:00:00,4.804134012,3.6641960003297998,0.5565005734449563,3.621690135915597
series_1,2024-07-01 04:00:00,5.332349252,5.369150413295712,1.3132547843082447,5.206067424850068
series_1,2024-07-01 05:00:00,5.156496228,4.947626844033074,1.5184399102701078,4.708858845484285
series_1,2024-07-01 06:00:00,5.35269046,2.857753785909618,-0.7052787061871735,2.769357081974028
series_1,2024-07-01 07:00:00,4.610564452,3.3263183204759788,0.7490132670707831,3.240890725539213
series_1,2024-07-01 08:00:00,4.52919962,3.8740209810057387,2.9034389490685903,2.564776955273917
series_1,2024-07-01 09:00:00,4.143372835999999,2.268365703224317,1.887550473872943,-1.2580286849457685
series_1,2024-07-01 10:00:00,3.625000116,5.13158463856612,-0.769113114106637,-5.073620592878124
series_1,2024-07-01 11:00:00,3.38582688,6.368663655279687,-0.9706131000325541,-6.294266197431248
series_1,2024-07-01 12:00:00,3.17749354,6.441090577323518,-1.987532648215676,-6.126774175499093
series_1,2024-07-01 13:00:00,2.9773623,6.655203033885281,-2.1353512136456554,-6.303332659523679
series_1,2024-07-01 14:00:00,2.73293972,6.054869862204331,-1.5686000807595644,-5.848157217010447
series_1,2024-07-01 15:00:00,2.741797988,4.287096325819291,-0.8069084366105035,-4.210474282284605
series_1,2024-07-01 16:00:00,2.67716544,3.618124661493176,-1.0387254670950679,-3.4658152677419554
series_1,2024-07-01 17:00:00,2.789698252,2.3509198041209483,-0.4558720895763048,-2.3062967205789917
series_1,2024-07-01 18:00:00,2.843175944,2.5431797536424017,-1.688564424496792,-1.9017132916558284
series_1,2024-07-01 19:00:00,2.7368767280000004,0.6835806994510828,0.38517453312681166,-0.5647328144287123
series_1,2024-07-01 20:00:00,2.759514524,1.0471794412300737,1.0192413212932059,-0.2402746576387309
series_1,2024-07-01 21:00:00,3.328740264,0.9222145436250389,0.40107652052355836,-0.8304319894839398
series_1,2024-07-01 22:00:00,3.07250666,1.617485007481673,1.2424861344196176,-1.0356089779463014
series_1,2024-07-01 23:00:00,2.795931848,2.107699358552012,1.347007576385816,-1.6211006061314555
series_1,2024-07-02 00:00:00,2.448490892,1.753902021848427,0.6014373763225059,-1.647557399487587
series_1,2024-07-02 01:00:00,2.388123436,3.315487565039684,1.0996711759663707,-3.127807714467357
series_1,2024-07-02 02:00:00,2.614501396,3.379839952726841,0.728005946669207,-3.3005038172471255
series_1,2024-07-02 03:00:00,2.46227042,3.2954963425810946,0.8793492092442672,-3.1760102506394485
series_1,2024-07-02 04:00:00,2.419947584,2.6827160991611554,0.26625352803888835,-2.6694708703234227
series_1,2024-07-02 05:00:00,2.535105068,2.9956150282708576,0.5279442133382413,-2.948725878274357
series_1,2024-07-02 06:00:00,2.69192922,3.668741897922528,0.8187449431314009,-3.5762164128683476
series_1,2024-07-02 07:00:00,2.775918724,3.481517079742771,0.5453525896314104,-3.438539185398786
series_1,2024-07-02 08:00:00,2.630905596,4.364901956054033,0.7131939247340274,-4.306242388868374
series_1,2024-07-02 09:00:00,2.693241556,4.654126700617033,1.097226961390941,-4.522940231817483
series_1,2024-07-02 10:00:00,2.482611628,3.773699189866139,0.02513343238442417,-3.77361549262414
series_1,2024-07-02 11:00:00,2.514435776,4.142540715943209,0.13646409906409968,-4.1402923970311445
series_1,2024-07-02 12:00:00,2.47539378,3.34470292402897,0.18799807408873173,-3.339415274287831
series_1,2024-07-02 13:00:00,2.071194292,3.572401018559817,0.3471631198659366,-3.5554924842575844
series_1,2024-07-02 14:00:00,2.229002696,3.8262915135498905,1.322805600754,-3.5903609970694816
series_1,2024-07-02 15:00:00,2.116797968,3.351513788732362,1.3235224856237695,-3.079112356850823
series_1,2024-07-02 16:00:00,2.441601128,2.233470289241643,1.2631841385284182,-1.8419433664191107
series_1,2024-07-02 17:00:00,2.050853084,2.85108387391734,1.8882892994687457,-2.1361279871822614
series_1,2024-07-02 18:00:00,2.248359652,1.7734757447177394,1.0149491914259892,-1.4543363970986463
series_1,2024-07-02 19:00:00,2.291338656,2.6066321619243134,2.4979543084012183,-0.7448191060371713
series_1,2024-07-02 20:00:00,2.306758604,2.406092427205192,2.292151096514498,-0.7316584715572936
series_1,2024-07-02 21:00:00,2.32283472,3.148983124584508,3.1415457003799614,0.2162991709234885
series_1,2024-07-02 22:00:00,1.995078804,2.9000844570023485,2.8960869074411444,0.15221853466182467
series_1,2024-07-02 23:00:00,1.929462004,3.4919459060649123,3.4347311976783788,0.6295298329534105
series_1,2024-07-03 00:00:00,1.907152292,3.275931996174119,3.209432105171115,0.6567160770487162
series_1,2024-07-03 01:00:00,1.838582736,2.312078097510257,2.2952942521919937,-0.2780816873529178
series_1,2024-07-03 02:00:00,1.990157544,2.7020133332969074,2.545024910852554,-0.9075925608191235
series_1,2024-07-03 03:00:00,1.984580116,3.1842515486076453,2.783967281152226,-1.5456338836490573
series_1,2024-07-03 04:00:00,2.115157548,3.67984546194888,3.3827056881947875,-1.448642416499115
series_1,2024-07-03 05:00:00,2.31627304,3.593660561221414,3.246152126249612,-1.5417174198027772
series_1,2024-07-03 06:00:00,2.479986956,3.501491063160499,3.2930339576337624,-1.1901121876797007
series_1,2024-07-03 07:00:00,2.2801838,2.712822798762229,2.52334490192248,-0.9960612648958705
series_1,2024-07-03 08:00:00,2.29822842,2.8585151760355743,2.8468922708860993,-0.25751390175033206
series_1,2024-07-03 09:00:00,2.197178548,2.820751834580535,2.6810002281436986,0.8768572797114073
series_1,2024-07-03 10:00:00,2.1079397,2.3474427830697997,2.1946704081820174,0.8330122563544098
series_1,2024-07-03 11:00:00,1.939304524,2.1743539515577694,1.8821953495271766,1.0886485993529578
series_1,2024-07-03 12:00:00,2.085301904,2.8390218011304538,2.831667726784965,0.20421232180863522
series_1,2024-07-03 13:00:00,1.968504,3.063211392956605,3.0622099864277934,-0.07832009295854801
series_1,2024-07-03 14:00:00,2.0393701440000003,2.757725140595289,2.675314658675373,-0.6691333410823125
series_1,2024-07-03 15:00:00,1.977362268,1.8527720494571405,1.3981890790485867,-1.2156609586882674
series_1,2024-07-03 16:00:00,2.123687732,1.9478142999583359,-1.9437351029426677,-0.12599363757999277
series_1,2024-07-03 17:00:00,1.914042056,2.676853292727146,-2.568288793777605,0.7546099804140807
series_1,2024-07-03 18:00:00,1.957677228,2.3815229032374017,-0.5945089755923024,2.306124544898756
series_1,2024-07-03 19:00:00,1.939960692,3.228975209089485,-1.676328673794131,2.759746922877185
series_1,2024-07-03 20:00:00,2.008530248,3.686183030846555,-2.4393910901675797,2.7635695117206875
series_1,2024-07-03 21:00:00,2.01935702,4.5777716125123655,-2.819731923866341,3.6062591162939315
series_1,2024-07-03 22:00:00,1.95538064,4.429007854223354,-2.001104896512179,3.951163090271919
series_1,2024-07-03 23:00:00,1.888451504,4.646972926245241,-1.7865338178850503,4.289831499582394
series_1,2024-07-04 00:00:00,1.844160164,4.21465700509968,-0.4076408820303367,4.194897207552687
series_1,2024-07-04 01:00:00,2.003608988,4.825726261815504,-0.8932236514127266,4.742339661236081
series_1,2024-07-04 02:00:00,1.862860952,5.476599089448986,-1.7240542300796444,5.1981510749782895
series_1,2024-07-04 03:00:00,1.921916072,4.974108458478392,-1.458238556981598,4.755554149375078
series_1,2024-07-04 04:00:00,2.074803216,4.418035354599175,-1.7016915980340055,4.077165939677796
series_1,2024-07-04 05:00:00,2.060695604,5.264482609594117,-1.4445471547075872,5.0624164846983
series_1,2024-07-04 06:00:00,2.133202168,5.122710702286039,-1.2573928298813697,4.965997202040979
series_1,2024-07-04 07:00:00,2.060695604,5.0869906150673225,-0.8468366715149895,5.016008489781534
series_1,2024-07-04 08:00:00,2.060039436,6.438567550328195,-0.715893355048139,6.398644294249927
series_1,2024-07-04 09:00:00,2.03248038,6.580794244069694,-1.0180980380857125,6.501563601752031
series_1,2024-07-04 10:00:00,2.044619488,6.841480140763621,-0.5542369762811981,6.818993466090555
series_1,2024-07-04 11:00:00,2.003608988,6.694972825097762,-0.2089107350929755,6.6917125934666695
series_1,2024-07-04 12:00:00,2.042979068,7.499065972521931,-0.3132514385060863,7.492520536942836
series_1,2024-07-04 13:00:00,2.309055192,7.432150577083918,-0.08779889881583328,7.43163195763996
series_1,2024-07-04 14:00:00,2.516076196,7.946316875319844,-0.28791448901906525,7.941099239400413
series_1,2024-07-04 15:00:00,2.68044628,7.9976597195145285,-0.9325683163375572,7.943102499937196
series_1,2024-07-04 16:00:00,2.588910844,7.927096217190406,-0.20173663214975024,7.924528804152542
series_1,2024-07-04 17:00:00,2.948490908,8.396028056790806,0.7548491166987639,8.362026664716963
series_1,2024-07-04 18:00:00,3.434383312,7.792983403934448,0.989624612580772,7.7298922023642795
series_1,2024-07-04 19:00:00,3.430774388,6.937276492973747,0.6601624710666338,6.9057939914076005
series_1,2024-07-04 20:00:00,3.633202216,6.365099065437625,0.6771430297178155,6.328978071548321
series_1,2024-07-04 21:00:00,3.489829508,7.190391723784547,0.88737451400706,7.135425678497397
series_1,2024-07-04 22:00:00,3.281168084,7.08558413185023,1.5529487966059494,6.913309809682184
series_1,2024-07-04 23:00:00,3.619750772,7.3577190956825165,1.5670373934269979,7.188909799028826
series_1,2024-07-05 00:00:00,3.507546044,7.435444340770048,0.9846735217208331,7.369955942901642
series_1,2024-07-05 01:00:00,3.510826884,7.050560988293781,1.8214449609030041,6.811222247442175
series_1,2024-07-05 02:00:00,3.360236328,6.394361532015265,0.7081366339554613,6.355029654515141
series_1,2024-07-05 03:00:00,3.734908256,7.248002481576458,1.2348907368402586,7.142029462345042
series_1,2024-07-05 04:00:00,3.632874132,7.04957559901318,0.8213982354625373,7.001558474009988
series_1,2024-07-05 05:00:00,3.989829524,6.376453623452909,1.5556522813176012,6.1837777120201425
series_1,2024-07-05 06:00:00,4.139107744,6.0998258362323785,1.5323315040996373,5.90422182797291
series_1,2024-07-05 07:00:00,3.773294084,5.849074544467441,1.4521362850942916,5.665948573385533
series_1,2024-07-05 08:00:00,3.352034228,5.3259661760178565,1.4108246025958378,5.135707317283235
series_1,2024-07-05 09:00:00,3.741469936,5.470251553147048,1.2489309081301991,5.325769769847808
series_1,2024-07-05 10:00:00,3.794619544,4.537823831110397,0.7972160804695133,4.467246539338776
series_1,2024-07-05 11:00:00,3.65157492,5.826966989056347,0.6142337701024083,5.794502667806631
series_1,2024-07-05 12:00:00,3.579068356,6.047797415697596,0.49619410972406497,6.027407816532217
series_1,2024-07-05 13:00:00,3.766076236,5.665460657910706,0.47668887409337835,5.645370863251554
series_1,2024-07-05 14:00:00,3.703084108,6.330117672641248,0.3084904426409402,6.322596254410386
series_1,2024-07-05 15:00:00,3.5433072,7.42178663498207,0.23995572635561857,7.417906585054008
series_1,2024-07-05 16:00:00,3.866141856,6.786564203118365,0.5307012313929778,6.7657822818980495
series_1,2024-07-05 17:00:00,3.4504594280000003,5.4379425060674125,-0.20669530477267115,5.434012858862193
series_1,2024-07-05 18:00:00,3.713582796,4.883578836815911,-1.4391923377731781,4.6666977264754586
series_1,2024-07-05 19:00:00,3.881889888,6.62027288280958,-1.816474802718586,6.36619449388348
series_1,2024-07-05 20:00:00,3.794947628,6.56626710275402,-1.0944362763156488,6.474416800129106
series_1,2024-07-05 21:00:00,3.603346572,6.334791222681415,-1.861149154554354,6.055221189970116
series_1,2024-07-05 22:00:00,3.79265104,4.664836746046456,-0.7384486283917222,4.60601731330785
series_1,2024-07-05 23:00:00,3.518372816,5.915736659629242,-0.20428776085303857,5.9122082792174195
series_1,2024-07-06 00:00:00,3.80249356,6.9436724816964,-0.16474419183468275,6.941717862627707
series_1,2024-07-06 01:00:00,3.633858384,7.396287168607176,0.06879949601990143,7.395967178797548
series_1,2024-07-06 02:00:00,3.6335303,6.194068027257056,-0.7435649577923783,6.149275557318222
series_1,2024-07-06 03:00:00,3.918635296,6.213187315836314,1.2443208998237432,6.0873115675091825
series_1,2024-07-06 04:00:00,3.960958132,6.327567947821179,1.097442502290124,6.2316720138708455
series_1,2024-07-06 05:00:00,4.131889896000001,6.393812144081214,2.0496663187726085,6.056376946284764
series_1,2024-07-06 06:00:00,4.27165368,6.8942446525307775,1.4199118024675164,6.746440528320298
series_1,2024-07-06 07:00:00,4.618110384,7.5925087455741025,0.775684986385119,7.552781067495333
series_1,2024-07-06 08:00:00,4.979658952,7.576575832907732,0.12730572215235375,7.575506227633158
series_1,2024-07-06 09:00:00,4.975721944,7.210834776440248,0.7121547399805557,7.17558177428446
series_1,2024-07-06 10:00:00,4.645341355999999,8.155549659607354,1.5133645961981588,8.01390777644063
series_1,2024-07-06 11:00:00,4.671916159999999,8.343330489437031,0.9290142274834028,8.291447172906729
series_1,2024-07-06 12:00:00,4.674212748,8.214703280772532,1.4633840755177883,8.083307308191118
series_1,2024-07-06 13:00:00,4.352690428,9.633485864725046,1.702943845136864,9.481773682500956
series_1,2024-07-06 14:00:00,4.5613518520000005,10.029158901631032,2.0009250068505144,9.827529058269185
series_1,2024-07-06 15:00:00,4.577099884,9.799468464238764,2.7571654531672105,9.40359616558853
series_1,2024-07-06 16:00:00,5.166666832,10.777570296874401,6.098399483592043,8.886255974401912
series_1,2024-07-06 17:00:00,5.64468522,11.366260170466026,5.664049634903074,9.854461527454289
series_1,2024-07-06 18:00:00,5.619422752,8.835846368281695,3.7250296896718327,8.012261531861038
series_1,2024-07-06 19:00:00,5.272966048,8.980582815811497,3.074895961697304,8.437765257245923
series_1,2024-07-06 20:00:00,4.832349236000001,7.453878278774741,2.4542550957479374,7.038247887065727
series_1,2024-07-06 21:00:00,4.271705385764031,8.17444817751883,1.0107549900167752,8.111718520578552
series_1,2024-07-06 22:00:00,4.8474411,8.20394215879315,1.0114099066160467,8.1413584213952
series_1,2024-07-06 23:00:00,4.713910912,8.941470465451463,0.9138424802759723,8.894649290769358
series_1,2024-07-07 00:00:00,4.735236372,10.704499482024717,1.488925356585621,10.600443879535604
series_1,2024-07-07 01:00:00,4.5495408280000005,10.874374477434722,2.999017964099039,10.452650932968867
series_1,2024-07-07 02:00:00,5.333989672,9.388661460070704,2.475795053016694,9.056345999754814
series_1,2024-07-07 03:00:00,4.929790184,8.124584303287191,2.334001571919607,7.782114543200802
series_1,2024-07-07 04:00:00,4.974737692,7.868528952257389,2.9791256111188416,7.28275761409705
series_1,2024-07-07 05:00:00,5.2329398,7.217123278958052,2.3385256192236383,6.827749728271601
series_1,2024-07-07 06:00:00,5.163385992,9.059026361568435,3.7981845830113525,8.22433903076513
series_1,2024-07-07 07:00:00,5.122047407999999,9.176915654990328,4.247850106243758,8.134589750792074
series_1,2024-07-07 08:00:00,5.043307248,9.228960561778852,5.854859783736453,7.134026209908045
series_1,2024-07-07 09:00:00,4.85236236,8.033538755738572,6.535102381205734,4.672278010469068
series_1,2024-07-07 10:00:00,4.304790164,7.791961473568241,6.46922724170603,4.343243315857442
series_1,2024-07-07 11:00:00,4.3303807160000005,7.38693729064799,6.711553045238497,3.085757323075766
series_1,2024-07-07 12:00:00,4.184055252,5.622746343350758,5.178734473096848,2.1899739036852988
series_1,2024-07-07 13:00:00,3.75820222,4.202937661550914,4.192592108247769,-0.2947141000047145
series_1,2024-07-07 14:00:00,3.533792764,3.805559194203556,2.4804948235921085,2.8860745331193325
series_1,2024-07-07 15:00:00,3.602690404,3.5999285012507607,2.100934765290675,2.923278694567209
series_1,2024-07-07 16:00:00,3.586942372,3.528523353610655,3.442195667230595,0.7757358090707811
series_1,2024-07-07 17:00:00,3.4776904,2.604525973812082,2.598320461682044,0.17968396329718506
series_1,2024-07-07 18:00:00,3.360236328,1.4772626696691196,0.5258955074610315,1.3804850272387015
series_1,2024-07-07 19:00:00,3.4107612640000005,2.147043552965644,1.594672876967504,1.4376419699617564
series_1,2024-07-07 20:00:00,2.989173324,2.99782350625158,1.3983684813429527,2.6516997124525847
series_1,2024-07-07 21:00:00,2.895013216,2.7176254609399915,1.5531226171822858,2.2300892990968206
series_1,2024-07-07 22:00:00,2.893044712,2.955760620653333,0.4468484824590655,2.921788370215921
series_1,2024-07-07 23:00:00,2.665354416,3.594606892030296,0.7300926546990023,3.5196822901770934
series_1,2024-07-08 00:00:00,2.73458014,3.4549914235006156,1.009841119007064,3.30411662185604
series_1,2024-07-08 01:00:00,2.536745488,3.2909744024878838,1.361314993815094,2.9962199527812867
series_1,2024-07-08 02:00:00,2.518372784,3.6919928503222605,1.1683678147407215,3.502246115896009
series_1,2024-07-08 03:00:00,2.564304544,3.560111967323194,1.421465643395501,3.264020931998451
series_1,2024-07-08 04:00:00,2.423556508,1.9643757633444496,1.881334036185354,0.5651144874320724
series_1,2024-07-08 05:00:00,2.501312416,2.0824275434489095,1.6424094930230644,1.2802326081389974
series_1,2024-07-08 06:00:00,2.51640428,1.9254905261368571,0.4717379163908294,1.8668093380101862
series_1,2024-07-08 07:00:00,2.515091944,1.582077101184305,0.13796702152204016,1.5760498263265887
series_1,2024-07-08 08:00:00,2.471128688,1.795307479344841,-0.0803689658246734,1.7935076734499351
series_1,2024-07-08 09:00:00,2.333989576,1.31556700600383,-1.262828652108822,-0.36875512565779694
series_1,2024-07-08 10:00:00,2.377296664,2.2039466261966516,-2.1857759993198993,0.28242523244338114
series_1,2024-07-08 11:00:00,2.506889844,3.259728052029521,-2.0464610759215307,2.5372867472806986
series_1,2024-07-08 12:00:00,2.4278216,2.9218188254727346,-1.791951175835104,2.30779900171355
series_1,2024-07-08 13:00:00,2.371063068,2.730661746464953,-1.9090219805314925,1.9524724457606681
series_1,2024-07-08 14:00:00,2.2309712,2.9366745925601627,-1.4891478425036804,2.531105759496239
series_1,2024-07-08 15:00:00,2.18339902,3.7886015491262475,-1.86327486721089,3.2987434679377605
series_1,2024-07-08 16:00:00,2.296916084,3.269666864099516,-1.193790389845429,3.0439424940860924
series_1,2024-07-08 17:00:00,2.14566936,2.313568556270983,0.12435788480260457,2.3102239244396254
series_1,2024-07-08 18:00:00,2.044619488,1.790604352106461,0.5153331919558127,1.7148456627496342
series_1,2024-07-08 19:00:00,2.050525,1.2878750082390213,1.1998093200211475,-0.46805943259061766
series_1,2024-07-08 20:00:00,2.0751313,1.450454080892306,1.422266394736332,0.2845616685023839
series_1,2024-07-08 21:00:00,2.094160172,1.8070313133710616,-1.310828616398179,1.2438209300117036
series_1,2024-07-08 22:00:00,2.2109580760000003,2.7118691068942913,-1.8046347882804203,2.0242349996617794
series_1,2024-07-08 23:00:00,2.315944956,3.303673777235066,-2.016261578167814,2.6170498036519754
series_1,2024-07-09 00:00:00,2.198818968,2.063121591802536,-0.5324348297916903,1.9932345207191562
series_1,2024-07-09 01:00:00,2.26870086,2.16098836890044,-1.5826109821510306,1.4714663467772324
series_1,2024-07-09 02:00:00,2.500328164,2.1822318448090816,-0.2526611937793819,2.1675557998946244
series_1,2024-07-09 03:00:00,2.346128684,2.8557589590479493,0.4220178614822078,2.824404389738235
series_1,2024-07-09 04:00:00,2.305118184,3.3428518434675762,0.1374120384393471,3.3400264039475074
series_1,2024-07-09 05:00:00,2.312664116,2.6950882364842514,-0.21102625492732005,2.6868138235030616
series_1,2024-07-09 06:00:00,2.297244168,2.697911344561139,-0.4715347405552106,2.6563848763989797
series_1,2024-07-09 07:00:00,2.142060436,2.7148603116528918,-1.5910650470240895,2.1997678350058374
series_1,2024-07-09 08:00:00,2.139435764,3.350341052818498,-1.4349564478925352,3.027488259738194
series_1,2024-07-09 09:00:00,2.225065688,3.5338611788315863,-0.9761804229215046,3.396357845274517
series_1,2024-07-09 10:00:00,2.062336024,4.68392555937427,-0.19617092376477846,4.679815767146057
series_1,2024-07-09 11:00:00,2.108267784,3.893100319286381,0.5936519034235676,3.847571638525954
series_1,2024-07-09 12:00:00,2.157808468,4.49459368535514,0.9984722074702342,4.382285436543793
series_1,2024-07-09 13:00:00,2.149278284,4.98327491012256,1.5245333519906077,4.744346834762958
series_1,2024-07-09 14:00:00,2.084645736,5.070011375875768,1.676436936340041,4.784827536075309
series_1,2024-07-09 15:00:00,2.06364836,4.370869495135772,1.3541223963637918,4.155821540823718
series_1,2024-07-09 16:00:00,2.0259187,3.730267991438501,1.9373143770341672,3.1877440757512745
series_1,2024-07-09 17:00:00,1.95374022,4.732001365357894,2.3776283284283473,4.091298137951327
series_1,2024-07-09 18:00:00,1.948490876,5.292648043743006,1.1369375492185783,5.169090473585612
series_1,2024-07-09 19:00:00,2.3540027,5.6488039550322595,1.5291281293627286,5.437899712791671
series_1,2024-07-09 20:00:00,2.259842592,5.382426205500415,0.7906279578365176,5.324041631124315
series_1,2024-07-09 21:00:00,2.34087934,4.901345266948555,1.0574095001439938,4.785924213236585
series_1,2024-07-09 22:00:00,2.306758604,5.704981395848708,0.6350517562919179,5.66952572917792
series_1,2024-07-09 23:00:00,2.7723098,5.461746897388008,-0.320562595997255,5.452331500667859
series_1,2024-07-10 00:00:00,2.764435784,6.171924609255955,0.8343730503338456,6.115265733818594
series_1,2024-07-10 01:00:00,2.79199484,7.75963642188048,7.331412594323897,2.542114625968517
series_1,2024-07-10 02:00:00,3.00524944,6.664340333663852,1.1618260504942042,6.56228560116762
series_1,2024-07-10 03:00:00,2.88549878,5.561969531427205,1.9020352672245555,5.226640116820611
series_1,2024-07-10 04:00:00,2.806102452,5.6249004424363935,2.7296980044992742,4.918155527385629
series_1,2024-07-10 05:00:00,2.7148951,5.468564544094864,2.7237098870030376,4.742004072580849
series_1,2024-07-10 06:00:00,2.517716616,5.628666194974412,3.724672001637659,4.220035736183314
series_1,2024-07-10 07:00:00,2.99868776,5.6358264970712275,3.639914358632577,4.30273910049291
series_1,2024-07-10 08:00:00,3.233595904,4.496348483076689,2.435303560499217,3.7797415585573937
series_1,2024-07-10 09:00:00,2.8795932680000003,3.7317145358420474,2.6852889858543225,2.59131558083231
series_1,2024-07-10 10:00:00,2.931758624,3.528737790574773,2.864872895871149,2.060216902448232
series_1,2024-07-10 11:00:00,2.58530192,3.507110325597778,2.3716828780675385,2.5835911367311644
series_1,2024-07-10 12:00:00,2.80839904,3.163826446196562,2.24487769330899,2.2294218810571667
series_1,2024-07-10 13:00:00,3.025918732,3.3125316935335,1.6131621476055242,2.8931944466621404
series_1,2024-07-10 14:00:00,3.053149704,2.474526055569378,1.746380173844791,1.7531216409860386
series_1,2024-07-10 15:00:00,2.876968596,3.561726868830141,1.1077048660487179,3.3850979628185875
series_1,2024-07-10 16:00:00,2.812992216,4.555928647754365,1.8461185052722169,4.165132928001265
series_1,2024-07-10 17:00:00,2.592191684,5.315586451606863,1.4908175627782205,5.102246791269357
series_1,2024-07-10 18:00:00,2.66404208,5.481000500875511,0.7853567950503314,5.424442938686504
series_1,2024-07-10 19:00:00,2.618766488,5.363012953527977,0.8232912201106026,5.299443320443919
series_1,2024-07-10 20:00:00,2.580708744,6.4314747660264695,1.0259470974657483,6.349118066254308
series_1,2024-07-10 21:00:00,2.4593176640000003,6.417861678402727,1.4565841236939945,6.250384885246097
series_1,2024-07-10 22:00:00,2.518372784,6.657842298470698,1.7259790720490222,6.430230191381518
series_1,2024-07-10 23:00:00,2.3704069,7.024817041624383,2.1905577550735718,6.674542020991655
series_1,2024-07-11 00:00:00,2.626968588,7.946451085069041,2.409018493088252,7.5724972596465
series_1,2024-07-11 01:00:00,2.804133948,8.24016504247338,1.4492625712702876,8.111717322904896
series_1,2024-07-11 02:00:00,3.691601168,8.867683518257326,1.0418349505896414,8.806269977448029
series_1,2024-07-11 03:00:00,3.958005376,8.797576113800087,0.7527931315075613,8.765309348748673
series_1,2024-07-11 04:00:00,3.78608936,9.133442043864274,0.758458970133502,9.101895602524326
series_1,2024-07-11 05:00:00,3.801181224,8.190930800738691,0.5529682981700197,8.172244088603126
series_1,2024-07-11 06:00:00,3.744422692,7.682505650317466,-0.7291773284790037,7.6478227941546875
series_1,2024-07-11 07:00:00,4.11417336,8.38818974212809,-0.7431858423208081,8.355202089340317
series_1,2024-07-11 08:00:00,4.118766536,8.476739424182908,-0.8044140516412557,8.438485012075265
series_1,2024-07-11 09:00:00,4.295603812,9.255737313487021,-1.196909323714553,9.178021643419736
series_1,2024-07-11 10:00:00,4.462926652,9.142571708094472,0.0627703887943778,9.142356223421842
series_1,2024-07-11 11:00:00,4.7326117,9.598592355690558,0.1501744442615527,9.597417509257996
series_1,2024-07-11 12:00:00,4.866798056,10.067476009252143,-1.2248665483547203,9.992686082109708
series_1,2024-07-11 13:00:00,4.964239004,9.905542584863811,-0.19905815157057183,9.90354228308456
series_1,2024-07-11 14:00:00,5.169619588000001,9.15906940876415,0.27252737917662784,9.155013995737985
series_1,2024-07-11 15:00:00,5.909777092,8.719296551031732,0.34555388903622575,8.712446548163484
series_1,2024-07-11 16:00:00,5.517716712,8.795120045104126,1.78108484975146,8.612889954352035
series_1,2024-07-11 17:00:00,6.331365032,10.079029306183951,1.32604259161378,9.991418457863785
series_1,2024-07-11 18:00:00,6.446194432,9.62031388718741,2.199397155143476,9.365526757313638
series_1,2024-07-11 19:00:00,6.163386024,10.302012314757892,1.8511982383117411,10.13432399402618
series_1,2024-07-11 20:00:00,6.414698368,9.756355838107673,2.6707171105448486,9.383695932585447
series_1,2024-07-11 21:00:00,6.927165576,11.066352176012177,2.886528305808603,10.683262836011064
series_1,2024-07-11 22:00:00,7.422572415999999,11.958445088732068,2.9512396194444084,11.588554424467347
series_1,2024-07-11 23:00:00,7.407480552,12.517929315543276,4.0037414118598456,11.860379802345973
series_1,2024-07-12 00:00:00,7.66568266,10.842730776637532,3.67505372516402,10.200921076638169
series_1,2024-07-12 01:00:00,7.544947748,10.255086532310987,3.9872535674070395,9.44820664329406
series_1,2024-07-12 02:00:00,7.950787656,9.494154946194838,3.950103010147976,8.633403984036413
series_1,2024-07-12 03:00:00,7.732939880000001,9.939082268167933,4.896508757323625,8.649251893826614
series_1,2024-07-12 04:00:00,7.977690544,10.25230489227032,5.032944701470417,8.931921586982881
series_1,2024-07-12 05:00:00,7.732939880000001,9.511685405158605,4.503380921165006,8.378049864114812
series_1,2024-07-12 06:00:00,6.629593388000001,8.894248526681583,5.291031930681694,7.1493103137914105
series_1,2024-07-12 07:00:00,6.559055328,8.428725320951527,4.571313861523307,7.081419357409523
series_1,2024-07-12 08:00:00,6.207021196,8.366070900862631,4.230278702267292,7.217747877240118
series_1,2024-07-12 09:00:00,6.160761352,7.332212649392159,4.360389021894608,5.894773101116561
series_1,2024-07-12 10:00:00,5.801837456,6.491737260414358,2.931014652946181,5.79239205876699
series_1,2024-07-12 11:00:00,5.378281012,7.1697514280494365,2.260276617168656,6.804152052526277
series_1,2024-07-12 12:00:00,5.484908312,7.256594532826015,2.54845446091203,6.794375915012209
series_1,2024-07-12 13:00:00,5.109908300000001,7.730394672095781,2.703416907660876,7.242274422426987
series_1,2024-07-12 14:00:00,4.96391092,7.53022919421834,3.0490632361011634,6.885315177950425
series_1,2024-07-12 15:00:00,5.507874192,7.115618645280138,3.10604209661527,6.401916213065598
series_1,2024-07-12 16:00:00,5.449147156,7.4510595240152275,3.747714475405032,6.439947534045415
series_1,2024-07-12 17:00:00,5.192257384,7.695951118491413,2.9268722210053877,7.117659911805018
series_1,2024-07-12 18:00:00,4.98523638,8.057382863991146,2.2418133110640976,7.739230691436584
series_1,2024-07-12 19:00:00,4.740485716,8.926502697887454,3.0286717860839527,8.39699932282783
series_1,2024-07-12 20:00:00,4.523622192,9.190333273514213,2.6678570680296767,8.794587218444455
series_1,2024-07-12 21:00:00,4.53740172,9.090099919860997,4.202205263345228,8.060483079677704
series_1,2024-07-12 22:00:00,4.422244236,9.375062039574459,3.936411733336502,8.508610398385903
series_1,2024-07-12 23:00:00,4.43241484,8.409642364665679,3.1509428990724944,7.797027866332426
series_1,2024-07-13 00:00:00,4.644357104,7.6688184005870985,3.3112155067870845,6.9171256695824175
series_1,2024-07-13 01:00:00,4.405840036,8.15414611259113,3.8344804948854945,7.1963086481770455
series_1,2024-07-13 02:00:00,5.062992287999999,8.876154796582787,4.469626342977196,7.66867422225406
series_1,2024-07-13 03:00:00,5.264435864,7.88259321929432,3.383166720486204,7.119652997320826
series_1,2024-07-13 04:00:00,5.43143062,8.707536232563449,3.8858202834218165,7.792405788096053
series_1,2024-07-13 05:00:00,4.734908288,8.511451374797597,4.215861790216297,7.394005265844632
series_1,2024-07-13 06:00:00,4.835301992,8.118214268600903,4.290328053256015,6.8919146908794335
series_1,2024-07-13 07:00:00,5.109580216,7.525418710402892,3.8341152191979866,6.475452667790593
series_1,2024-07-13 08:00:00,4.451115628,7.160880968752852,3.3898925281526906,6.307681420000644
series_1,2024-07-13 09:00:00,4.26017074,7.21655973662716,4.3164249385545395,5.783356307727608
series_1,2024-07-13 10:00:00,4.270997512,7.938921484556775,4.652744016040016,6.432608138163009
series_1,2024-07-13 11:00:00,4.162729792,7.74872235239678,2.851107912282088,7.205128851523473
series_1,2024-07-13 12:00:00,3.948819024,7.362023633122942,2.753719917929756,6.827621737344392
series_1,2024-07-13 13:00:00,3.912729784,6.386291059775197,1.2165563581914438,6.269346387583684
series_1,2024-07-13 14:00:00,3.816929256,7.198382809628324,1.9182200433982628,6.9380938981147935
series_1,2024-07-13 15:00:00,3.622703528,6.748579634945058,2.450428834619447,6.287982634809096
series_1,2024-07-13 16:00:00,4.064304592,6.028659325860321,3.0072548846382166,5.225050365891434
series_1,2024-07-13 17:00:00,4.005577556,4.030357834337361,1.7679861410318827,3.621879246734178
series_1,2024-07-13 18:00:00,3.710958124,7.2658920880632,2.30861911530667,6.889373383394172
series_1,2024-07-13 19:00:00,3.375656276,6.624683787891415,2.8046225596543173,6.001710388500049
series_1,2024-07-13 20:00:00,3.559055232,6.382614256744177,2.535469387459487,5.857402131973682
series_1,2024-07-13 21:00:00,3.451771764,7.521382077137306,3.190386318778688,6.8112130701683435
series_1,2024-07-13 22:00:00,3.566929248,5.930185261878817,3.3061070586616075,4.92308372434114
series_1,2024-07-13 23:00:00,3.4694883000000005,4.511120725703963,0.6796847499671204,4.459623172706185
series_1,2024-07-14 00:00:00,3.194225824,3.237956004644286,1.0216268077046793,3.0725620829840254
series_1,2024-07-14 01:00:00,2.9885171560000003,3.7728247434994246,0.6070269523269676,3.7236708802350043
series_1,2024-07-14 02:00:00,2.978018468,4.584246118592822,0.14712185764121843,4.581884725179973
series_1,2024-07-14 03:00:00,2.97408146,6.491856724334961,3.592041739404838,5.407535471142702
series_1,2024-07-14 04:00:00,3.2729659840000003,5.809853700069874,3.23506952201222,4.825839326372484
series_1,2024-07-14 05:00:00,3.091863616,3.8709124977733906,2.944785888489868,2.512409129972499
series_1,2024-07-14 06:00:00,3.077099836,4.262084939419146,3.585887531561908,2.3036446431280044
series_1,2024-07-14 07:00:00,3.042322932,4.2269552048041055,4.188134836064534,0.5715565574492354
series_1,2024-07-14 08:00:00,3.058070964,3.380057144603005,3.2409050170234215,0.9598546616098895
series_1,2024-07-14 09:00:00,2.96259852,3.6967590880462984,3.1193128203378286,1.9839141321964922
series_1,2024-07-14 10:00:00,2.720144444,3.5970367952938807,3.476896638199647,0.9218804011226549
series_1,2024-07-14 11:00:00,2.669291424,4.124438421873926,4.09240892721498,0.513012152176742
series_1,2024-07-14 12:00:00,2.671916096,3.838823358340628,3.835999283550121,-0.14722185009222544
series_1,2024-07-14 13:00:00,2.447834724,4.777762697953493,4.472377398472286,-1.6807310324945242
series_1,2024-07-14 14:00:00,2.366469892,4.52383367602528,4.506466873007272,0.3960144578528159
series_1,2024-07-14 15:00:00,2.3704069,4.766464055817414,4.758010853737704,-0.28374691383977757
series_1,2024-07-14 16:00:00,2.584317668,4.7692420710220595,4.752457918151018,-0.39976701741198534
series_1,2024-07-14 17:00:00,2.536417404,4.078384878556512,4.066219206642124,0.3147770340623802
series_1,2024-07-14 18:00:00,2.593175936,5.187508842477897,5.093200346993545,0.9846614728784664
series_1,2024-07-14 19:00:00,2.7395014,5.897888110004588,5.074735047947346,3.005353282272873
series_1,2024-07-14 20:00:00,3.124015848,5.627610263939742,5.10727030494044,2.3634270276599447
series_1,2024-07-14 21:00:00,3.20866152,4.471730559739228,4.307351697382783,1.2012891217185684
series_1,2024-07-14 22:00:00,3.0744751640000003,4.508857455241618,4.139445723681501,1.7873960535882516
series_1,2024-07-14 23:00:00,2.67060376,4.59082419343902,4.14321229370594,1.9772351059873976
series_1,2024-07-15 00:00:00,2.387467268,4.477048642610875,3.6284366309999645,2.622672713687604
series_1,2024-07-15 01:00:00,2.4589895800000003,4.77619879827441,4.038976670627008,2.5492631121107703
series_1,2024-07-15 02:00:00,2.234908208,4.6946574454139665,3.8336029486452974,2.7098518339420083
series_1,2024-07-15 03:00:00,2.40485572,4.905116135061193,3.9776979167388875,2.870206191479764
series_1,2024-07-15 04:00:00,2.897309804,5.0522710930664045,3.922156587142173,3.184671239511492
series_1,2024-07-15 05:00:00,2.753937096,4.553320257643909,3.6702090777451293,2.694863761734096
series_1,2024-07-15 06:00:00,3.10203422,4.087144159179836,3.5061658479678965,2.100368640134728
series_1,2024-07-15 07:00:00,3.091863616,3.9437434223597467,2.5083969711734753,3.0431984516974087
series_1,2024-07-15 08:00:00,3.125656268,4.0971481313742855,2.800733937126424,2.9904033547085445
series_1,2024-07-15 09:00:00,2.925853112,4.071344303290273,1.3896503046697055,3.8268415784646153
series_1,2024-07-15 10:00:00,2.742454156,4.0913678396508715,1.6293676046807595,3.752925793050846
series_1,2024-07-15 11:00:00,2.73293972,4.040009005298533,2.0730503636935023,3.4675834456409955
series_1,2024-07-15 12:00:00,2.379593252,4.30272433418477,2.123999012283038,3.7419333093745073
series_1,2024-07-15 13:00:00,2.417650996,5.021589217703719,3.19411078890009,3.87479219308472
series_1,2024-07-15 14:00:00,2.418635248,5.17477661243291,3.2228685240960786,4.048633283587609
series_1,2024-07-15 15:00:00,2.922572272,5.104986218215141,2.9657212066707266,4.155163295524023
series_1,2024-07-15 16:00:00,2.758530272,4.418134823364714,1.6992369616128862,4.078297324339726
series_1,2024-07-15 17:00:00,2.785761244,4.6496627308756695,1.9276013955869402,4.231278337645193
series_1,2024-07-15 18:00:00,2.950787496,5.648426235796412,2.062724811167103,5.258315823020605
series_1,2024-07-15 19:00:00,3.1840552200000003,5.291417438646852,1.8051043624251926,4.974002085923321
series_1,2024-07-15 20:00:00,3.033464664,5.292536089487674,1.1280954558013474,5.170912772531541
series_1,2024-07-15 21:00:00,3.241141836,6.964430344760296,3.6824629680167096,5.91123984593787
series_1,2024-07-15 22:00:00,3.18897648,6.171831884088469,3.435030145203305,5.12758000493367
series_1,2024-07-15 23:00:00,2.912729752,6.482213556186062,4.180289193279927,4.954217884646315
series_1,2024-07-16 00:00:00,3.148294064,6.217132160388052,3.7866302370552143,4.930939438641543
series_1,2024-07-16 01:00:00,2.997703508,4.342191641800893,2.0541982441947737,3.8255584987910782
series_1,2024-07-16 02:00:00,2.962926604,4.981100128134812,1.3885178093582982,4.78365725983786
series_1,2024-07-16 03:00:00,2.982611644,6.469838948119073,2.0296394700872353,6.143238529966301
series_1,2024-07-16 04:00:00,3.3910762240000003,6.80469999091769,2.272883055430164,6.413886854531631
series_1,2024-07-16 05:00:00,3.702756024,6.6950386830571444,2.6469789172840015,6.149556535156462
series_1,2024-07-16 06:00:00,3.615157596,6.45702345385364,2.0716602952974763,6.115666399052843
series_1,2024-07-16 07:00:00,3.683399068,6.321190546617497,1.4440646481687716,6.154033410581682
series_1,2024-07-16 08:00:00,3.924868892,6.096692859416132,0.6396611016360954,6.063043583639272
series_1,2024-07-16 09:00:00,3.657808516,5.643685637398635,1.5715074024003834,5.420475261264499
series_1,2024-07-16 10:00:00,3.46784788,6.130970532249993,1.0362182308189642,6.042768524892889
series_1,2024-07-16 11:00:00,3.656168096,6.594223009500405,1.2709024835576788,6.470593788541474
series_1,2024-07-16 12:00:00,3.498359692,6.813180260750597,1.2198423927746906,6.7030895714044645
series_1,2024-07-16 13:00:00,4.003609052,6.2284774257649484,1.577055456191309,6.025514677715156
series_1,2024-07-16 14:00:00,4.013451572,5.718190625625293,2.636999981998786,5.0738481575553065
series_1,2024-07-16 15:00:00,3.85990826,5.304354821824209,1.629406490385748,5.047892091249429
series_1,2024-07-16 16:00:00,3.993110364,5.869538253352109,3.254677908754198,4.884521575121879
series_1,2024-07-16 17:00:00,4.37500014,5.958769487530848,3.6133003952023595,4.738247994729605
series_1,2024-07-16 18:00:00,4.049540812,6.559867070675685,4.516229941581702,4.757680432699965
series_1,2024-07-16 19:00:00,3.947178604,6.656820487955068,4.475575404825898,4.927726027751121
series_1,2024-07-16 20:00:00,4.0600395,6.818304773939629,5.08356988644647,4.543852682464801
series_1,2024-07-16 21:00:00,3.840879388,6.7776242443495756,4.617204904315742,4.961613575154539
series_1,2024-07-16 22:00:00,3.4530841,5.600000235372156,3.2004883706686336,4.595310307844622
series_1,2024-07-16 23:00:00,3.591863632,5.334950145945927,1.1805195697451007,5.202698012106537
series_1,2024-07-17 00:00:00,3.386811132,5.686777938434692,0.24868900504063857,5.681337615371878
series_1,2024-07-17 01:00:00,3.006561776,5.9161759294622,0.1888148287235929,5.913162148022156
series_1,2024-07-17 02:00:00,3.143700888,6.998670424109463,0.7096139661987865,6.962602654487771
series_1,2024-07-17 03:00:00,2.889763872,8.314548416437361,5.6930758052334784,6.059752737954431
series_1,2024-07-17 04:00:00,3.394357064,7.554131911789141,3.8527482794099956,6.497787287701436
series_1,2024-07-17 05:00:00,4.6013781,7.621996827939752,2.1482334943921044,7.312997230868854
series_1,2024-07-17 06:00:00,4.941273124,8.708221497677789,3.2352741153883886,8.08493185196483
series_1,2024-07-17 07:00:00,5.100721948,9.115143347464793,2.5831635218236064,8.741458943697644
series_1,2024-07-17 08:00:00,5.272966048,8.50965190799541,3.7084326017024356,7.659092846667967
series_1,2024-07-17 09:00:00,4.988517219999999,8.065878830415992,5.232318012150871,6.138505479892838
series_1,2024-07-17 10:00:00,4.8868111800000005,8.645690820870042,7.864606675327681,3.591090588173428
series_1,2024-07-17 11:00:00,4.95570882,7.611713560836289,7.311297827860901,2.1173349769310335
series_1,2024-07-17 12:00:00,4.916666824,7.099535105705672,6.811681586396815,2.0010978693431802
series_1,2024-07-17 13:00:00,5.160433236,6.468751514736435,6.420322609276092,0.7900656632351242
series_1,2024-07-17 14:00:00,4.800197004,5.5584608216236555,5.185964550775074,2.0005645162377057
series_1,2024-07-17 15:00:00,4.671259992,5.3502638056616085,5.218686582963039,1.179251092420188
series_1,2024-07-17 16:00:00,4.809055272,4.954204320125111,4.0181983744601855,2.897968645281008
series_1,2024-07-17 17:00:00,4.396981768,5.13527207810498,4.390100684110696,2.6642138239141833
series_1,2024-07-17 18:00:00,4.560039516,4.3071569494892605,2.943316380890016,3.1445969009585517
series_1,2024-07-17 19:00:00,4.52263794,4.018067565663422,1.4355374161189876,3.752878800222411
series_1,2024-07-17 20:00:00,4.72769044,3.4325504289843214,0.8239141937013958,3.3322016519019115
series_1,2024-07-17 21:00:00,4.25853032,6.41370425792112,0.5320758443515162,6.391595857368731
series_1,2024-07-17 22:00:00,4.791338735999999,7.827384524686021,1.1310569000418358,7.745234585612108
series_1,2024-07-17 23:00:00,4.84908152,8.841677516978299,2.4337735983020563,8.50011808073555
series_1,2024-07-18 00:00:00,4.39960644,9.554202770670157,2.830056451083353,9.125435390531392
series_1,2024-07-18 01:00:00,4.6204069720000005,7.812189211642437,3.026120683908737,7.202283935316783
series_1,2024-07-18 02:00:00,4.566273111999999,7.349600663678063,2.6401664158969416,6.859019697588492
series_1,2024-07-18 03:00:00,5.092191764,7.057941787196849,2.875817232944024,6.445480394366399
series_1,2024-07-18 04:00:00,5.100721948,7.278788218856351,2.4896268458395845,6.8397745652497095
series_1,2024-07-18 05:00:00,4.840551336,7.252443059941472,3.260445075487015,6.478227245738273
series_1,2024-07-18 06:00:00,5.163057908,7.239386449011374,3.8994486358533362,6.099427554653886
series_1,2024-07-18 07:00:00,5.369422744,6.2110258692861295,2.8182680868721777,5.5348177331741795
series_1,2024-07-18 08:00:00,5.50032826,7.37090702379544,4.3950718945439275,5.917230213134099
series_1,2024-07-18 09:00:00,5.68569572,5.26230051560917,1.5283161687537206,5.035479759159646
series_1,2024-07-18 10:00:00,4.928805932,6.298236384546798,0.9368416907043549,6.228170614408964
series_1,2024-07-18 11:00:00,5.115813812,5.487350756214129,1.1358506709492415,5.368506456643964
series_1,2024-07-18 12:00:00,5.205380744,4.338886110428544,-0.09380757312261909,4.337871922785939
series_1,2024-07-18 13:00:00,4.788714064,4.0497728408811815,-0.1930137419333765,4.045170671079739
series_1,2024-07-18 14:00:00,4.750328236,3.056626696303089,1.8736867239090618,2.415008244540723
series_1,2024-07-18 15:00:00,4.97211302,3.492481250052017,2.7383820594879924,2.1676459531572956
series_1,2024-07-18 16:00:00,4.772966032,4.806097094819231,2.3597670890452886,4.186892471784841
series_1,2024-07-18 17:00:00,5.027231132,5.22765080997776,3.542969947157842,3.843916875349607
series_1,2024-07-18 18:00:00,5.089567091999999,3.979553013376277,2.8231447074852136,2.8047631177820413
series_1,2024-07-18 19:00:00,4.470472584,4.248867322027272,2.9184064484619743,3.0880053953590774
series_1,2024-07-18 20:00:00,4.62434398,3.9006833345993623,2.893660081390506,2.615733512838854
series_1,2024-07-18 21:00:00,4.8123361120000006,4.360165940096148,2.9049179041665725,3.251537943070481
series_1,2024-07-18 22:00:00,4.848097268,3.8631736425889853,2.605013621120135,2.8527205658060537
series_1,2024-07-18 23:00:00,4.823490968,4.23837154557115,3.3084313030683403,2.6491650894545438
series_1,2024-07-19 00:00:00,4.806758684,4.861244269548239,3.725676204687048,3.122664353728127
series_1,2024-07-19 01:00:00,4.707349232,4.2451434921873,3.724924224554001,2.036217766004158
series_1,2024-07-19 02:00:00,3.957021124,4.376493733316033,4.099421329037841,1.5324627776178226
series_1,2024-07-19 03:00:00,4.4963912200000005,4.675401996643593,4.352168983682032,-1.7082180679570795
series_1,2024-07-19 04:00:00,3.956364956,5.3726719079758585,4.1539883218930775,-3.4073427259858793
series_1,2024-07-19 05:00:00,4.078412204,5.97960487275848,4.238346143763144,-4.21806785151271
series_1,2024-07-19 06:00:00,4.065616928,5.6236097962561304,3.545388093290435,-4.365227417730069
series_1,2024-07-19 07:00:00,4.126968636,4.902448364721396,3.064771190305603,-3.8263791657168875
series_1,2024-07-19 08:00:00,4.864173384,4.566434901370449,3.4969380290972074,-2.9366225717834222
series_1,2024-07-19 09:00:00,4.459317728,3.810852676848764,2.9777933708920483,-2.378096878791266
series_1,2024-07-19 10:00:00,4.470800668,3.408262128052868,3.0606057273183747,-1.4996477304438622
series_1,2024-07-19 11:00:00,4.725065768,2.963154355928168,2.7205473485958587,-1.1742682236627706
series_1,2024-07-19 12:00:00,4.765748184,3.3239444795030284,3.151240894747164,-1.0574912416146773
series_1,2024-07-19 13:00:00,4.440288856,3.672948593301479,3.2136243873900954,-1.7785301981712165
series_1,2024-07-19 14:00:00,3.839238968,4.319813525573223,3.741010601724775,-2.160006614227881
series_1,2024-07-19 15:00:00,3.673884632,4.118656396642226,3.665097837859893,-1.878932769557406
series_1,2024-07-19 16:00:00,3.701115604,4.623397862442024,4.382263252979303,-1.4736270138745207
series_1,2024-07-19 17:00:00,3.686351824,5.017557094380979,4.8477296053996675,-1.2943712250758952
series_1,2024-07-19 18:00:00,3.802821644,4.6245464040168285,4.5712991590376335,-0.6997524144201303
series_1,2024-07-19 19:00:00,3.977362332,4.084660866086161,4.043112931009813,0.5811129133283756
series_1,2024-07-19 20:00:00,4.209973888,4.0590481058141386,3.5831878135385513,1.9069967535950774
series_1,2024-07-19 21:00:00,4.071522440000001,4.107034561164915,3.658268184915635,1.8667637166597046
series_1,2024-07-19 22:00:00,4.154527692,4.614030065608518,3.5974890394645653,2.88917740148847
series_1,2024-07-19 23:00:00,3.93044632,4.350394065260608,3.736603911901887,2.227940692346688
series_1,2024-07-20 00:00:00,4.094160236,4.627082287422382,3.717364347289879,2.755193787027698
series_1,2024-07-20 01:00:00,3.619422688,4.523027762215931,3.831836242074302,2.403083675551466
series_1,2024-07-20 02:00:00,3.5820211120000005,3.9946046270854256,3.4452525179754114,2.0216580358993403
series_1,2024-07-20 03:00:00,3.247375432,4.61024784004162,4.240036754178359,1.8101031655198738
series_1,2024-07-20 04:00:00,2.869422664,4.0120576966458525,3.6168073702606054,1.736465204846843
series_1,2024-07-20 05:00:00,2.973425292,5.078237689148377,3.9292259224502653,3.217092115223298
series_1,2024-07-20 06:00:00,2.755577516,4.672916458040326,3.0359351411839346,3.5523578145154002
series_1,2024-07-20 07:00:00,2.825787492,3.488984664283691,3.272899058643352,1.2087786147753603
series_1,2024-07-20 08:00:00,2.898950224,3.3699953969182737,3.107065071679379,1.304996404439632
series_1,2024-07-20 09:00:00,3.038385924,2.505551404235115,1.5959182420017708,1.9315363843610436
series_1,2024-07-20 10:00:00,3.1571523320000003,2.974652324567531,0.06977464639120545,2.9738338808306013
series_1,2024-07-20 11:00:00,2.821194316,3.6801741410037248,0.1073222499934532,3.6786089276748144
series_1,2024-07-20 12:00:00,2.666338668,3.666406486360597,0.4026625764143778,3.644228227318151
series_1,2024-07-20 13:00:00,2.671588012,3.2923804608630776,0.6924003170827197,3.2187498970837605
series_1,2024-07-20 14:00:00,2.666666752,3.4052625932362672,0.44388522085524407,3.3762078193737537
series_1,2024-07-20 15:00:00,2.557086696,4.254475552598632,0.5413855972656558,4.2198890818044905
series_1,2024-07-20 16:00:00,2.803149696,4.035918756436918,1.3083737487729699,3.817957352051105
series_1,2024-07-20 17:00:00,2.677493524,4.237555082214141,1.001399679528328,4.117532241117178
series_1,2024-07-20 18:00:00,3.119422672,4.65787240951678,1.1198658302605367,4.521247162625875
series_1,2024-07-20 19:00:00,2.873687756,5.096949204889225,1.1122273660281345,4.9741171561875195
series_1,2024-07-20 20:00:00,2.958005344,5.631246400505885,0.470727406233063,5.611537376889829
series_1,2024-07-20 21:00:00,2.833661508,5.675240212064746,1.3557090792828692,5.51093498029025
series_1,2024-07-20 22:00:00,3.230971232,5.799864012960946,1.0309145241027453,5.707507145228419
series_1,2024-07-20 23:00:00,2.910433164,6.203765104195615,1.962469259349167,5.885186137595375
series_1,2024-07-21 00:00:00,3.14468514,7.215918791089238,2.3326653260274006,6.828481271581863
series_1,2024-07-21 01:00:00,3.02821532,7.853109306938807,2.563975668121609,7.4227592282121915
series_1,2024-07-21 02:00:00,2.894685132,7.2300503559111355,2.459273348631725,6.798941295946042
series_1,2024-07-21 03:00:00,2.973097208,7.241638382596902,2.6717894002295304,6.73074051387526
series_1,2024-07-21 04:00:00,2.869422664,7.31778821872588,2.804086765020886,6.75922494287311
series_1,2024-07-21 05:00:00,2.817913476,7.551979462594629,4.45574894150325,6.097433490719166
series_1,2024-07-21 06:00:00,2.68700796,8.30264920746597,4.4994675564842845,6.9777342719811735
series_1,2024-07-21 07:00:00,2.702755992,5.511549266346032,4.557299169660731,3.0997095982638583
series_1,2024-07-21 08:00:00,2.936023716,4.8704196400973485,4.1355801335804365,2.572540462146476
series_1,2024-07-21 09:00:00,2.987532904,3.710132050175068,3.0266409477314897,2.1458155566710015
series_1,2024-07-21 10:00:00,2.985236316,4.244187202520813,2.0527665960650983,3.7147374486120492
series_1,2024-07-21 11:00:00,2.972112956,2.2813865922265575,1.6966744466449724,1.5251297011379332
series_1,2024-07-21 12:00:00,3.00032818,2.4585730095378735,1.992025920341803,1.4409767437104977
series_1,2024-07-21 13:00:00,3.021981724,1.9999304758620848,1.792494970953387,0.8869519081600541
series_1,2024-07-21 14:00:00,2.84448828,0.9563483936173571,0.7693924508101865,-0.5680118894977413
series_1,2024-07-21 15:00:00,2.770341296,1.295042291990299,0.8189146775036711,-1.003251358839122
series_1,2024-07-21 16:00:00,2.6541995600000003,1.9994027969814592,1.3341551254161403,-1.4891748204637107
series_1,2024-07-21 17:00:00,2.4858924680000003,3.0248315228079954,2.5700864104356693,-1.5950741626228018
series_1,2024-07-21 18:00:00,2.33431766,2.486308106504934,2.1094149147697663,-1.3160914549601066
series_1,2024-07-21 19:00:00,2.22933078,1.970281606200715,1.9490983667338504,0.2881408761843859
series_1,2024-07-21 20:00:00,2.061351772,2.9401670437202605,2.642956059256219,1.2881636207483793
series_1,2024-07-21 21:00:00,2.235564376,3.192519874082018,2.767075856293725,1.5923172899661089
series_1,2024-07-21 22:00:00,2.203740228,3.6660244739644186,2.3078164571865916,2.848458994552111
series_1,2024-07-21 23:00:00,2.187664112,3.6757606554556777,2.5946699426141104,2.603632901368939
series_1,2024-07-22 00:00:00,2.189304532,3.9068704291969616,2.4682189760205326,3.028453670926105
series_1,2024-07-22 01:00:00,2.131233664,3.8118626407785974,3.496660021529005,1.5177830826585068
series_1,2024-07-22 02:00:00,2.013779592,3.5961904004088794,3.3846694732740517,1.215153468776569
series_1,2024-07-22 03:00:00,2.038713976,4.481358675898604,4.364313726583075,1.0175172126358552
series_1,2024-07-22 04:00:00,1.991141796,4.984818785164417,4.973550494496747,0.3349832825966389
series_1,2024-07-22 05:00:00,1.98818904,5.281007945293318,5.245318751626716,-0.6129242302962961
series_1,2024-07-22 06:00:00,2.100065684,5.9212699925773125,5.753544933267177,-1.399342354776744
series_1,2024-07-22 07:00:00,1.891076176,4.752414711460202,4.455370887603519,-1.653818564292463
series_1,2024-07-22 08:00:00,2.02919954,3.072630795130714,2.9330052222284775,-0.9157184990847803
series_1,2024-07-22 09:00:00,1.845144416,1.9944715281156244,1.9135335707097738,-0.5624108375827915
series_1,2024-07-22 10:00:00,1.784448876,1.9991103204939509,1.3623279587189452,1.4630463445831436
series_1,2024-07-22 11:00:00,1.743110292,1.9680360708843287,1.0210208704262158,1.6824631819020346
series_1,2024-07-22 12:00:00,1.836286148,1.7588592361441617,1.3291632292186664,1.1519161960240993
series_1,2024-07-22 13:00:00,1.877952816,2.6869474903529236,1.898508097475794,1.9014083779484918
series_1,2024-07-22 14:00:00,1.816601108,2.164470351980984,1.3406555474405304,1.699286499599646
series_1,2024-07-22 15:00:00,1.746063048,2.783289675160988,1.0830716946152856,2.563914413583443
series_1,2024-07-22 16:00:00,1.89796594,2.8792834436133177,1.3763252974591218,2.529031795814324
series_1,2024-07-22 17:00:00,1.875984312,3.241534041975705,1.1858816927528235,3.0168240843776504
series_1,2024-07-22 18:00:00,1.864173288,4.1453795192466565,0.5991018101962754,4.101859136977913
series_1,2024-07-22 19:00:00,1.90124678,4.226872337534237,0.41865636241913107,4.206088040925692
series_1,2024-07-22 20:00:00,1.824475124,3.132834168904426,0.9971450518069211,2.969907688045549
series_1,2024-07-22 21:00:00,1.973097176,2.935820589652092,-0.36250582643985724,2.9133540911503215
series_1,2024-07-22 22:00:00,1.833661476,2.8334250367369402,-1.57823855406704,2.353180933388699
series_1,2024-07-22 23:00:00,1.921916072,3.3252311571541764,-1.2570650959223277,3.0784654607649395
series_1,2024-07-23 00:00:00,2.068241536,5.463176737997949,-0.05640982853341703,5.46288550144031
series_1,2024-07-23 01:00:00,1.911417384,5.81955496768873,-0.08912356947826172,5.818872486256597
series_1,2024-07-23 02:00:00,2.01443576,6.887657003205158,-0.5023960235116697,6.869309807350424
series_1,2024-07-23 03:00:00,2.059711352,6.091964882458812,-0.44871590596063426,6.075416871692783
series_1,2024-07-23 04:00:00,2.254921332,5.026476439151966,-1.35366550073997,4.8407700942573415
series_1,2024-07-23 05:00:00,2.265091936,5.37047733170887,-1.765540678053847,5.071971301627799
series_1,2024-07-23 06:00:00,2.215879336,5.034894740309415,-2.195143174503495,4.531171094697941
series_1,2024-07-23 07:00:00,1.9603019,4.975190853806882,-1.0959252136475146,4.852985880661029
series_1,2024-07-23 08:00:00,2.055118176,4.38720244982186,-1.8286883804926057,3.987912253645291
series_1,2024-07-23 09:00:00,2.141076184,6.2184012176717305,-1.651455467841357,5.995098709919474
series_1,2024-07-23 10:00:00,2.08989508,6.2316708212353085,-0.8177937889765492,6.177777475997894
series_1,2024-07-23 11:00:00,2.474737612,6.146819223737506,-0.43740992954206004,6.131236345374965
series_1,2024-07-23 12:00:00,2.758202188,5.040620023650039,-0.28929226746884473,5.032311616623563
series_1,2024-07-23 13:00:00,2.58858276,1.8248524853168937,0.4898272961684444,1.7578839020525658
series_1,2024-07-23 14:00:00,2.664370164,1.9575900992980082,-1.878375876713285,-0.5512377551031709
series_1,2024-07-23 15:00:00,2.624343916,5.444747423240075,-3.5737759348718305,4.107724439420251
series_1,2024-07-23 16:00:00,2.392388528,5.595555506145309,-4.071408900186929,3.8384724813175026
series_1,2024-07-23 17:00:00,2.546259924,5.94868860020575,-5.8943317233232335,0.8023400760545383
series_1,2024-07-23 18:00:00,2.375000076,6.117629487838461,-6.031516796506145,1.022837075948519
series_1,2024-07-23 19:00:00,2.134842588,4.803974222903442,-4.771270096214095,-0.5595980729897738
series_1,2024-07-23 20:00:00,2.348753356,4.890089473305226,-4.833077362999406,-0.7445389581434209
series_1,2024-07-23 21:00:00,2.137795344,3.3915690149378803,-3.390629342367518,0.0798313582692714
series_1,2024-07-23 22:00:00,2.054462008,1.7888324622089529,-1.6497419324415896,-0.6915729420649958
series_1,2024-07-23 23:00:00,2.010498752,1.1296400296228817,-0.9698679318094878,-0.5791742323118076
series_1,2024-07-24 00:00:00,2.384842596,0.9452592828794083,0.17204525086182226,0.9294705716296702
series_1,2024-07-24 01:00:00,2.359908212,0.812242682995135,0.0252076603012881,-0.81185143341702
series_1,2024-07-24 02:00:00,2.218832092,1.0004996315593897,-0.3517648434954122,-0.936622126383486
series_1,2024-07-24 03:00:00,2.413385904,0.8501290743087325,0.5466949377548346,-0.6510330928749015
series_1,2024-07-24 04:00:00,2.807086704,1.052995817010333,0.3896013277208048,-0.9782693882972342
series_1,2024-07-24 05:00:00,2.9356956320000003,1.0592104997711327,0.557277983120114,-0.9007597528503316
series_1,2024-07-24 06:00:00,3.249015852,1.2629005605647634,0.8808322225055677,-0.9050151499674995
series_1,2024-07-24 07:00:00,3.13648304,1.2007943739750007,-1.1760749210611292,0.2423941183714495
series_1,2024-07-24 08:00:00,3.378937116,1.654512507297077,-1.652275980957389,0.08599836948313705
series_1,2024-07-24 09:00:00,3.251968608,1.6391653262437818,-1.5340916343647173,0.5774303630153808
series_1,2024-07-24 10:00:00,3.006561776,2.118922127829399,-0.6357707990751567,2.0212932678976605
series_1,2024-07-24 11:00:00,3.078740256,1.8598904107732241,-1.6068560437265953,0.9365927582602307
series_1,2024-07-24 12:00:00,3.767716656,1.9742826131787483,-1.883366111546418,0.5922194918933629
series_1,2024-07-24 13:00:00,3.824475188,2.659586614131673,-2.482734073448815,0.9536416929877973
series_1,2024-07-24 14:00:00,3.596456808,3.4223096451924646,-3.2419476375840004,1.0963479478436085
series_1,2024-07-24 15:00:00,3.888123484,2.631973046894437,-2.2159119765344646,1.4202169664631916
series_1,2024-07-24 16:00:00,3.869422696,3.098863257435858,-2.302484771316446,2.074009972527092
series_1,2024-07-24 17:00:00,3.668963372,2.717534654198994,-2.385315333728028,1.3020235617892606
series_1,2024-07-24 18:00:00,3.662073608,3.3909558361809355,-2.890503862922893,1.7730112524621437
series_1,2024-07-24 19:00:00,3.3914043080000003,2.8441047255861953,-2.3293752852782803,1.6318524658915885
series_1,2024-07-24 20:00:00,2.761811112,2.606555873120517,-2.0855641015772663,1.5635075624733223
series_1,2024-07-24 21:00:00,2.70997384,2.5339147902032617,-1.5110855985321363,2.03404633131097
series_1,2024-07-24 22:00:00,2.727034208,3.284590622631966,-2.494811530288517,2.136457578942609
series_1,2024-07-24 23:00:00,3.035433168,2.7868532200695957,-2.7863549353039367,0.05269767281076177
series_1,2024-07-25 00:00:00,3.081693012,2.8210009184165985,-2.799249710653828,-0.349638726561794
series_1,2024-07-25 01:00:00,3.41043318,6.488083001489448,-6.004064108143101,2.458950023795545
series_1,2024-07-25 02:00:00,3.450787512,6.225979378272206,-5.647686397587271,2.620392637216507
series_1,2024-07-25 03:00:00,3.293307192,5.1013345368343,-4.784700014539292,1.7692540313833178
series_1,2024-07-25 04:00:00,3.266404304,4.339389717992148,-4.046801774529392,1.5664285883121951
series_1,2024-07-25 05:00:00,3.205708764,3.260521141168721,-3.1684284752350504,0.7694537733534567
series_1,2024-07-25 06:00:00,3.071522408,4.1148094044570005,-3.855891063682374,1.4365794583044065
series_1,2024-07-25 07:00:00,2.973097208,4.551764755681334,-4.312584153046102,1.4560838966070542
series_1,2024-07-25 08:00:00,2.633530268,3.7422433719894954,-3.6959960045193587,0.5865142707353737
series_1,2024-07-25 09:00:00,2.540354412,4.803059833656404,-4.569158841385853,1.4805982736275776
series_1,2024-07-25 10:00:00,2.457021076,4.914184734218773,-4.6782170378974595,1.5044922559969378
series_1,2024-07-25 11:00:00,2.494750736,3.607833832546331,-3.288229027496417,1.4845924780881503
series_1,2024-07-25 12:00:00,2.586286172,4.554214164449782,-3.8422800434504536,2.4449439100677544
series_1,2024-07-25 13:00:00,2.719160192,4.740080670389665,-3.8917344711181063,2.7060612646636093
series_1,2024-07-25 14:00:00,3.050525032,5.004329598001557,-3.807781379086413,3.2471704135319426
series_1,2024-07-25 15:00:00,3.119750756,4.838548097101175,-2.271228585602996,4.2723609866093035
series_1,2024-07-25 16:00:00,3.185039472,4.34792862356579,-1.279642033255119,4.15535793673053
series_1,2024-07-25 17:00:00,3.405840004,4.179510290970419,-0.29512840350526887,4.169077295730084
series_1,2024-07-25 18:00:00,3.3848426280000004,4.32353791545386,-1.6141824860528124,4.010909498865248
series_1,2024-07-25 19:00:00,3.3044620480000004,4.311261304845815,-0.48780583798966015,4.283575551228675
series_1,2024-07-25 20:00:00,3.014435792,4.198454932008538,0.368408712288508,4.182260015448195
series_1,2024-07-25 21:00:00,2.856955472,5.057805602394497,0.27115896462927275,5.050531687606201
series_1,2024-07-25 22:00:00,2.949803244,4.727073590788515,0.29091957317135614,4.718113026907687
series_1,2024-07-25 23:00:00,2.622375412,4.46055070531378,-0.3265278372243585,4.448583163906553
series_1,2024-07-26 00:00:00,2.80183736,4.916173711748943,0.026037925954135954,4.916104757885392
series_1,2024-07-26 01:00:00,3.207677268,6.027429475801897,1.7321129013506453,5.773187246464485
series_1,2024-07-26 02:00:00,3.2562337,6.702826348962938,3.3923984113721106,5.78096134590708
series_1,2024-07-26 03:00:00,3.638123476,5.822488338593584,4.923101300541535,3.1087688942191454
series_1,2024-07-26 04:00:00,3.722769148,6.175096031738293,6.17509552651636,-0.002497916661185595
series_1,2024-07-26 05:00:00,3.425853128,6.301910565284976,5.733090673334976,-2.616438056627733
series_1,2024-07-26 06:00:00,3.227362308,6.048448301668541,5.290776098318227,-2.9311115869959004
series_1,2024-07-26 07:00:00,2.990157576,5.824768232009712,5.360719967530823,-2.278290233123488
series_1,2024-07-26 08:00:00,3.037401672,5.516582427900887,5.201214780383557,-1.8384902752379393
series_1,2024-07-26 09:00:00,3.030511908,5.555599916378326,5.525122205412066,-0.5811325546941679
series_1,2024-07-26 10:00:00,3.407808508,5.785121535559413,5.587172585859367,-1.500377844749401
series_1,2024-07-26 11:00:00,3.707677284,6.201933400553289,6.191598701125547,-0.3578874531454177
series_1,2024-07-26 12:00:00,3.55479014,7.016939545046303,6.99973991560712,-0.4910007053875223
series_1,2024-07-26 13:00:00,3.785105108,7.123237407393827,6.942739868460929,-1.59338453644368
series_1,2024-07-26 14:00:00,4.1059712600000005,6.826583586675653,6.696094889264306,-1.3283661768645987
series_1,2024-07-26 15:00:00,3.973753408,5.599749020391423,5.598365462985909,0.12447182099280385
series_1,2024-07-26 16:00:00,3.928149732,6.102618697461158,6.061581409142336,-0.7065308110355266
series_1,2024-07-26 17:00:00,3.5095145480000003,4.835590828173149,4.826723373824647,-0.2927116842339843
series_1,2024-07-26 18:00:00,3.553477804,5.330831906321636,5.097582475834075,1.559622298996175
series_1,2024-07-26 19:00:00,3.413385936,5.7715966376520855,5.035385157572386,2.8206779438029757
series_1,2024-07-26 20:00:00,3.270341312,4.914132165144036,4.873079221057703,0.6338721020827913
series_1,2024-07-26 21:00:00,3.117454168,4.894974740571371,4.8942944009687475,0.08160899140244295
series_1,2024-07-26 22:00:00,2.863845236,4.336793294408076,4.32951977973359,-0.2510668343657826
series_1,2024-07-26 23:00:00,2.89206046,4.201154488013698,4.168421380434503,-0.5234140113659098
series_1,2024-07-27 00:00:00,2.670931844,4.101173339517101,3.8444682825924534,-1.428175894246392
series_1,2024-07-27 01:00:00,2.770997464,4.103076534881069,3.9227816691519295,-1.2029218708034382
series_1,2024-07-27 02:00:00,2.672572264,3.675729572246406,3.56811701768652,-0.8829093024669074
series_1,2024-07-27 03:00:00,2.731627384,3.495906786006468,3.495369648747007,0.06128029915314942
series_1,2024-07-27 04:00:00,2.51312344,3.679120753009701,3.63938659272412,-0.5392538770621755
series_1,2024-07-27 05:00:00,2.6082678,3.4891163206351132,3.4171743920802897,-0.7048772042228418
series_1,2024-07-27 06:00:00,2.72145678,2.8978124438093777,2.8769150843468525,-0.34738531482205914
series_1,2024-07-27 07:00:00,2.736548644,1.3027704660761157,1.3011886385862421,0.06417954576234948
series_1,2024-07-27 08:00:00,2.580708744,2.018503428690421,1.8447004216633043,0.8194122564071233
series_1,2024-07-27 09:00:00,2.280839968,1.874767022862362,1.4869520810666301,1.141807732774578
series_1,2024-07-27 10:00:00,2.475065696,1.1279243093946743,1.1243025274900709,-0.09031652342119478
series_1,2024-07-27 11:00:00,2.418307164,1.8886765876064495,1.867786190075434,-0.2801321130042712
series_1,2024-07-27 12:00:00,2.557086696,3.250838166649093,2.862252721102985,-1.5412521358561007
series_1,2024-07-27 13:00:00,2.664370164,1.9691489731268816,0.5049308446160741,-1.903310936374283
series_1,2024-07-27 14:00:00,2.329724484,1.079449581643869,-0.4976001747103533,-0.9579172539626528
series_1,2024-07-27 15:00:00,2.21948826,0.9653688567730184,0.3188173966184909,-0.9112038724899343
series_1,2024-07-27 16:00:00,2.00787408,1.3470438785990007,0.7582819992108244,1.113344340509204
series_1,2024-07-27 17:00:00,2.202427892,2.574522539263722,1.8352659125386115,1.8055374090421783
series_1,2024-07-27 18:00:00,2.337270416,2.780246187279529,1.819357209065113,2.1023102072970015
series_1,2024-07-27 19:00:00,2.2903544040000003,2.855244344933082,2.4453032319011108,1.4740801787305622
series_1,2024-07-27 20:00:00,2.074147048,3.150795181344403,2.384146152402009,2.0599411153646616
series_1,2024-07-27 21:00:00,2.026902952,2.964067542785981,1.725013805705521,2.410399089014655
series_1,2024-07-27 22:00:00,1.885826832,2.657312859535509,0.989046435755697,2.4663938820414995
series_1,2024-07-27 23:00:00,1.713254648,3.251819774733926,0.6581737892557825,3.184515522098658
series_1,2024-07-28 00:00:00,1.918635232,4.197804090828103,0.06740999497329478,4.197262807777332
series_1,2024-07-28 01:00:00,1.878937068,4.039866303004521,0.7249285844890657,3.974292175160515
series_1,2024-07-28 02:00:00,1.70275596,3.6597323050842876,0.5434668413191343,3.6191551966258864
series_1,2024-07-28 03:00:00,1.714895068,3.2473043137422315,0.44944556195631574,3.216050993514667
series_1,2024-07-28 04:00:00,2.031496128,2.180242760878643,1.831311840733862,1.1831126059474142
series_1,2024-07-28 05:00:00,2.058399016,1.3763666112860102,1.3421281110813088,0.30508553244664577
series_1,2024-07-28 06:00:00,1.89632552,2.8732650097054844,1.04544085037865,2.676323082954938
series_1,2024-07-28 07:00:00,1.799212656,2.7766665703940494,0.5850028375413447,2.7143413424277405
series_1,2024-07-28 08:00:00,1.647965932,2.781102609623521,1.2968263038600927,2.460238456506062
series_1,2024-07-28 09:00:00,1.746063048,2.8362410116368095,1.2172068462329664,2.561770983045555
series_1,2024-07-28 10:00:00,1.69455386,1.791470961263752,1.397783609512866,1.1205218364799747
series_1,2024-07-28 11:00:00,1.479330756,1.7245152807077795,-0.428390968166309,1.6704592577456547
series_1,2024-07-28 12:00:00,1.418635216,3.4901146718105305,-1.533910349378895,3.134967218721026
series_1,2024-07-28 13:00:00,1.488517108,2.9398300746136212,-1.4857371473605545,2.5367668392179152
series_1,2024-07-28 14:00:00,1.400590596,2.9572085325757973,-1.3725460973965595,2.6193891493362673
series_1,2024-07-28 15:00:00,1.346128652,4.869386675883865,-1.791379961448221,4.52790066509824
series_1,2024-07-28 16:00:00,1.515419996,5.238611535039897,-1.5455673184232692,5.005424305618353
series_1,2024-07-28 17:00:00,1.371063036,4.173997224304651,-0.11634105770193645,4.172375532810503
series_1,2024-07-28 18:00:00,1.3553150040000002,4.417944144616581,-0.3285025734565482,4.405714076535649
series_1,2024-07-28 19:00:00,1.421587972,3.4687967755179545,-1.533853128899231,3.111245031946182
series_1,2024-07-28 20:00:00,1.515091912,3.1257263833393223,-2.0089106958154503,2.394669755883221
series_1,2024-07-28 21:00:00,1.30577432,3.876186392667144,-2.217889964183064,3.1789597445507187
series_1,2024-07-28 22:00:00,1.210301876,2.5192552414233256,-2.4904541752526677,0.3798486177485091
series_1,2024-07-28 23:00:00,1.26476382,2.657547696194523,-2.6484776899191074,0.21937566763331812
series_1,2024-07-29 00:00:00,1.33038062,3.146596417546464,-3.0977326068665767,-0.5523782320763924
series_1,2024-07-29 01:00:00,1.19586618,4.366531045971966,-4.249795976217378,-1.002909535284022
series_1,2024-07-29 02:00:00,1.391732328,5.410082941410615,-4.951442247727153,-2.179958050138767
series_1,2024-07-29 03:00:00,1.546587976,6.31527476609393,-5.5786257107673185,-2.960005160540869
series_1,2024-07-29 04:00:00,1.7572179039999998,8.532000832750288,-7.89631538452748,-3.231600463876413
series_1,2024-07-29 05:00:00,2.551181184,8.47612937962653,-8.137721955994515,-2.37112855558125
series_1,2024-07-29 06:00:00,3.167979104,8.462867748395468,-8.30964616774681,-1.6030942248298798
series_1,2024-07-29 07:00:00,3.40879276,7.188179628952398,-7.176191866298435,-0.4149658734865001
series_1,2024-07-29 08:00:00,4.142716667999999,6.225126945826819,-5.826117595446227,2.192842733916642
series_1,2024-07-29 09:00:00,4.7001313840000005,7.790970504637382,-5.755222899335078,5.251345616420501
series_1,2024-07-29 10:00:00,5.36745424,10.182105377434885,-7.095316827030137,7.3028589635328025
series_1,2024-07-29 11:00:00,6.041994944,9.912145738741101,-7.322693602023947,6.680478392818953
series_1,2024-07-29 12:00:00,6.667979216,8.750296577888983,-3.845182892925969,7.860169128012777
series_1,2024-07-29 13:00:00,6.653871603999999,8.914076285224695,-2.437543516472865,8.574330156000899
series_1,2024-07-29 14:00:00,7.438648532,7.593559961846157,-0.6316150576729325,7.567246217288944
series_1,2024-07-29 15:00:00,6.7739503480000005,9.236616752501375,-1.0944169735293237,9.17155060612108
series_1,2024-07-29 16:00:00,6.696194439999999,9.050855934257465,-0.3368953971791856,9.04458371811788
series_1,2024-07-29 17:00:00,7.185367684,9.031271411548461,0.2575832467602338,9.027597364749992
series_1,2024-07-29 18:00:00,6.62237554,8.303327812361404,-0.7092393851101464,8.272982065382651
series_1,2024-07-29 19:00:00,5.607611728,7.694929681699067,0.3173122517935013,7.688384468869585
series_1,2024-07-29 20:00:00,5.441929308,7.285612147513959,0.07193558108465259,7.285257005499323
series_1,2024-07-29 21:00:00,5.141732448,7.186084002570905,-2.7613562850039584,6.634358654706167
series_1,2024-07-29 22:00:00,5.3097114560000005,8.27991951870226,-2.674244661437272,7.836165052304662
series_1,2024-07-29 23:00:00,4.969816432,7.533986468530851,-2.8383196968455198,6.978889124101681
series_1,2024-07-30 00:00:00,5.574475244,8.447721879778165,-2.5327599755654013,8.05910242299083
series_1,2024-07-30 01:00:00,5.443569728,8.98121731507449,-0.922621753124075,8.933702119572606
series_1,2024-07-30 02:00:00,5.808071052,8.833944904565335,-0.9847592396511686,8.778885568044359
series_1,2024-07-30 03:00:00,5.943569744,8.583682641457596,-1.502098648575415,8.45123111382054
series_1,2024-07-30 04:00:00,6.406824352,6.562804628722156,-0.7373029355588161,6.5212567022003745
series_1,2024-07-30 05:00:00,5.858924072,8.745911903850212,-0.2416613524899076,8.742572551636137
series_1,2024-07-30 06:00:00,5.755249528,10.370910648793402,-0.5777442324715065,10.3548056131973
series_1,2024-07-30 07:00:00,4.874015904,8.680752983028963,-1.1855811662039024,8.59941100603459
series_1,2024-07-30 08:00:00,4.927165512,9.873968295630394,0.1449790065824662,9.872903878331064
series_1,2024-07-30 09:00:00,4.916666824,10.021984544297869,0.43035068987948755,10.012740508465482
series_1,2024-07-30 10:00:00,4.826443724,9.343325624326079,0.6473933913746515,9.320869890680417
series_1,2024-07-30 11:00:00,4.305446332,9.513493458663977,1.600993475690538,9.37781305416346
series_1,2024-07-30 12:00:00,4.671588076,8.525734623768379,1.2919975156513135,8.427270809370835
series_1,2024-07-30 13:00:00,4.361220611999999,7.040064485358804,2.2295077947820943,6.677709408997684
series_1,2024-07-30 14:00:00,3.86482952,6.825772913852822,1.7709683017217916,6.592029061357623
series_1,2024-07-30 15:00:00,3.88943582,5.8462185464133505,-1.6130300112761087,5.619288698327399
series_1,2024-07-30 16:00:00,3.944882016,6.590231276069592,-0.9486472220586716,6.521596178863439
series_1,2024-07-30 17:00:00,4.013451572,6.979255557324254,-2.607437096249614,6.473892177318283
series_1,2024-07-30 18:00:00,3.699475184,7.184660920745103,-2.074947062971257,6.878513446374066
series_1,2024-07-30 19:00:00,3.960958132,8.026553893371181,-1.7230423642390016,7.8394318935895955
series_1,2024-07-30 20:00:00,4.1975066960000005,7.571613292975765,-2.002654031663226,7.30196580982343
series_1,2024-07-30 21:00:00,4.191929268,8.164471755839136,-2.3997679815220088,7.803826797588269
series_1,2024-07-30 22:00:00,3.970144484,8.948426727618951,-0.9965886363146443,8.892758401617224
series_1,2024-07-30 23:00:00,4.202427955999999,8.621168123871895,-1.619769188717699,8.467637663206052
series_1,2024-07-31 00:00:00,4.784448972,8.215921814839382,-1.1382552189065434,8.136691362229838
series_1,2024-07-31 01:00:00,4.511483084,7.503538566739274,0.18964548238295142,7.501141620683842
series_1,2024-07-31 02:00:00,4.47178492,6.512582283339028,2.1235630154989704,6.156639352476828
series_1,2024-07-31 03:00:00,4.600065764,7.796227148670962,3.949956757120926,6.721532516513544
series_1,2024-07-31 04:00:00,4.941273124,7.151350437063576,3.214083863404263,6.388386180616645
series_1,2024-07-31 05:00:00,4.705052643999999,6.925041208739912,3.8706604065176844,5.742315191641982
series_1,2024-07-31 06:00:00,4.71456708,7.895482207970099,4.6191665078399735,6.403275729595116
series_1,2024-07-31 07:00:00,4.917651075999999,6.9589100312767105,3.326219815031358,6.112502806992925
series_1,2024-07-31 08:00:00,4.965879424,6.954064849919856,3.3113307017743927,6.1150721108076205
series_1,2024-07-31 09:00:00,3.883530308,6.381450565997684,1.5829044941024901,6.182016231685445
series_1,2024-07-31 10:00:00,3.87631246,4.615259663606024,1.0136304053083216,4.50257428189067
series_1,2024-07-31 11:00:00,3.514435808,5.443085113337234,0.4543067013701535,5.424092640444444
series_1,2024-07-31 12:00:00,3.752296708,5.1864148019950695,0.45852721429652143,5.166106008600968
series_1,2024-07-31 13:00:00,3.753609044,5.967844860439805,0.15657113104369325,5.965790623144723
series_1,2024-07-31 14:00:00,3.854658916,5.928667377330529,-0.15397368155185875,5.926667611433311
series_1,2024-07-31 15:00:00,3.73851718,5.9141207532796045,-0.15553698502053298,5.912075145891097
series_1,2024-07-31 16:00:00,4.149934516,5.300969146433342,-0.8563367457163804,5.231344116895209
series_1,2024-07-31 17:00:00,3.990485692,5.796307337341809,-1.8004534196487052,5.509586756971686
series_1,2024-07-31 18:00:00,4.24376654,5.426714526373979,-1.9824344672535394,5.051651624350548
series_1,2024-07-31 19:00:00,3.813648416,5.528630839768138,-1.9929456804012262,5.156929946916619
series_1,2024-07-31 20:00:00,4.032808528,5.495231322413676,-1.8575856238688935,5.171744670498725
series_1,2024-07-31 21:00:00,3.332349188,6.07724110490764,-1.3462931430588343,5.926242841812323
series_1,2024-07-31 22:00:00,3.266404304,6.583203840004657,-1.349226676106397,6.443458712177408
series_1,2024-07-31 23:00:00,3.483267828,6.2387833962629795,-1.0637510493045732,6.14742645101103
series_1,2024-08-01 00:00:00,3.3438321280000003,5.968616699126757,-1.0892884688847029,5.868375919506998
series_1,2024-08-01 01:00:00,3.5951444720000003,7.30365223984694,-1.5533027024746366,7.1365668745627415
series_1,2024-08-01 02:00:00,3.87303162,7.207336096376029,-1.0470795762266432,7.130870772014725
series_1,2024-08-01 03:00:00,4.141732416,7.844289479013281,0.022512320401343724,7.844257174901178
series_1,2024-08-01 04:00:00,4.035761284,7.184051920022817,0.723998795978504,7.147477018711232
series_1,2024-08-01 05:00:00,4.489829540000001,7.506261355788986,0.15264211312790357,7.5047091833535395
series_1,2024-08-01 06:00:00,4.600065764,6.524496285610772,0.24109669352120444,6.520040196603231
series_1,2024-08-01 07:00:00,4.760170756,5.755157127836505,-0.09174220274496991,5.754425856184336
series_1,2024-08-01 08:00:00,4.62106314,5.302596548786836,0.7979893365230456,5.242207853376435
series_1,2024-08-01 09:00:00,4.531496208,4.324066615356627,0.9677876510756112,4.214372925651842
series_1,2024-08-01 10:00:00,4.1384515760000005,4.377164174636215,0.8006959399471482,4.303307126323997
series_1,2024-08-01 11:00:00,4.18471142,5.219775467491531,1.1073135153480969,5.100971741712932
series_1,2024-08-01 12:00:00,3.811351828,5.4499137296643765,1.6289836011481658,5.200766490429524
series_1,2024-08-01 13:00:00,3.742782272,4.986901937934503,2.488869524012592,4.321425624839127
series_1,2024-08-01 14:00:00,3.845472564,4.854206826772659,3.3486255585392586,3.514261058285785
series_1,2024-08-01 15:00:00,3.359908244,4.3692839266775865,3.284488655248982,2.881453852738899
series_1,2024-08-01 16:00:00,3.400918744,3.6139219979094737,2.6931374614747794,2.4098636518639767
series_1,2024-08-01 17:00:00,3.068897736,4.5038452111688905,4.502993890480619,-0.0875654524522545
series_1,2024-08-01 18:00:00,3.28740168,4.444207693301738,4.411589101171559,-0.5374603460969659
series_1,2024-08-01 19:00:00,3.600065732,4.532420803786913,4.519875177784696,-0.3369966169654594
series_1,2024-08-01 20:00:00,3.401574912,3.6403537897227713,3.6127785945689017,-0.4472209084710761
series_1,2024-08-01 21:00:00,3.782152352,2.225332586364362,2.13383982240404,0.6315320516472575
series_1,2024-08-01 22:00:00,3.471784888,2.193342265159607,1.9654184067336047,0.9735916898824759
series_1,2024-08-01 23:00:00,3.520669404,3.0750076861793754,1.3548067084623518,2.760465731134448
series_1,2024-08-02 00:00:00,3.49245418,3.272274982962954,1.6830366327830701,2.8062735534575785
series_1,2024-08-02 01:00:00,3.271981732,3.9809783298605788,1.6509675408029771,3.622498397795987
series_1,2024-08-02 02:00:00,3.12171926,3.1193233230701214,0.9323693793207917,2.976720567059358
series_1,2024-08-02 03:00:00,2.966535528,2.718358242868311,1.7487168665386577,2.081216196663218
series_1,2024-08-02 04:00:00,2.731955468,2.543479804123845,1.1736469761016544,2.256511087824147
series_1,2024-08-02 05:00:00,2.683399036,2.782369975440457,2.139000701531531,1.7793984036972013
series_1,2024-08-02 06:00:00,2.47867462,3.2411676722443046,2.8741323467196356,1.4981759353098165
series_1,2024-08-02 07:00:00,2.61811032,2.8282951715052196,2.810738113414981,-0.314650337606895
series_1,2024-08-02 08:00:00,2.714567016,2.951320123584741,2.9243394765002257,-0.39815712734878533
series_1,2024-08-02 09:00:00,3.146981728,2.2594845514504236,2.215885334325142,-0.441726865116755
series_1,2024-08-02 10:00:00,2.958661512,1.8725480529059069,1.6215038859522823,-0.9365689287411529
series_1,2024-08-02 11:00:00,3.066929232,1.4233417929102818,1.3133191629776266,0.548720908660133
series_1,2024-08-02 12:00:00,2.960301932,2.280269555815216,2.2799749082337026,0.0366560363711427
series_1,2024-08-02 13:00:00,3.10531506,2.474141525918417,1.934973689837136,-1.5418343328360455
series_1,2024-08-02 14:00:00,2.916010592,2.4234679621407205,1.1004112165077946,-2.159234150829023
series_1,2024-08-02 15:00:00,2.937336052,1.815614324486388,1.070677044603776,1.4663239892461306
series_1,2024-08-02 16:00:00,2.60334654,1.9240929329169736,1.1230131280632025,1.5623620350926166
series_1,2024-08-02 17:00:00,2.763451532,1.6907243289242546,0.49521604007646597,1.6165734842769615
series_1,2024-08-02 18:00:00,3.13812346,2.5751770979526536,1.2019477507200966,2.2774676046782205
series_1,2024-08-02 19:00:00,3.041994848,2.782108356333752,2.046784920765388,1.8843562281345625
series_1,2024-08-02 20:00:00,3.211286192,3.149932312196901,2.1354622927282296,2.315572146955911
series_1,2024-08-02 21:00:00,2.946522404,3.1006842608070473,1.4871821695234515,2.7207594674774294
series_1,2024-08-02 22:00:00,3.191273068,4.989888919847911,2.9173336387071025,4.048228732777946
series_1,2024-08-02 23:00:00,3.046588024,5.238315964248323,3.0352609286024337,4.269326086936712
series_1,2024-08-03 00:00:00,2.633530268,4.815641853520743,2.539902047881503,4.091369458817921
series_1,2024-08-03 01:00:00,2.678477776,4.811184501885418,2.246934716385652,4.254266175438881
series_1,2024-08-03 02:00:00,2.6082678,5.090782777873715,1.2789146809837952,4.927519307954027
series_1,2024-08-03 03:00:00,2.607611632,4.859843323157316,0.446149499395127,4.839321000907692
series_1,2024-08-03 04:00:00,2.552165436,5.123781437393913,0.7297513833249023,5.071548002012584
series_1,2024-08-03 05:00:00,2.567585384,4.860705635695275,0.22835454020704965,4.855338657688734
series_1,2024-08-03 06:00:00,2.476049948,5.125712039178023,0.08860838505564483,5.124946093635752
series_1,2024-08-03 07:00:00,2.634186436,6.2014108524704135,1.0883278498959383,6.1051649488182305
series_1,2024-08-03 08:00:00,2.38517068,4.948408724507133,0.5638278880125442,4.916182158695671
series_1,2024-08-03 09:00:00,2.639107696,6.008676195342292,0.4837799853825673,5.989169103157495
series_1,2024-08-03 10:00:00,3.064960728,5.304760494671756,-1.3672845476814333,5.125526009250339
series_1,2024-08-03 11:00:00,2.899606392,7.136480180403435,5.366424356884855,4.70434256694004
series_1,2024-08-03 12:00:00,2.683070952,6.546937907185311,-0.546399479494601,-6.524097145915901
series_1,2024-08-03 13:00:00,2.913714004,6.436808697120132,-6.01833616174408,2.283010303867442
series_1,2024-08-03 14:00:00,2.84284786,6.151767948142017,-5.784882014362295,2.092698967289629
series_1,2024-08-03 15:00:00,2.738517148,5.108453549109563,-3.188388347374346,3.9913002154357646
series_1,2024-08-03 16:00:00,2.755249432,8.556421662284869,3.113340184522104,7.969909946684319
series_1,2024-08-03 17:00:00,3.383202208,7.123256151821007,-1.166892032295486,7.027029328914256
series_1,2024-08-03 18:00:00,3.0921917,5.363957406946895,-1.0415419487510482,5.261865584802821
series_1,2024-08-03 19:00:00,3.340879372,4.903951905876208,2.762476839193339,4.051847234048597
series_1,2024-08-03 20:00:00,2.900918728,5.913711177921233,4.375131966203315,3.978718408504986
series_1,2024-08-03 21:00:00,3.227362308,5.119240692434167,2.9111083216754907,4.210946877668437
series_1,2024-08-03 22:00:00,3.128937108,5.2905211465783415,2.0229996119252522,4.888464643683422
series_1,2024-08-03 23:00:00,3.3641733360000003,4.3238637737205705,3.0265579828780735,3.088000114956296
series_1,2024-08-04 00:00:00,3.263123464,4.594507615382141,3.517679651266202,2.9555761027035286
series_1,2024-08-04 01:00:00,3.319225828,4.609887449268147,3.546811833826088,2.9446881176707334
series_1,2024-08-04 02:00:00,3.151574904,4.320019767094021,3.5360355629760964,2.4817379566447775
series_1,2024-08-04 03:00:00,3.099737632,4.505274832326046,2.9959849774348544,3.36475486919555
series_1,2024-08-04 04:00:00,3.4114174320000004,3.723243086117226,2.1424979406658586,3.0450355749255675
series_1,2024-08-04 05:00:00,3.001640516,3.4073326252093397,1.7784304869542227,2.9063896197667196
series_1,2024-08-04 06:00:00,3.122375428,3.8244429809459466,1.1503377139098556,3.647339750895626
series_1,2024-08-04 07:00:00,3.110892488,5.100111860301665,2.4314090623062055,4.4832344305562435
series_1,2024-08-04 08:00:00,3.08234918,5.6986566461884145,2.143721637203179,5.280070559503377
series_1,2024-08-04 09:00:00,3.421588036,5.0788429448226635,1.9551705313287957,4.687425076905061
series_1,2024-08-04 10:00:00,3.551837384,4.8778075739334135,2.4913136162198697,4.1936098046861305
series_1,2024-08-04 11:00:00,3.936679916,5.318786379911316,2.6355193333014455,4.619905453461621
series_1,2024-08-04 12:00:00,3.63024946,3.5729922192006045,0.5851149594314985,3.524757279972273
series_1,2024-08-04 13:00:00,3.839895136,3.7323860500153603,-0.44742030451724163,3.705471724012337
series_1,2024-08-04 14:00:00,3.7811681,3.927410088182567,0.6117094970659136,3.879479538798673
series_1,2024-08-04 15:00:00,3.621063108,6.346267878832261,2.2517180326282022,5.933370196729268
series_1,2024-08-04 16:00:00,3.4504594280000003,5.7252708819525,3.0496501629725095,4.84544740506126
series_1,2024-08-04 17:00:00,3.428149716,3.757595201214256,2.507433532490931,2.798624443602331
series_1,2024-08-04 18:00:00,3.401574912,2.616456830237099,0.911449199970392,2.452571446536818
series_1,2024-08-04 19:00:00,3.530840008,3.5990456994053184,0.21974291784250966,3.5923311368060125
series_1,2024-08-04 20:00:00,3.802165476,4.8133540846651135,0.5386444048017109,4.783120294278427
series_1,2024-08-04 21:00:00,4.082677296,5.508956353977136,-0.06784206327257714,5.508538605154364
series_1,2024-08-04 22:00:00,3.742782272,4.9833968652815885,0.42688615072115965,4.96507930764664
series_1,2024-08-04 23:00:00,3.67290038,3.8561215786004315,0.9862930535563822,3.7278545628087896
series_1,2024-08-05 00:00:00,4.331364968,5.359827065947636,3.1350391186833937,4.347329743784074
series_1,2024-08-05 01:00:00,4.923228504,7.48629219870165,4.871531988319474,5.684430223964519
series_1,2024-08-05 02:00:00,4.631889912,6.610520765527583,3.7313064448358126,5.456769832620587
series_1,2024-08-05 03:00:00,4.563976524,5.975394560168532,4.097348743426924,4.349376210955945
series_1,2024-08-05 04:00:00,4.720472592,6.188957007481822,4.023330162639793,4.702765488821572
series_1,2024-08-05 05:00:00,4.14698176,5.132483953280067,4.619127127846912,2.237421754490225
series_1,2024-08-05 06:00:00,4.116798031999999,5.167052834929201,4.241276984543951,2.9512716817208924
series_1,2024-08-05 07:00:00,3.874015872,6.256172734587757,4.436056030445697,4.4114741504111326
series_1,2024-08-05 08:00:00,3.711614292,6.212710772804479,2.9390472556965026,5.473552445652063
series_1,2024-08-05 09:00:00,3.760498808,5.915237094918956,4.253886035952688,4.110289951114393
series_1,2024-08-05 10:00:00,3.5597114,5.138205530148954,4.633267336306564,2.2212586207751617
series_1,2024-08-05 11:00:00,3.82709986,4.344599357404158,4.270561016636229,0.7986564840678146
series_1,2024-08-05 12:00:00,3.888779652,4.850915260414297,4.826247945707113,0.4885791955028126
series_1,2024-08-05 13:00:00,3.834645792,3.786990314822573,3.1688802257478152,2.073522066297932
series_1,2024-08-05 14:00:00,3.883202224,4.475347637134143,4.471088204006312,-0.1952094905422609
series_1,2024-08-05 15:00:00,4.323162868000001,4.0234491250410045,4.023427085981055,-0.013317116325292977
series_1,2024-08-05 16:00:00,4.150590684,4.11577169055469,4.1000257704655585,-0.35967386656486
series_1,2024-08-05 17:00:00,3.886811148,3.8278168152142373,2.532712935309591,2.870112673424572
series_1,2024-08-05 18:00:00,3.245078844,4.4064642193942225,2.681988320582541,3.496264515888404
series_1,2024-08-05 19:00:00,3.240157584,4.270532051782104,2.636943358686286,3.3591626528613574
series_1,2024-08-05 20:00:00,2.78707358,4.889851619219995,4.02119209969617,2.78220469328364
series_1,2024-08-05 21:00:00,2.881561772,4.785596280549961,3.88078774263533,2.8002532487303715
series_1,2024-08-05 22:00:00,3.327099844,4.292754557571531,2.739082684557873,3.3053241503226864
series_1,2024-08-05 23:00:00,3.336286196,4.501483531263806,2.812239386594566,3.5149201434350505
series_1,2024-08-06 00:00:00,3.355971236,4.852839134795926,1.755023495351462,4.524371801584305
series_1,2024-08-06 01:00:00,3.008858364,5.3446163216514275,-0.34782961471467067,5.333285871279569
series_1,2024-08-06 02:00:00,3.726706156,6.645680103327873,1.160989356053117,6.5434828456181755
series_1,2024-08-06 03:00:00,3.402887248,6.5484771804559205,1.6543529145617089,6.336061064812515
series_1,2024-08-06 04:00:00,4.043963384,5.214951905604228,5.207261575839306,-0.2831082099705289
series_1,2024-08-06 05:00:00,3.57939644,6.562103927670799,2.895937053020443,5.88852753602255
series_1,2024-08-06 06:00:00,3.4429134960000005,5.4351952215075165,5.14990998984956,-1.7377497496319336
series_1,2024-08-06 07:00:00,3.363189084,6.677208590044025,-2.210507443923195,-6.3006961040283365
series_1,2024-08-06 08:00:00,3.326443676,8.955267811000802,-4.71821439470834,-7.611522481889814
series_1,2024-08-06 09:00:00,3.74671928,9.134551368390428,-4.026784513810772,-8.199087460266366
series_1,2024-08-06 10:00:00,4.515092008,7.289299035340967,-3.7165080618309814,-6.2706816418128
series_1,2024-08-06 11:00:00,4.124343964,6.623402916753424,-3.624211381109724,-5.543875725761943
series_1,2024-08-06 12:00:00,3.909777028,6.570341394095484,-4.3735700616625754,-4.903189875039861
series_1,2024-08-06 13:00:00,4.537073636,5.95244363643562,0.47974004264097325,-5.9330797008324225
series_1,2024-08-06 14:00:00,3.563648408,4.688178199842646,0.8063803720504858,-4.618307647726768
series_1,2024-08-06 15:00:00,3.874015872,4.4784845958265,0.057238497134300625,-4.478118804755079
series_1,2024-08-06 16:00:00,3.517716648,4.512980338796863,0.059017022503192074,-4.512594434404881
series_1,2024-08-06 17:00:00,3.3382547,4.863440727758057,0.6153813858107327,-4.8243508850842804
series_1,2024-08-06 18:00:00,3.296259948,4.225488573694475,0.4235794291556906,-4.204204342514611
series_1,2024-08-06 19:00:00,3.143700888,3.889095480232987,0.04004142581311021,-3.8888893451199533
series_1,2024-08-06 20:00:00,3.083333432,3.5697103346307055,0.4557022703702507,-3.5405038220497183
series_1,2024-08-06 21:00:00,2.873359672,2.918018991821802,0.6192231192013088,-2.8515605491168037
series_1,2024-08-06 22:00:00,2.885170696,2.2052855695180282,0.7407871362516738,-2.077141993675083
series_1,2024-08-06 23:00:00,2.95439642,1.6821265871150908,1.6775115084502148,0.12451905113896439
series_1,2024-08-07 00:00:00,2.769685128,1.6277761993150044,1.397588797644038,0.8345063856893447
series_1,2024-08-07 01:00:00,2.453740236,2.288564187616513,2.2083623274252,0.6005513064260073
series_1,2024-08-07 02:00:00,2.67060376,2.661937286801123,2.5794597394459653,0.6574934003010795
series_1,2024-08-07 03:00:00,2.717847856,3.7577139651054265,3.331165595108776,-1.7388933324134468
series_1,2024-08-07 04:00:00,2.55741478,2.911401113234319,2.816803334868055,-0.7361218749760366
series_1,2024-08-07 05:00:00,2.524934464,2.6632269543450664,2.3006758812005392,-1.3415171635175673
series_1,2024-08-07 06:00:00,2.360892464,3.249819027958006,3.227562797759963,-0.37968684595835317
series_1,2024-08-07 07:00:00,2.343175928,3.794259672011765,3.7408276062975387,-0.6345197227959549
series_1,2024-08-07 08:00:00,2.26049876,4.169486912341221,3.845372408513204,-1.6117481664422921
series_1,2024-08-07 09:00:00,2.44914706,3.505248723653449,3.0651961241414556,-1.700394464594122
series_1,2024-08-07 10:00:00,2.425853096,4.443331514984936,3.8458943792231244,-2.2253744349925264
series_1,2024-08-07 11:00:00,2.39829404,5.434340862811667,4.4172401413482465,-3.1654462792608533
series_1,2024-08-07 12:00:00,2.553477772,3.9965171900653247,3.851135862333244,-1.0681302450255856
series_1,2024-08-07 13:00:00,2.5688977200000003,4.122273549386851,3.7127271268467608,-1.791311390448537
series_1,2024-08-07 14:00:00,2.3766404960000003,4.430296417108592,2.799327844375439,-3.4338447785462862
series_1,2024-08-07 15:00:00,2.387467268,4.8350655878392494,3.216835427973406,-3.609685452784281
series_1,2024-08-07 16:00:00,2.39665362,5.243027049851155,3.5352346219905764,-3.8718792353261806
series_1,2024-08-07 17:00:00,2.1784777600000003,5.451677214026638,3.7324040622114647,-3.973656296450991
series_1,2024-08-07 18:00:00,2.035433136,5.12003817567536,4.374520364889513,-2.660519215781007
series_1,2024-08-07 19:00:00,1.925196912,4.748218087565331,4.081211758245226,-2.426785031980269
series_1,2024-08-07 20:00:00,1.873687724,4.901180621233102,4.529513939421328,-1.8721845407274311
series_1,2024-08-07 21:00:00,1.599081416,4.476175232624664,3.7757722439566503,-2.4040983080833085
series_1,2024-08-07 22:00:00,1.77657486,3.350836864108901,3.2722773702391983,-0.7213241310892152
series_1,2024-08-07 23:00:00,1.834317644,2.0992584500747107,1.8040069781302113,1.0735198475424572
series_1,2024-08-08 00:00:00,1.660433124,3.085700027609614,1.9721297716037025,2.3732359394599394
series_1,2024-08-08 01:00:00,1.84711292,3.9194936713071713,2.8215425920532873,2.7205381895217324
series_1,2024-08-08 02:00:00,2.088910828,3.778650216181739,2.858256296512293,2.4715518201522975
series_1,2024-08-08 03:00:00,1.92093182,3.9502207902428084,3.2534658914137236,2.2403580037739554
series_1,2024-08-08 04:00:00,1.74212604,3.9528416726425184,3.3476300044760117,2.1019825503821963
series_1,2024-08-08 05:00:00,1.904855704,4.378314179004918,3.925889807605875,1.93830448294684
series_1,2024-08-08 06:00:00,1.6555118640000002,3.4277355818363655,3.412047397019961,-0.32757255604887664
series_1,2024-08-08 07:00:00,1.77001318,2.8061923466899783,2.7582189088483777,0.5166661760679435
series_1,2024-08-08 08:00:00,1.531824196,2.4035726804814534,2.302764521870375,-0.6887940092450741
series_1,2024-08-08 09:00:00,1.541010548,2.5902547862686625,1.6165781468934834,-2.0238811607340352
series_1,2024-08-08 10:00:00,1.701443624,3.2007951289974095,2.964462377146204,-1.2070842026545696
series_1,2024-08-08 11:00:00,1.679461996,2.6852319658361328,2.4574809615188906,-1.082246752880493
series_1,2024-08-08 12:00:00,1.7053806320000002,1.9518034444028085,1.9086012169980866,-0.40838472064474923
series_1,2024-08-08 13:00:00,1.624343884,2.13995593467376,0.08908503024764997,-2.138100853498549
series_1,2024-08-08 14:00:00,1.531824196,2.7216786695241777,-0.5641980583506034,-2.6625580427656983
series_1,2024-08-08 15:00:00,1.888779588,1.6761281234734646,-0.8072148301203436,1.4689485029545668
series_1,2024-08-08 16:00:00,1.941929196,1.355307528528502,-0.4339364599705501,1.2839616994265302
series_1,2024-08-08 17:00:00,1.944881952,1.1092474982813731,0.11457135626267365,1.103314740573884
series_1,2024-08-08 18:00:00,1.750656224,0.6948451266875949,-0.6888973217274852,0.0907206161696314
series_1,2024-08-08 19:00:00,1.7349081920000002,1.7801330968990186,-1.5678791506505894,0.842988025793058
series_1,2024-08-08 20:00:00,1.572834696,1.6890327164184924,-1.1375095365912313,1.2485605997692035
series_1,2024-08-08 21:00:00,1.664042048,3.1413113906145385,-1.2024844458346173,2.902045556212111
series_1,2024-08-08 22:00:00,1.659448872,3.4028711667807983,-1.0236911984966002,3.2452409013551993
series_1,2024-08-08 23:00:00,1.685367508,2.120597529808962,-1.0457559589696797,1.8448111983916615
series_1,2024-08-09 00:00:00,1.6240158,2.695882319247813,-1.5778464837633168,2.185905293673243
series_1,2024-08-09 01:00:00,1.838254652,4.560202696018118,-3.348664310576317,3.095463772012742
series_1,2024-08-09 02:00:00,1.932742844,4.550081676107432,-2.2405310769962035,3.9602100641585736
series_1,2024-08-09 03:00:00,2.050525,3.989704527967338,-3.249874464212001,2.31431592211302
series_1,2024-08-09 04:00:00,2.099081432,4.429645858206049,-3.7096388418364556,2.4208143448559385
series_1,2024-08-09 05:00:00,2.174212668,3.4348416678661393,-2.6450522906116736,2.1913091208771482
series_1,2024-08-09 06:00:00,2.457021076,4.000654055694089,-3.983535467068605,0.3696999539465444
series_1,2024-08-09 07:00:00,2.263451516,4.821823955120716,-4.776548128006623,-0.6592224472910575
series_1,2024-08-09 08:00:00,2.489501392,5.840471573954424,-5.830756643102337,0.3367271522874804
series_1,2024-08-09 09:00:00,2.525590632,6.904919231993547,-6.869324495229221,0.7002075260936247
series_1,2024-08-09 10:00:00,2.72801846,6.713290231690829,-6.490803837182862,1.7139811207034157
series_1,2024-08-09 11:00:00,2.528871472,7.630992044626443,-6.938043802730986,3.1773554690242354
series_1,2024-08-09 12:00:00,2.994094584,7.584789092537953,-6.974003248541037,2.981996691416972
series_1,2024-08-09 13:00:00,3.250000104,7.240318317177622,-5.648486537800823,4.529548450600862
series_1,2024-08-09 14:00:00,3.380577536,7.470401732632403,-3.910724575316012,6.36499295702176
series_1,2024-08-09 15:00:00,3.682086732,7.2412741558997356,-3.018112392282123,6.582328538477437
series_1,2024-08-09 16:00:00,3.729986996,6.919379565078161,-2.602904525884136,6.411138868777772
series_1,2024-08-09 17:00:00,3.87631246,6.674101965360106,-2.188926471064203,6.304937584805899
series_1,2024-08-09 18:00:00,3.713254712,6.861401942530673,-1.2233660409892786,6.751460001119603
series_1,2024-08-09 19:00:00,3.852690412,6.982967675165765,-1.5246513556722587,6.814490134709766
series_1,2024-08-09 20:00:00,3.68766416,5.316482889631887,-2.0486177495845315,4.905930659093729
series_1,2024-08-09 21:00:00,3.655511928,5.456777570434152,-2.0448981326151197,5.059131652805691
series_1,2024-08-09 22:00:00,3.84022322,4.774376049420819,-2.3235350266391386,4.170833446838198
series_1,2024-08-09 23:00:00,3.71391088,6.328124281113904,-1.2986105111862938,6.19344554004149
series_1,2024-08-10 00:00:00,3.809383324,8.48329171645891,-2.826706236548607,7.998497996423927
series_1,2024-08-10 01:00:00,4.00426522,9.27010380154803,-2.0121419054834053,9.049094399091704
series_1,2024-08-10 02:00:00,4.60629936,10.768362062374516,-1.536626934736447,10.658161153305443
series_1,2024-08-10 03:00:00,5.458661592,11.464309256687757,-2.26031117440988,11.239278452276839
series_1,2024-08-10 04:00:00,6.503281048,11.818823118634372,-1.6689510733485968,11.700392396169235
series_1,2024-08-10 05:00:00,6.895669512,11.459030971229842,-1.685309384345381,11.334422044314485
series_1,2024-08-10 06:00:00,7.309055352,10.539476414225998,-1.418173827787451,10.44362705577927
series_1,2024-08-10 07:00:00,6.728018587999999,10.332915058905563,-1.15338020485446,10.268342014055007
series_1,2024-08-10 08:00:00,7.633530428,11.342404545693372,-0.21194736620187826,11.340424118705867
series_1,2024-08-10 09:00:00,7.81824172,12.678080722788685,-0.4406954375331549,12.670419027991283
series_1,2024-08-10 10:00:00,7.832349332000001,10.899637000724212,-0.982390282532553,10.85527503476268
series_1,2024-08-10 11:00:00,7.94947532,10.795534451528242,-1.167005043493735,10.732272048480386
series_1,2024-08-10 12:00:00,8.700131512,10.847959158688745,-0.36852594235516367,10.841697585636222
series_1,2024-08-10 13:00:00,8.82381918,11.289970957726498,-0.17089413004703857,11.288677487758397
series_1,2024-08-10 14:00:00,8.74671944,10.053540432449942,2.609603293821982,9.708946692395587
series_1,2024-08-10 15:00:00,8.909449104,8.839919056769164,1.9905166048690741,8.612898035851297
series_1,2024-08-10 16:00:00,8.796916291999999,8.380788834494808,1.2374272417333807,8.288932097068294
series_1,2024-08-10 17:00:00,7.460958243999999,7.258585218389881,0.7546992072357264,7.219244314969943
series_1,2024-08-10 18:00:00,7.180446424,7.36085085553811,0.7620370440061333,7.3212993970359195
series_1,2024-08-10 19:00:00,7.056102588,6.937276550168694,0.17476005833100405,6.935074971154429
series_1,2024-08-10 20:00:00,6.632546143999999,7.058899762335079,0.7495256675938546,7.0189940253794365
series_1,2024-08-10 21:00:00,6.016076308000001,6.5394772325884665,0.8799058372989426,6.480009891429963
series_1,2024-08-10 22:00:00,5.632546112,6.942073945353134,-0.2155976367755117,6.938725266341624
series_1,2024-08-10 23:00:00,5.49704742,6.627915756929614,-0.7064628298475588,6.590157627173999
series_1,2024-08-11 00:00:00,5.429134032,5.834660851803534,0.36245848335921105,5.823391718183629
series_1,2024-08-11 01:00:00,5.27066946,6.540999313056817,1.6760784697085298,6.322612828316254
series_1,2024-08-11 02:00:00,5.1709319240000005,6.646936156882962,3.057573413472733,5.901949262311795
series_1,2024-08-11 03:00:00,5.608267896,4.491193524622683,3.660186184621846,2.6026633223519506
series_1,2024-08-11 04:00:00,5.200459484,2.199328968019608,2.198428265327716,-0.06293704615219928
series_1,2024-08-11 05:00:00,4.66863532,2.5739647324859884,2.4583950956654137,-0.7626191695006804
series_1,2024-08-11 06:00:00,4.524934528,3.9495512779286637,3.9180085214850937,-0.4981611411562844
series_1,2024-08-11 07:00:00,4.500000144,2.9846701878165254,2.9540661790180094,0.42632046634271503
series_1,2024-08-11 08:00:00,4.273950268,1.7928164683590464,1.6582370276953515,-0.6814989722659082
series_1,2024-08-11 09:00:00,3.890748156,2.41018314882327,1.6467177773087216,-1.7599157288822316
series_1,2024-08-11 10:00:00,4.123359712,1.9246666942324118,-0.40420967954078774,1.8817429205003147
series_1,2024-08-11 11:00:00,4.532808544,2.868274563450097,2.376101739825539,1.6065925100450615
series_1,2024-08-11 12:00:00,4.567913532,3.0112783258091427,2.8402202166637656,1.0004730262942354
series_1,2024-08-11 13:00:00,4.452756048,2.3805625799797796,2.3351830989538978,0.46259927751786983
series_1,2024-08-11 14:00:00,4.243110371999999,2.38054653556899,2.3244946294193998,0.5135431099819054
series_1,2024-08-11 15:00:00,3.933070992,3.754806481911836,3.7221993574305734,0.4937647822096721
series_1,2024-08-11 16:00:00,4.26673242,4.1937984065756515,4.156412641856612,0.5587298323975697
series_1,2024-08-11 17:00:00,4.2486878,5.223618241284245,4.916149278512357,1.765690743607143
series_1,2024-08-11 18:00:00,4.177493572,5.220183173912284,4.922908535520179,1.7364572900303348
series_1,2024-08-11 19:00:00,3.64665366,5.869075407010361,4.684485044868495,3.5357666774798995
series_1,2024-08-11 20:00:00,4.350393840000001,5.63808205277842,4.887697832947678,2.8104055094702427
series_1,2024-08-11 21:00:00,3.86646994,5.016969081810225,3.069508145572818,3.968387394408697
series_1,2024-08-11 22:00:00,3.478018484,6.047230786694374,3.504841503704507,4.927990079277209
series_1,2024-08-11 23:00:00,3.719488308,6.350039629908691,3.561345121139026,5.257359054653787
series_1,2024-08-12 00:00:00,3.852690412,6.019142119048668,3.601259098737588,4.822966385230714
series_1,2024-08-12 01:00:00,3.656824264,5.413030559961531,3.3562915731186713,4.246905546311343
series_1,2024-08-12 02:00:00,3.5895670440000003,5.542708544760831,3.9461559111138307,3.8922322049623537
series_1,2024-08-12 03:00:00,3.472112972,5.850952505040129,4.648160535633545,3.5536247482273966
series_1,2024-08-12 04:00:00,3.937992252,5.986123527718169,4.574279264334479,3.8613008301582283
series_1,2024-08-12 05:00:00,3.790354452,5.706270590258072,4.1746028728646225,3.8902718289490563
series_1,2024-08-12 06:00:00,3.77788726,5.482088941826679,3.9019708706699388,3.850704155156773
series_1,2024-08-12 07:00:00,3.4770342320000003,5.294028553347333,3.7213230210449426,3.765434011730626
series_1,2024-08-12 08:00:00,3.657152348,4.768841554439214,3.804152719949212,2.8758080350832227
series_1,2024-08-12 09:00:00,3.346128716,4.571420263232199,4.194442787482344,1.817837431022724
series_1,2024-08-12 10:00:00,3.068241568,5.7894298286338195,5.298572144035202,2.3329447004010238
series_1,2024-08-12 11:00:00,3.05774288,6.267110289392633,6.0146974858421105,1.7607059757993682
series_1,2024-08-12 12:00:00,3.09055128,7.7880776410143575,7.7876187769313665,0.08454068638096934
series_1,2024-08-12 13:00:00,2.725065704,7.995141667356146,7.9766918552392845,0.5428418993166082
series_1,2024-08-12 14:00:00,3.154855744,8.355774079410912,8.312592036461725,0.8483950150185906
series_1,2024-08-12 15:00:00,3.4652232080000003,8.07803702855679,8.058125776985246,0.5668255437262529
series_1,2024-08-12 16:00:00,3.5295276720000004,8.373046182495512,8.118559959978525,2.048630408452479
series_1,2024-08-12 17:00:00,3.3382547,9.714398307032663,9.704890101790044,0.4297005699981399
series_1,2024-08-12 18:00:00,3.30380588,9.009066184243068,9.006960234985703,0.1947840790676495
series_1,2024-08-12 19:00:00,3.762139228,8.461162825955062,8.436836035853183,0.6411505840697579
series_1,2024-08-12 20:00:00,3.66469828,9.557259971622507,9.506386521185092,0.984801236295045
series_1,2024-08-12 21:00:00,3.645341324,8.288799666860445,7.974411139606629,2.2611870541517587
series_1,2024-08-12 22:00:00,3.517388564,7.735574070273089,7.2048433515526105,2.8159081086337894
series_1,2024-08-12 23:00:00,3.260498792,6.151189916415364,5.081759634979971,3.4659567798947344
series_1,2024-08-13 00:00:00,3.206693016,6.333673944697599,5.747625649751608,2.660869224155644
series_1,2024-08-13 01:00:00,3.383530292,6.7863576904698,5.916418527444215,3.324250669115287
series_1,2024-08-13 02:00:00,3.43503948,6.474049204397134,6.04962471399897,2.3055051335288868
series_1,2024-08-13 03:00:00,2.954068336,5.737261051073182,5.637445252988325,1.0655399512551191
series_1,2024-08-13 04:00:00,3.119750756,5.205317822623875,4.948889337458479,1.6136381131206368
series_1,2024-08-13 05:00:00,3.296259948,4.912258889212905,4.896305240133708,-0.39557855110001505
series_1,2024-08-13 06:00:00,3.002624768,5.744160345003417,5.5247617792620485,-1.5723820628317462
series_1,2024-08-13 07:00:00,2.753937096,6.084788210652164,5.621232664155539,-2.3294615051385574
series_1,2024-08-13 08:00:00,2.883202192,6.751569785713745,5.662273059904525,-3.6772759437445255
series_1,2024-08-13 09:00:00,2.98720482,7.195412412127802,5.7628350485120965,-4.308560314564881
series_1,2024-08-13 10:00:00,2.89698172,6.324422824543793,5.094664730741768,-3.747361117499404
series_1,2024-08-13 11:00:00,2.48359588,6.127367602910558,5.483636739777468,-2.7339279155384872
series_1,2024-08-13 12:00:00,2.38353026,6.545283441467306,5.6586660027520095,-3.2894124700992875
series_1,2024-08-13 13:00:00,2.552165436,6.447628139395688,5.846216316745499,-2.7191291623874325
series_1,2024-08-13 14:00:00,2.372375404,6.484548583882345,6.201416692404808,-1.8952048290075498
series_1,2024-08-13 15:00:00,2.658792736,6.7736142869710285,6.112646572060512,-2.918458907323336
series_1,2024-08-13 16:00:00,2.60170612,7.30987874673089,6.464875101313162,-3.4117029789137723
series_1,2024-08-13 17:00:00,2.499343912,6.905776546806838,6.460858380397534,-2.438659201871869
series_1,2024-08-13 18:00:00,2.703740244,5.995161292066643,5.994779067144305,0.06769678000205781
series_1,2024-08-13 19:00:00,2.837270432,6.937201335707418,6.921372480454953,-0.46836455773428876
series_1,2024-08-13 20:00:00,2.30971136,7.266901641196504,7.216033266016722,-0.8583259092934827
series_1,2024-08-13 21:00:00,2.46063,6.686010784833286,6.679814178576312,-0.2877894275297137
series_1,2024-08-13 22:00:00,2.664370164,7.083676578579591,6.7791152934416266,-2.0547675557451517
series_1,2024-08-13 23:00:00,2.633530268,5.038667504337375,5.009396201935517,-0.5423282320693303
series_1,2024-08-14 00:00:00,2.515091944,5.159676657849036,4.924787348247862,-1.5390688055087034
series_1,2024-08-14 01:00:00,2.605971212,5.892968065235089,5.236122255353826,-2.7037189840789573
series_1,2024-08-14 02:00:00,2.466207428,6.4343245296581335,5.711623997450749,-2.9627493084473233
series_1,2024-08-14 03:00:00,2.360892464,5.163474588960713,4.916030794632237,-1.5792754848570718
series_1,2024-08-14 04:00:00,2.479658872,4.791850602244523,4.505085179370449,-1.6328011884022886
series_1,2024-08-14 05:00:00,2.249343904,6.141117865616685,4.45586836536614,-4.225939629233447
series_1,2024-08-14 06:00:00,2.1459974440000003,5.862191609202521,4.680353650983109,-3.529813049544341
series_1,2024-08-14 07:00:00,1.891732344,4.705309004541686,1.422446798784018,-4.485150826098289
series_1,2024-08-14 08:00:00,1.860564364,4.71031975530855,1.4119293431770832,-4.493725372908933
series_1,2024-08-14 09:00:00,1.89304468,3.7171830059933773,0.775243757920884,-3.635443111348418
series_1,2024-08-14 10:00:00,1.957677228,4.908545510142389,1.629428897036736,-4.630203072721611
series_1,2024-08-14 11:00:00,1.805446252,4.378765237335562,1.1944724082490665,-4.212697552593829
series_1,2024-08-14 12:00:00,1.763123416,5.001910176856019,-1.175941906890328,-4.861714311737677
series_1,2024-08-14 13:00:00,1.7116142280000002,7.4966490979917495,-3.7986173101906653,-6.462991120923836
series_1,2024-08-14 14:00:00,1.627624724,6.937788486595652,-4.041631372109064,-5.638982615394641
series_1,2024-08-14 15:00:00,2.097441012,6.820318953251508,-3.863508611204061,-5.620502809823496
series_1,2024-08-14 16:00:00,2.352690364,6.159624694437832,-3.82016900902229,-4.831902846584771
series_1,2024-08-14 17:00:00,2.397965956,6.106250204748858,-3.109407974176129,-5.255271031367019
series_1,2024-08-14 18:00:00,2.5748032320000003,7.035326967562193,-3.6890743601844704,-5.990538866040131
series_1,2024-08-14 19:00:00,2.4593176640000003,6.285504293204586,-3.3553313006059406,-5.3150085684848465
series_1,2024-08-14 20:00:00,2.295931832,5.759387777685021,-2.6217323354774043,-5.128066607880576
series_1,2024-08-14 21:00:00,2.547900344,4.6131517542830665,-2.5315378968097417,-3.8564860929427764
series_1,2024-08-14 22:00:00,2.489829476,4.393266272488475,-3.336395829773533,-2.8581902330066415
series_1,2024-08-14 23:00:00,2.137795344,4.364197522928946,-3.811803599602601,-2.125176072045751
series_1,2024-08-15 00:00:00,1.861548616,3.9857252368230216,-3.615381785345705,-1.677802196219338
series_1,2024-08-15 01:00:00,1.774606356,2.767362064232682,-2.468050392186399,-1.2518067167828797
series_1,2024-08-15 02:00:00,1.683399004,2.408207894227719,-1.2455383554120747,-2.0610918143105823
series_1,2024-08-15 03:00:00,1.7470473,2.78601469361767,-0.12553347699660128,-2.783185085330601
series_1,2024-08-15 04:00:00,1.7942913960000002,3.0794473562251965,0.5230851822671603,-3.0346956868613506
series_1,2024-08-15 05:00:00,1.651246772,4.608176274555585,1.9674449651468204,-4.167067180463427
series_1,2024-08-15 06:00:00,1.525918684,5.944980167023582,1.8736806322164181,-5.641995221086315
series_1,2024-08-15 07:00:00,1.437664088,5.556853531427268,2.0887407438653445,-5.1493478494516705
series_1,2024-08-15 08:00:00,1.5600394199999998,5.1168708121251445,-3.99179946725734,-3.2012347494650024
series_1,2024-08-15 09:00:00,1.6443570079999998,4.96042000959823,-3.44590600456913,-3.568122542640165
series_1,2024-08-15 10:00:00,1.710301892,3.648398281681091,-2.3741411942198662,-2.7702461283578765
series_1,2024-08-15 11:00:00,1.625984304,4.746348894592582,-2.9282015650881927,-3.735433498727461
series_1,2024-08-15 12:00:00,1.622047296,3.517238744548187,-2.0606713632615987,-2.8503687338280446
series_1,2024-08-15 13:00:00,1.578412124,2.399459832348163,-0.49772570273585925,-2.3472700338666552
series_1,2024-08-15 14:00:00,1.800853076,2.9735980673486897,0.10026269923449926,-2.97190727602361
series_1,2024-08-15 15:00:00,1.616141784,2.8808646041335235,-0.8424973569400878,-2.7549190679398134
series_1,2024-08-15 16:00:00,1.631889816,2.905330418058675,-1.3827806600794792,-2.555163885978188
series_1,2024-08-15 17:00:00,1.459317632,2.681430313038503,-1.3587864231166678,-2.3116591401059923
series_1,2024-08-15 18:00:00,1.521653592,2.4981363226165962,-1.1191626993982209,-2.233418890099226
series_1,2024-08-15 19:00:00,1.635826824,2.9138807208117847,-1.3269497861438746,-2.5942060674070078
series_1,2024-08-15 20:00:00,1.445866188,1.8372105662080194,-0.719098667827184,-1.6906329496716785
series_1,2024-08-15 21:00:00,1.453084036,1.8293355009974475,-0.9164057549084911,-1.5832463066687321
series_1,2024-08-15 22:00:00,1.342847812,1.257784390452003,-0.15288403595287925,-1.2484582669899205
series_1,2024-08-15 23:00:00,1.474081412,1.661857949353039,0.9261006758064876,1.3798946996414816
series_1,2024-08-16 00:00:00,1.429461988,1.1891321167751359,0.810756725702896,0.8698900636710561
series_1,2024-08-16 01:00:00,1.4435696,1.5782747898809935,-1.0697370668294186,-1.1604369522835294
series_1,2024-08-16 02:00:00,1.406824192,2.0190363362607413,-0.7145651072065551,-1.8883602502446615
series_1,2024-08-16 03:00:00,1.44521002,1.6419512234052527,-0.6892920194469107,-1.4902618333597641
series_1,2024-08-16 04:00:00,1.511482988,1.9773003065184747,-1.3264536782475418,-1.46636869225363
series_1,2024-08-16 05:00:00,1.372703456,1.2543334892471032,-0.9130966637679744,0.8600040609570444
series_1,2024-08-16 06:00:00,1.328084032,1.6246483893165982,-1.5960761858870927,-0.3033532557153913
series_1,2024-08-16 07:00:00,1.593503988,1.6436543511888189,-1.392052730446193,-0.8739501254872821
series_1,2024-08-16 08:00:00,1.266732324,2.1029055180855587,0.9951339970057088,1.8525441819287694
series_1,2024-08-16 09:00:00,1.317585344,2.2103477087825483,0.9219923417124009,2.008872100344854
series_1,2024-08-16 10:00:00,1.374015792,0.9664354829398554,-0.8981632085802467,-0.35679180685383993
series_1,2024-08-16 11:00:00,1.324475108,2.541932787736431,0.9475138918033195,2.358736891263888
series_1,2024-08-16 12:00:00,1.406824192,2.094899287587882,-1.8500478630389208,-0.9828153079807709
series_1,2024-08-16 13:00:00,1.507217896,2.021963262385705,-1.826519807539606,-0.8672720606032016
series_1,2024-08-16 14:00:00,1.453740204,2.2350218127403467,-2.092071025934585,-0.7864866978342095
series_1,2024-08-16 15:00:00,2.526261285333012,2.0442645469475393,-1.9239875858169313,-0.6908612795120046
series_1,2024-08-16 16:00:00,1.503280888,2.264023710657738,-2.255053684467872,0.20133614327365018
series_1,2024-08-16 17:00:00,1.426837316,2.2806578695775848,-2.025106761467496,1.0489723174253927
series_1,2024-08-16 18:00:00,1.434055164,2.285351402334389,1.2340990317611436,1.9234943753382712
series_1,2024-08-16 19:00:00,1.6443570079999998,2.2303086167087005,2.230144500487348,0.02705610302897335
series_1,2024-08-16 20:00:00,1.680774332,1.0140877427636517,0.9050771262402131,-0.4573940812693532
series_1,2024-08-16 21:00:00,1.423228392,0.8897732490494332,0.6779372934326173,0.5762789783579148
series_1,2024-08-16 22:00:00,1.549868816,1.7319351323403085,-0.8758274455735022,1.4941638424934651
series_1,2024-08-16 23:00:00,1.595800576,1.8982233794937233,-0.6882330113767918,1.7690639673306912
series_1,2024-08-17 00:00:00,1.6158137,1.8692917173600554,0.89764518642077,1.6396599171433466
series_1,2024-08-17 01:00:00,1.7381890320000002,2.8488955058043395,1.1653354845557684,2.5996535945058787
series_1,2024-08-17 02:00:00,1.57316278,2.868975701891558,-1.1130719174455268,2.644256508858075
series_1,2024-08-17 03:00:00,1.966535496,3.799459571458756,-0.6135683602727748,3.7495902312681757
series_1,2024-08-17 04:00:00,1.7483596360000002,3.7378808870207716,-1.3664268970261833,3.4791710306678785
series_1,2024-08-17 05:00:00,1.778871448,2.8868076135769303,-0.3062841889762996,2.870513576590235
series_1,2024-08-17 06:00:00,1.858267776,0.9299691534839334,0.6552465566348084,0.6599201288412488
series_1,2024-08-17 07:00:00,1.81922578,0.7492330310031191,-0.7492171086533284,0.004884551900396869
series_1,2024-08-17 08:00:00,1.601706088,1.8965404316008574,-1.8898834471933705,-0.15876449452339608
series_1,2024-08-17 09:00:00,1.7972441519999998,2.474950656313066,-2.4218977554864876,0.5096979626739638
series_1,2024-08-17 10:00:00,1.959973816,2.464948181059543,-0.8586922037116796,2.3105447917306274
series_1,2024-08-17 11:00:00,2.042979068,3.6378462871450963,-1.3163235734271943,3.3913445503126374
series_1,2024-08-17 12:00:00,1.271981668,4.102596576406923,-2.5975516091541637,3.175535278740645
series_1,2024-08-17 13:00:00,2.5508531,4.860836756658538,-3.0700874545634496,3.768593503711274
series_1,2024-08-17 14:00:00,2.943241564,5.676431793922889,-2.9636597644193095,4.841342655898332
series_1,2024-08-17 15:00:00,3.3585959080000003,5.512319260226573,-2.6851696413419734,4.8140967609594485
series_1,2024-08-17 16:00:00,2.824147072,4.8575629340666975,-1.3371073222767322,4.669910241871102
series_1,2024-08-17 17:00:00,3.153215324,5.525202985767658,-2.2735970055771433,5.0357347716263305
series_1,2024-08-17 18:00:00,3.77788726,5.562161065729052,-2.284622859631487,5.071304971145138
series_1,2024-08-17 19:00:00,3.24967202,5.396965592669071,-1.5800091316744966,5.160504699375733
series_1,2024-08-17 20:00:00,3.252624776,5.927439290152785,-1.3625312546695727,5.7687126049488295
series_1,2024-08-17 21:00:00,4.198162864,5.25801684303905,0.1011920534453814,5.25704301770509
series_1,2024-08-17 22:00:00,4.43077442,6.457281958526813,-0.6312996221172338,6.426348191549421
series_1,2024-08-17 23:00:00,4.424540824,5.703497792537551,-0.44705669143634147,5.685949998383974
series_1,2024-08-18 00:00:00,4.2506563040000005,5.230803366279696,-3.8626896470184295,3.527170615025539
series_1,2024-08-18 01:00:00,4.205708796,6.971340114056991,-4.4091314578916405,5.399920626536142
series_1,2024-08-18 02:00:00,4.50787416,8.594302068001268,-6.311259286598542,5.833526742321022
series_1,2024-08-18 03:00:00,5.836942444,8.174330634315567,-6.380727742546971,5.109402586858995
series_1,2024-08-18 04:00:00,5.601050048,6.73375142394686,-5.767959703017388,3.4747732449577087
series_1,2024-08-18 05:00:00,4.78674556,6.324902999229426,-4.88526395245014,4.017286903440259
series_1,2024-08-18 06:00:00,4.129921392,6.5258004371575575,-5.013859142449195,4.176995073648567
series_1,2024-08-18 07:00:00,4.78510514,5.173732308439809,-4.407118587425931,2.710131317069116
series_1,2024-08-18 08:00:00,4.335301975999999,5.976307261505713,-5.44037983200592,2.473563374451756
series_1,2024-08-18 09:00:00,4.1112206040000006,6.721607753201731,-5.268680534431196,4.173849088552127
series_1,2024-08-18 10:00:00,3.637467308,6.301044937339708,-4.412256982994941,4.4983503218832075
series_1,2024-08-18 11:00:00,3.956036872,5.097712662940461,-3.6812685769765285,3.526320470131541
series_1,2024-08-18 12:00:00,4.317913524,5.737765770704923,-4.848790389837364,3.0677659289609895
series_1,2024-08-18 13:00:00,4.357283604,6.15171770049485,-5.377830295576562,2.9870674546385056
series_1,2024-08-18 14:00:00,5.158464732,5.148447852861179,-4.155473258200098,3.0394995137381975
series_1,2024-08-18 15:00:00,5.29363534,6.0231656500412205,-4.592583875735373,3.8970113923585
series_1,2024-08-18 16:00:00,5.216863684,6.019343995999466,-4.5471749128280425,3.9440718115067464
series_1,2024-08-18 17:00:00,4.899606456,6.714843713693953,-5.402260336777253,3.9880708811427255
series_1,2024-08-18 18:00:00,4.6351707520000005,7.852730866757447,-6.546891851897971,4.3363105452996695
series_1,2024-08-18 19:00:00,4.678149756,7.533562832536116,-6.166440569795131,4.32776843776955
series_1,2024-08-18 20:00:00,5.461614348,7.6175976707134305,-6.681185573569943,3.659173896438861
series_1,2024-08-18 21:00:00,4.853018528,7.416525226808528,-6.058280588559224,4.278093354541692
series_1,2024-08-18 22:00:00,4.532152376,6.995851864175724,-6.006667443905414,3.5863476579687243
series_1,2024-08-18 23:00:00,5.292323004,6.52862670481023,-4.78085038778865,4.445946043345825
series_1,2024-08-19 00:00:00,5.572178655999999,8.288532555088626,-6.186725285419612,5.515813825675555
series_1,2024-08-19 01:00:00,5.5731629080000005,7.962551342012875,-6.209435347175968,4.984489597083407
series_1,2024-08-19 02:00:00,5.145013288,6.8824530790311895,-4.6883764550802915,5.038579819801872
series_1,2024-08-19 03:00:00,6.730315176,6.202274467403781,-4.731970287494878,4.009571768565128
series_1,2024-08-19 04:00:00,7.164042224000001,5.618905210306483,-4.651026283149776,3.152784527343936
series_1,2024-08-19 05:00:00,7.915682668,6.3330201941761475,-5.15617852114925,3.6770868684166302
series_1,2024-08-19 06:00:00,7.385827008,4.621955063743833,-3.909211195428113,2.4658743765258526
series_1,2024-08-19 07:00:00,7.550197091999999,2.7503459106438433,-2.4770631289915372,1.1952241978750127
series_1,2024-08-19 08:00:00,8.124672175999999,2.7223529461082974,-2.6294527166760657,0.705112738467675
series_1,2024-08-19 09:00:00,7.069225948000001,3.682439637620205,-3.5352988581043414,1.0305453258360675
series_1,2024-08-19 10:00:00,7.200787632,3.3013653665088465,-3.076701662349265,1.1970464335527495
series_1,2024-08-19 11:00:00,5.96128628,2.5561182397920628,-1.6274308993027733,1.9710933828188457
series_1,2024-08-19 12:00:00,6.518044828,2.342778460821714,-1.1569472795642877,2.037175473246955
series_1,2024-08-19 13:00:00,6.7831367,2.4818209153921202,-2.2889099670463073,0.9593363429130861
series_1,2024-08-19 14:00:00,7.763779776,3.04148096165112,-2.572412821945774,1.6227441922789927
series_1,2024-08-19 15:00:00,9.01902916,2.6066605705292076,-0.3119453704538488,2.5879276295530493
series_1,2024-08-19 16:00:00,8.89763808,4.029159780603091,-1.1505942966759055,3.861380750727184
series_1,2024-08-19 17:00:00,8.931430732,4.422153267555935,-2.207823008503271,3.8315737086579977
series_1,2024-08-19 18:00:00,9.7933074,4.607732036435996,-1.845149246432901,4.222158071174824
series_1,2024-08-19 19:00:00,8.517388724,3.8205048776329864,-1.0382289136443064,3.676729286049002
series_1,2024-08-19 20:00:00,7.585630164,7.035914834587161,0.15575523841117997,7.034190633276237
series_1,2024-08-19 21:00:00,7.079724636000001,8.01758016535048,-1.3819270718637158,7.89758629429724
series_1,2024-08-19 22:00:00,6.188976576,6.361822894422125,-2.402693061653285,5.890658417484133
series_1,2024-08-19 23:00:00,6.014107804,6.916088289831764,-2.333334297877719,6.510593543379555
series_1,2024-08-20 00:00:00,5.011811184,7.372487926082184,-0.3134684850161814,7.365820777695398
series_1,2024-08-20 01:00:00,5.125984416,7.209471123854051,1.9989850919078767,6.926798141133856
series_1,2024-08-20 02:00:00,6.20406844,5.9737381180150075,1.943195603553677,5.64885279937043
series_1,2024-08-20 03:00:00,6.06463274,6.9059862715117495,1.3543608947212817,6.771879572848186
series_1,2024-08-20 04:00:00,6.261811224000001,7.129979957843674,1.6724811548514342,6.931047610997871
series_1,2024-08-20 05:00:00,6.013123552,6.767908363159376,2.8386936959890057,6.143810032258069
series_1,2024-08-20 06:00:00,6.110892584,7.518696775103484,3.148485165318511,6.827726002097682
series_1,2024-08-20 07:00:00,5.52985582,6.414474140287333,2.991538989827456,5.674167160804927
series_1,2024-08-20 08:00:00,4.877296744,6.035475389095068,3.7477318394252643,4.730905751769991
series_1,2024-08-20 09:00:00,4.733267868,6.035882470602604,3.05122496025313,5.207869376324264
series_1,2024-08-20 10:00:00,4.385826912,5.458148432937956,2.543799852467469,4.829126901062919
series_1,2024-08-20 11:00:00,4.090551312,5.3243667573013544,2.5461360086002207,4.676117277396395
series_1,2024-08-20 12:00:00,3.721784896,5.1251430810061045,1.3159865790179208,4.953309088339779
series_1,2024-08-20 13:00:00,3.854330832,6.277626382126742,1.005932954802514,6.1965064257221565
series_1,2024-08-20 14:00:00,4.057086743999999,6.451693167698183,5.565067281745946,3.2641033806796322
series_1,2024-08-20 15:00:00,3.933399076,6.8411979215031264,4.871417107494102,4.803257682655856
series_1,2024-08-20 16:00:00,3.94192926,6.4803222364949455,4.133916204537034,4.990522327640361
series_1,2024-08-20 17:00:00,4.375328224,6.172025261279371,4.538786354516546,4.182500956834929
series_1,2024-08-20 18:00:00,4.095800656,5.409535124820643,4.487753829501802,3.020452918431306
series_1,2024-08-20 19:00:00,3.886483064,5.063779890854857,3.813389854662062,-3.3316549340210013
series_1,2024-08-20 20:00:00,4.093832152,4.068156234445101,3.9127739641008867,-1.113595552123288
series_1,2024-08-20 21:00:00,3.892716660000001,5.885282917759385,5.552639662258722,-1.9505762746382858
series_1,2024-08-20 22:00:00,3.776574924,6.640082674441116,6.491534222443576,-1.396667949892515
series_1,2024-08-20 23:00:00,3.8057744,7.2989444280220965,7.07844092501921,-1.780523472007039
series_1,2024-08-21 00:00:00,3.97309724,7.643568040161589,7.543487395444074,-1.2328545329259502
series_1,2024-08-21 01:00:00,4.346456832,7.228705235075736,7.22670251825605,0.17014725458560376
series_1,2024-08-21 02:00:00,4.000000128,6.42989573803243,6.4158522873008845,-0.4247335982749833
series_1,2024-08-21 03:00:00,3.96489514,5.5500790943593685,5.542314434968909,0.2934768433457184
series_1,2024-08-21 04:00:00,3.972112988,5.202215842541361,5.177232809835478,-0.509225004444365
series_1,2024-08-21 05:00:00,4.215223232,3.4427678333102176,3.4001340966591274,-0.5401282059025907
series_1,2024-08-21 06:00:00,4.42257232,3.958522727929434,3.9362639284410292,-0.4191998010351157
series_1,2024-08-21 07:00:00,4.439632688,2.1420430716727994,1.947525514752624,-0.8919040813276771
series_1,2024-08-21 08:00:00,4.388779668,2.163585370224255,1.7453250220810206,1.2786485918915769
series_1,2024-08-21 09:00:00,4.944225879999999,2.8086182880050257,1.9634704035409758,2.008263095845492
series_1,2024-08-21 10:00:00,4.467847912,2.918658270095411,2.0277213856159846,2.0992646521846474
series_1,2024-08-21 11:00:00,4.369750796,3.7054081923250792,2.6172381000990312,2.6229972548860636
series_1,2024-08-21 12:00:00,4.030183856,4.8198301759582725,3.919760848870908,2.804681410202729
series_1,2024-08-21 13:00:00,3.60400274,5.310477137467807,4.348387213174104,3.048392374985907
series_1,2024-08-21 14:00:00,3.869094612,5.506731943804181,5.019114864138146,2.26552039970972
series_1,2024-08-21 15:00:00,3.4530841,5.387099578786284,3.6737162636584215,3.940133333516896
series_1,2024-08-21 16:00:00,3.401574912,6.237190373338849,4.89599543510059,3.8641651689265295
series_1,2024-08-21 17:00:00,3.329396432,6.226837712926508,4.788026930910708,3.98099309368876
series_1,2024-08-21 18:00:00,3.235892492,5.735668429407889,4.200550388334646,3.905543338278045
series_1,2024-08-21 19:00:00,3.109908236,5.297142200654632,4.25946003155707,3.14908172861932
series_1,2024-08-21 20:00:00,3.29396336,4.349007904045456,3.5933778892748314,2.4497969496104375
series_1,2024-08-21 21:00:00,2.882874108,5.706759410924193,4.028196516019634,4.0423675986356224
series_1,2024-08-21 22:00:00,3.68766416,5.476867333794305,4.099894444443184,3.631382840793167
series_1,2024-08-21 23:00:00,3.512795388,6.171322905658917,4.561179883855092,4.157025916809524
series_1,2024-08-22 00:00:00,3.406496172,7.539863451832086,6.403252387455034,3.9809420662482227
series_1,2024-08-22 01:00:00,3.641076232,7.358304956910083,6.124834907781706,4.078118339541677
series_1,2024-08-22 02:00:00,3.8959975,7.508214972614694,6.553983946338063,3.6631388870937496
series_1,2024-08-22 03:00:00,3.824147104,7.934231403734881,6.302818944169564,4.819388065411421
series_1,2024-08-22 04:00:00,3.816273088,7.3254284121765005,4.6968537554031276,5.621518142128358
series_1,2024-08-22 05:00:00,3.788714032,7.867493130157875,5.193400282838643,5.909825856596187
series_1,2024-08-22 06:00:00,3.585301952,7.11725007498015,3.9526168790021075,5.918789440217703
series_1,2024-08-22 07:00:00,3.775590672,6.92630464774391,3.6575777792389825,5.8818212198413615
series_1,2024-08-22 08:00:00,3.57283476,6.655136537799823,3.4198275907650584,5.709257533707888
series_1,2024-08-22 09:00:00,3.327427928,5.563124901906843,2.914285857081108,4.738701997111979
series_1,2024-08-22 10:00:00,3.2972442,5.352403108595298,4.000190830152239,3.556218828934258
series_1,2024-08-22 11:00:00,3.322834752,5.455307077486626,3.8887779665910474,3.8259353413553234
series_1,2024-08-22 12:00:00,3.1604331720000003,6.672139359838678,3.1676713099596636,5.872248471341017
series_1,2024-08-22 13:00:00,3.199475168,6.70238336980058,2.662916408884431,6.150676307128625
series_1,2024-08-22 14:00:00,3.3697507639999995,7.304924691203666,4.0229577766453835,6.097354792980757
series_1,2024-08-22 15:00:00,3.058070964,6.71121584708474,3.3428735257735402,5.819417044416367
series_1,2024-08-22 16:00:00,2.941601144,6.858672527617016,4.128292576599603,5.477096789639654
series_1,2024-08-22 17:00:00,3.273950236,6.0973233967043114,4.595780061208876,4.007013630247937
series_1,2024-08-22 18:00:00,3.215551284,4.445902324823924,3.856837726281951,2.211526675173292
series_1,2024-08-22 19:00:00,2.8228347360000003,3.7718835460042692,2.9936416029041193,2.2946057260408366
series_1,2024-08-22 20:00:00,2.651246804,3.3239833011804576,2.902931597039405,1.6192137380336113
series_1,2024-08-22 21:00:00,2.361220548,5.137303768258685,4.2823439482397685,2.8378548793655956
series_1,2024-08-22 22:00:00,2.509514516,5.626693211548572,5.14086195843065,2.2871849119053236
series_1,2024-08-22 23:00:00,2.7404856520000003,6.4857823523073135,5.751543951536144,2.9975181225555563
series_1,2024-08-23 00:00:00,2.497047324,6.435751196127847,5.501276918014466,3.3398870833880405
series_1,2024-08-23 01:00:00,2.584645752,6.505861751159985,5.318167545622867,3.7474432726713984
series_1,2024-08-23 02:00:00,2.69685048,6.99300889755455,5.3099885017268615,4.550406086582344
series_1,2024-08-23 03:00:00,2.605315044,7.064923485338157,4.3706088390968105,5.550758707536428
series_1,2024-08-23 04:00:00,2.744750744,6.891227541541196,4.133237467023919,5.514106008274197
series_1,2024-08-23 05:00:00,2.712598512,7.0262799710089165,5.506805737443475,4.363908890096204
series_1,2024-08-23 06:00:00,2.899606392,5.926944388586155,5.2975284523814645,2.6579808279221577
series_1,2024-08-23 07:00:00,2.781168068,7.031931349925986,6.494887457380829,-2.695272792507113
series_1,2024-08-23 08:00:00,2.621719244,7.885446614464114,6.789839624456864,-4.0097813137026606
series_1,2024-08-23 09:00:00,2.799540772,8.69670936918412,7.323338674504754,-4.690571874575402
series_1,2024-08-23 10:00:00,3.188320312,7.9850550482740354,6.921402742764324,-3.9818699371552997
series_1,2024-08-23 11:00:00,3.4297901360000003,6.525307496874128,5.8327950416008605,-2.9254298712220264
series_1,2024-08-23 12:00:00,3.291010604,6.3849489255510585,5.9245654712462485,-2.3805664785534417
series_1,2024-08-23 13:00:00,3.26115496,7.151469082916041,6.865231815452954,-2.0030232559799557
series_1,2024-08-23 14:00:00,3.342519792,6.1012978774825015,6.069639641840261,-0.6207337657753906
series_1,2024-08-23 15:00:00,3.187664144,6.449912644127091,6.250738944207918,-1.5904828726625748
series_1,2024-08-23 16:00:00,3.09875338,7.427952252884035,7.169997615628067,-1.940517679129164
series_1,2024-08-23 17:00:00,3.010826868,7.477807867204106,7.09677523354487,-2.3565635538562892
series_1,2024-08-23 18:00:00,3.123687764,7.720082887287322,7.605719195562725,-1.3239015465038386
series_1,2024-08-23 19:00:00,2.835958096,7.066991813452247,6.860653730275179,-1.6952296849283732
series_1,2024-08-23 20:00:00,2.925196944,6.132213363119743,6.014906983407181,1.1937062920936117
series_1,2024-08-23 21:00:00,2.641404284,5.041760794958523,4.813943872316166,1.4984312822984012
series_1,2024-08-23 22:00:00,2.324147056,6.22227984787999,5.628955427259246,2.6517215734805393
series_1,2024-08-23 23:00:00,2.302821596,5.800977750231368,4.967046810977095,2.996629579417792
series_1,2024-08-24 00:00:00,2.15223104,4.750484869059048,4.338535100370724,1.9349986237747432
series_1,2024-08-24 01:00:00,2.27034128,4.747661924069029,3.7291399731026855,2.9383343591672033
series_1,2024-08-24 02:00:00,2.020013188,4.491838652315161,3.787426311786139,2.414956813531565
